{"loss": [0.046039801090955734, 0.03625953570008278, 0.03508547320961952, 0.034675631672143936], "mae": [0.046039801090955734, 0.03625953570008278, 0.03508547320961952, 0.034675631672143936], "mape": [2393.15185546875, 2175.097900390625, 2155.60693359375, 2163.603271484375], "val_loss": [0.04124979302287102, 0.03639601543545723, 0.037564925849437714, 0.03729439526796341], "val_mae": [0.04124979302287102, 0.03639601543545723, 0.037564925849437714, 0.03729439526796341], "val_mape": [18.45787239074707, 15.702261924743652, 16.144094467163086, 16.137950897216797]}