electricity_pricing,electricity_pricing_predicted_1,electricity_pricing_predicted_2,electricity_pricing_predicted_3,outdoor_dry_bulb_temperature,outdoor_relative_humidity,diffuse_solar_irradiance,direct_solar_irradiance,carbon_intensity,month,hour,day_type,daylight_savings_status,indoor_dry_bulb_temperature,average_unmet_cooling_setpoint_difference,indoor_relative_humidity,non_shiftable_load,dhw_demand,cooling_demand,heating_demand,solar_generation
0.22,0.22,0.22,0.22,20.0,84.0,0.0,0.0,0.1707244,7,24,7,0,,,,2.18875,0.0,0.0,0.0,0.0
0.22,0.22,0.22,0.22,20.1,79.0,0.0,0.0,0.15731905,8,1,1,0,,,,1.3706666,0.0,0.0,0.0,0.0
0.22,0.22,0.22,0.22,19.7,78.0,0.0,0.0,0.15450256,8,2,1,0,,,,1.10125,0.0,0.0,0.0,0.0
0.22,0.22,0.22,0.22,19.3,78.0,0.0,0.0,0.15094487,8,3,1,0,,,,0.54321665,0.0,0.0,0.0,0.0
0.22,0.22,0.54,0.22,18.9,78.0,0.0,0.0,0.15181987,8,4,1,0,,,,0.5428333,0.0,0.0,0.0,0.0
0.22,0.22,0.54,0.22,18.3,81.0,0.0,0.0,0.15808822,8,5,1,0,,,,1.5124333,0.0,0.0,0.0,0.0
0.22,0.22,0.54,0.22,18.3,81.0,25.0,100.0,0.16193937,8,6,1,0,,,,0.34868333,0.0,0.0,0.0,5.608333
0.22,0.22,0.54,0.22,19.4,79.0,201.0,444.0,0.16434596,8,7,1,0,,,,0.67861664,0.0,0.0,0.0,29.5
0.22,0.22,0.54,0.22,21.1,73.0,420.0,592.0,0.19099815,8,8,1,0,,,,1.5065,0.0,0.0,0.0,96.754166
0.22,0.22,0.22,0.22,22.2,71.0,554.0,491.0,0.20289886,8,9,1,0,,,,1.6521167,0.0,0.0,0.0,225.45416
0.22,0.54,0.22,0.22,21.7,73.0,778.0,734.0,0.21287169,8,10,1,0,,,,2.7347834,0.0,0.0,0.0,366.8
0.22,0.54,0.22,0.22,22.2,71.0,903.0,811.0,0.22570992,8,11,1,0,,,,2.9716666,0.0,0.0,0.0,491.59583
0.22,0.54,0.22,0.22,22.8,68.0,964.0,815.0,0.23460789,8,12,1,0,,,,3.526,0.0,0.0,0.0,578.87085
0.22,0.54,0.22,0.22,22.8,71.0,966.0,747.0,0.2428607,8,13,1,0,,,,3.8720334,0.0,0.0,0.0,624.8458
0.22,0.54,0.22,0.22,22.2,73.0,683.0,291.0,0.24223925,8,14,1,0,,,,3.4493666,0.0,0.0,0.0,631.1875
0.22,0.22,0.22,0.22,22.8,71.0,522.0,153.0,0.2426803,8,15,1,0,,,,3.3364167,0.0,0.0,0.0,600.2708
0.54,0.22,0.22,0.54,22.2,71.0,444.0,174.0,0.24524967,8,16,1,0,,,,2.2620666,0.0,0.0,0.0,514.5125
0.54,0.22,0.22,0.54,21.1,76.0,392.0,396.0,0.24614695,8,17,1,0,,,,0.9674501,0.0,0.0,0.0,384.975
0.54,0.22,0.22,0.54,20.6,78.0,231.0,320.0,0.24275939,8,18,1,0,,,,0.16195008,0.0,0.0,0.0,210.17084
0.54,0.22,0.22,0.54,20.6,73.0,27.0,143.0,0.24150947,8,19,1,0,,,,0.0059500607,0.0,0.0,0.0,18.841667
0.54,0.22,0.22,0.54,20.0,76.0,0.0,0.0,0.24358909,8,20,1,0,,,,0.35833338,0.0,0.0,0.0,0.0
0.22,0.22,0.22,0.22,20.6,70.0,0.0,0.0,0.2407392,8,21,1,0,,,,1.5845,0.0,0.0,0.0,0.0
0.22,0.22,0.22,0.22,20.6,73.0,0.0,0.0,0.22927038,8,22,1,0,,,,2.5612333,0.0,0.0,0.0,0.0
0.22,0.22,0.22,0.22,19.4,81.0,0.0,0.0,0.21529473,8,23,1,0,,,,1.4342,0.0,0.0,0.0,0.0
0.22,0.22,0.22,0.22,20.0,81.0,0.0,0.0,0.19157887,8,24,1,0,,,,4.132075,0.0,0.0,0.0,0.0
0.22,0.22,0.22,0.22,19.4,87.0,0.0,0.0,0.17271361,8,1,2,0,,,,2.9009166,0.0,0.0,0.0,0.0
0.22,0.22,0.22,0.22,19.4,87.0,0.0,0.0,0.1668173,8,2,2,0,,,,2.2597833,0.0,0.0,0.0,0.0
0.22,0.22,0.22,0.22,19.4,90.0,0.0,0.0,0.16352855,8,3,2,0,,,,1.4480667,0.0,0.0,0.0,0.0
0.22,0.22,0.54,0.22,18.9,90.0,0.0,0.0,0.16253123,8,4,2,0,,,,1.1343666,0.0,0.0,0.0,0.0
0.22,0.22,0.54,0.22,18.3,93.0,0.0,0.0,0.16735874,8,5,2,0,,,,0.35226667,0.0,0.0,0.0,0.0
0.22,0.22,0.54,0.22,18.9,90.0,15.0,14.0,0.1707615,8,6,2,0,,,,0.34945,0.0,0.0,0.0,5.7625
0.22,0.22,0.54,0.22,20.0,87.0,116.0,42.0,0.18388951,8,7,2,0,,,,1.7421,0.0,0.0,0.0,29.445833
0.22,0.22,0.54,0.22,20.0,87.0,252.0,74.0,0.19780493,8,8,2,0,,,,0.60545,0.0,0.0,0.0,94.69583
0.22,0.22,0.22,0.22,20.0,84.0,292.0,35.0,0.21082877,8,9,2,0,,,,2.4703333,0.0,0.0,0.0,221.7
0.22,0.54,0.22,0.22,21.7,76.0,436.0,95.0,0.22337624,8,10,2,0,,,,1.9930333,0.0,0.0,0.0,358.94583
0.22,0.54,0.22,0.22,21.7,73.0,604.0,209.0,0.23930867,8,11,2,0,,,,3.3299167,0.0,0.0,0.0,480.34583
0.22,0.54,0.22,0.22,22.2,71.0,589.0,144.0,0.24476917,8,12,2,0,,,,1.87625,0.0,0.0,0.0,569.8333
0.22,0.54,0.22,0.22,21.0,78.0,554.0,133.0,0.24356763,8,13,2,0,,,,1.30285,0.0,0.0,0.0,613.0333
0.22,0.54,0.22,0.22,21.0,78.0,907.0,685.0,0.24330084,8,14,2,0,,,,1.2250501,0.0,0.0,0.0,619.8375
0.22,0.22,0.22,0.22,22.8,68.0,789.0,777.0,0.24916068,8,15,2,0,,,,3.2147334,0.0,0.0,0.0,584.30835
0.54,0.22,0.22,0.54,22.8,67.0,631.0,703.0,0.25086278,8,16,2,0,,,,2.4969168,0.0,0.0,0.0,508.32916
0.54,0.22,0.22,0.54,22.2,68.0,443.0,585.0,0.2472611,8,17,2,0,,,,0.869,0.0,0.0,0.0,386.25833
0.54,0.22,0.22,0.54,23.3,79.0,245.0,337.0,0.23651384,8,18,2,0,,,,0.30870003,0.0,0.0,0.0,215.46666
0.54,0.22,0.22,0.54,22.8,68.0,27.0,147.0,0.2257806,8,19,2,0,,,,1.3966833,0.0,0.0,0.0,20.479166
0.54,0.22,0.22,0.54,22.8,61.0,0.0,0.0,0.22176008,8,20,2,0,,,,9.918213e-08,0.0,0.0,0.0,0.0
0.22,0.22,0.22,0.22,20.0,84.0,0.0,0.0,0.21804756,8,21,2,0,,,,9.7529096e-08,0.0,0.0,0.0,0.0
0.22,0.22,0.22,0.22,20.6,78.0,0.0,0.0,0.20633468,8,22,2,0,,,,9.918213e-08,0.0,0.0,0.0,0.0
0.22,0.22,0.22,0.22,20.6,78.0,0.0,0.0,0.19263186,8,23,2,0,,,,9.918213e-08,0.0,0.0,0.0,0.0
0.22,0.22,0.22,0.22,19.4,79.0,0.0,0.0,0.17944553,8,24,2,0,,,,9.918213e-08,0.0,0.0,0.0,0.0
0.22,0.22,0.22,0.22,20.0,78.0,0.0,0.0,0.16495918,8,1,3,0,,,,9.918213e-08,0.0,0.0,0.0,0.0
0.22,0.22,0.22,0.22,19.4,84.0,0.0,0.0,0.15730144,8,2,3,0,,,,9.918213e-08,0.0,0.0,0.0,0.0
0.22,0.22,0.22,0.22,19.4,84.0,0.0,0.0,0.15902838,8,3,3,0,,,,9.918213e-08,0.0,0.0,0.0,0.0
0.22,0.22,0.54,0.22,19.4,84.0,0.0,0.0,0.15689933,8,4,3,0,,,,9.918213e-08,0.0,0.0,0.0,0.0
0.22,0.22,0.54,0.22,18.9,87.0,0.0,0.0,0.15738352,8,5,3,0,,,,9.918213e-08,0.0,0.0,0.0,0.0
0.22,0.22,0.54,0.22,19.4,84.0,27.0,144.0,0.16790247,8,6,3,0,,,,9.969076e-08,0.0,0.0,0.0,6.5125
0.22,0.22,0.54,0.22,21.1,76.0,192.0,395.0,0.17872274,8,7,3,0,,,,0.015183425,0.0,0.0,0.0,33.029167
0.22,0.22,0.54,0.22,22.8,66.0,404.0,609.0,0.20311522,8,8,3,0,,,,0.31670004,0.0,0.0,0.0,95.0125
0.22,0.22,0.22,0.22,24.4,64.0,611.0,730.0,0.21381462,8,9,3,0,,,,1.3032666,0.0,0.0,0.0,211.79584
0.22,0.54,0.22,0.22,23.9,66.0,778.0,793.0,0.21551497,8,10,3,0,,,,2.5682666,0.0,0.0,0.0,340.425
0.22,0.54,0.22,0.22,25.0,62.0,897.0,811.0,0.2312306,8,11,3,0,,,,1.1945833,0.0,0.0,0.0,497.02084
0.22,0.54,0.22,0.22,25.0,58.0,958.0,815.0,0.24023743,8,12,3,0,,,,1.3531,0.0,0.0,0.0,582.4625
0.22,0.54,0.22,0.22,25.0,58.0,960.0,819.0,0.24554762,8,13,3,0,,,,3.0735,0.0,0.0,0.0,629.625
0.22,0.54,0.22,0.22,24.4,58.0,901.0,812.0,0.24369626,8,14,3,0,,,,2.9029,0.0,0.0,0.0,638.3333
0.22,0.22,0.22,0.22,25.0,56.0,790.0,771.0,0.24565277,8,15,3,0,,,,3.8458834,0.0,0.0,0.0,603.0125
0.54,0.22,0.22,0.54,23.9,64.0,632.0,604.0,0.24907608,8,16,3,0,,,,3.2118,0.0,0.0,0.0,520.8875
0.54,0.22,0.22,0.54,23.3,64.0,362.0,293.0,0.24751402,8,17,3,0,,,,1.9543167,0.0,0.0,0.0,394.57083
0.54,0.22,0.22,0.54,22.8,64.0,124.0,31.0,0.24996853,8,18,3,0,,,,0.23120005,0.0,0.0,0.0,216.3875
0.54,0.22,0.22,0.54,22.2,68.0,13.0,13.0,0.251276,8,19,3,0,,,,9.880066e-08,0.0,0.0,0.0,18.829166
0.54,0.22,0.22,0.54,21.1,78.0,0.0,0.0,0.24560243,8,20,3,0,,,,9.918213e-08,0.0,0.0,0.0,0.0
0.22,0.22,0.22,0.22,20.6,78.0,0.0,0.0,0.23783484,8,21,3,0,,,,9.918213e-08,0.0,0.0,0.0,0.0
0.22,0.22,0.22,0.22,20.6,73.0,0.0,0.0,0.21481025,8,22,3,0,,,,9.918213e-08,0.0,0.0,0.0,0.0
0.22,0.22,0.22,0.22,20.0,76.0,0.0,0.0,0.1966851,8,23,3,0,,,,9.918213e-08,0.0,0.0,0.0,0.0
0.22,0.22,0.22,0.22,18.9,84.0,0.0,0.0,0.175584,8,24,3,0,,,,9.918213e-08,0.0,0.0,0.0,0.0
0.22,0.22,0.22,0.22,19.4,81.0,0.0,0.0,0.17025222,8,1,4,0,,,,9.918213e-08,0.0,0.0,0.0,0.0
0.22,0.22,0.22,0.22,20.0,81.0,0.0,0.0,0.15808403,8,2,4,0,,,,9.918213e-08,0.0,0.0,0.0,0.0
0.22,0.22,0.22,0.22,19.4,84.0,0.0,0.0,0.15693438,8,3,4,0,,,,9.918213e-08,0.0,0.0,0.0,0.0
0.22,0.22,0.54,0.22,18.9,87.0,0.0,0.0,0.1608465,8,4,4,0,,,,9.921392e-08,0.0,0.0,0.0,0.0
0.22,0.22,0.54,0.22,18.9,87.0,0.0,0.0,0.16770287,8,5,4,0,,,,0.16690005,0.0,0.0,0.0,0.0
0.22,0.22,0.54,0.22,18.9,87.0,13.0,7.0,0.16900943,8,6,4,0,,,,0.37108332,0.0,0.0,0.0,3.8166666
0.22,0.22,0.54,0.22,20.0,81.0,80.0,5.0,0.1827239,8,7,4,0,,,,0.41593334,0.0,0.0,0.0,33.879166
0.22,0.22,0.54,0.22,21.1,76.0,418.0,512.0,0.2001486,8,8,4,0,,,,0.48873332,0.0,0.0,0.0,93.92083
0.22,0.22,0.22,0.22,23.9,64.0,616.0,736.0,0.20599447,8,9,4,0,,,,1.0086334,0.0,0.0,0.0,221.9875
0.22,0.54,0.22,0.22,25.6,60.0,778.0,793.0,0.2118524,8,10,4,0,,,,1.2675667,0.0,0.0,0.0,364.21667
0.22,0.54,0.22,0.22,23.3,71.0,897.0,739.0,0.2260207,8,11,4,0,,,,0.44953334,0.0,0.0,0.0,482.71667
0.22,0.54,0.22,0.22,22.2,71.0,720.0,276.0,0.22795987,8,12,4,0,,,,1.8291667,0.0,0.0,0.0,570.9792
0.22,0.54,0.22,0.22,22.2,71.0,474.0,66.0,0.2254461,8,13,4,0,,,,2.4162333,0.0,0.0,0.0,622.7167
0.22,0.54,0.22,0.22,22.2,73.0,441.0,30.0,0.22483824,8,14,4,0,,,,2.9166167,0.0,0.0,0.0,635.5833
0.22,0.22,0.22,0.22,21.7,76.0,328.0,18.0,0.23203483,8,15,4,0,,,,2.75435,0.0,0.0,0.0,604.79584
0.54,0.22,0.22,0.54,20.6,81.0,446.0,206.0,0.2323185,8,16,4,0,,,,2.775,0.0,0.0,0.0,516.6875
0.54,0.22,0.22,0.54,20.0,81.0,437.0,482.0,0.234056,8,17,4,0,,,,2.59095,0.0,0.0,0.0,382.3375
0.54,0.22,0.22,0.54,20.0,78.0,239.0,325.0,0.23350044,8,18,4,0,,,,2.4160333,0.0,0.0,0.0,202.85417
0.54,0.22,0.22,0.54,19.4,81.0,23.0,135.0,0.22279812,8,19,4,0,,,,2.2407832,0.0,0.0,0.0,16.154167
0.54,0.22,0.22,0.54,19.4,79.0,0.0,0.0,0.2189764,8,20,4,0,,,,2.1395333,0.0,0.0,0.0,0.0
0.22,0.22,0.22,0.22,19.4,84.0,0.0,0.0,0.21173024,8,21,4,0,,,,2.7544668,0.0,0.0,0.0,0.0
0.22,0.22,0.22,0.22,18.9,84.0,0.0,0.0,0.19274442,8,22,4,0,,,,2.7236166,0.0,0.0,0.0,0.0
0.22,0.22,0.22,0.22,18.9,87.0,0.0,0.0,0.16745,8,23,4,0,,,,1.3486333,0.0,0.0,0.0,0.0
0.22,0.22,0.22,0.22,20.0,68.0,0.0,0.0,0.15570733,8,24,4,0,,,,1.3118583,0.0,0.0,0.0,0.0
0.22,0.22,0.22,0.22,18.9,84.0,0.0,0.0,0.15013929,8,1,5,0,,,,0.32428333,0.0,0.0,0.0,0.0
0.22,0.22,0.22,0.22,20.0,78.0,0.0,0.0,0.14473735,8,2,5,0,,,,1.0728166,0.0,0.0,0.0,0.0
0.22,0.22,0.22,0.22,19.4,81.0,0.0,0.0,0.1524545,8,3,5,0,,,,0.32325,0.0,0.0,0.0,0.0
0.22,0.22,0.54,0.22,19.4,81.0,0.0,0.0,0.15228155,8,4,5,0,,,,0.32686666,0.0,0.0,0.0,0.0
0.22,0.22,0.54,0.22,19.4,81.0,0.0,0.0,0.16260153,8,5,5,0,,,,0.32085,0.0,0.0,0.0,0.0
0.22,0.22,0.54,0.22,19.4,79.0,18.0,52.0,0.16399032,8,6,5,0,,,,0.3873,0.0,0.0,0.0,5.2708335
0.22,0.22,0.54,0.22,20.0,76.0,111.0,47.0,0.17502496,8,7,5,0,,,,1.0531334,0.0,0.0,0.0,33.433334
0.22,0.22,0.54,0.22,20.0,78.0,218.0,28.0,0.18512607,8,8,5,0,,,,1.6359167,0.0,0.0,0.0,101.02917
0.22,0.22,0.22,0.22,20.6,73.0,355.0,88.0,0.19491634,8,9,5,0,,,,1.6890666,0.0,0.0,0.0,223.27083
0.22,0.54,0.22,0.22,21.1,73.0,386.0,41.0,0.20418933,8,10,5,0,,,,1.9958333,0.0,0.0,0.0,364.19168
0.22,0.54,0.22,0.22,21.7,73.0,615.0,262.0,0.22145621,8,11,5,0,,,,1.8122667,0.0,0.0,0.0,488.875
0.22,0.54,0.22,0.22,21.7,70.0,958.0,749.0,0.21505424,8,12,5,0,,,,4.10505,0.0,0.0,0.0,580.6625
0.22,0.54,0.22,0.22,21.7,73.0,960.0,819.0,0.20845915,8,13,5,0,,,,4.2035165,0.0,0.0,0.0,632.3958
0.22,0.54,0.22,0.22,21.1,76.0,901.0,812.0,0.20262869,8,14,5,0,,,,3.1676,0.0,0.0,0.0,640.8958
0.22,0.22,0.22,0.22,20.6,75.0,784.0,771.0,0.19823301,8,15,5,0,,,,3.0072334,0.0,0.0,0.0,608.9
0.54,0.22,0.22,0.4,20.0,78.0,626.0,698.0,0.19353756,8,16,5,0,,,,1.38875,0.0,0.0,0.0,528.4167
0.54,0.22,0.22,0.4,20.0,78.0,438.0,580.0,0.19759627,8,17,5,0,,,,2.00315,0.0,0.0,0.0,404.23334
0.54,0.22,0.22,0.4,19.4,79.0,242.0,319.0,0.2107975,8,18,5,0,,,,2.8486533,0.0,0.0,0.0,232.53
0.54,0.22,0.22,0.4,19.4,79.0,22.0,129.0,0.21276861,8,19,5,0,,,,1.2497833,0.0,0.0,0.0,14.366667
0.54,0.22,0.22,0.4,19.4,76.0,0.0,0.0,0.21097414,8,20,5,0,,,,0.51661664,0.0,0.0,0.0,0.0
0.22,0.22,0.22,0.22,19.4,76.0,0.0,0.0,0.18958405,8,21,5,0,,,,0.5230833,0.0,0.0,0.0,0.0
0.22,0.22,0.22,0.22,19.4,76.0,0.0,0.0,0.15812041,8,22,5,0,,,,3.1345167,0.0,0.0,0.0,0.0
0.22,0.22,0.22,0.22,20.0,73.0,0.0,0.0,0.15155447,8,23,5,0,,,,4.1400332,0.0,0.0,0.0,0.0
0.22,0.22,0.22,0.22,18.9,78.0,0.0,0.0,0.13622218,8,24,5,0,,,,1.1586833,0.0,0.0,0.0,0.0
0.22,0.22,0.22,0.22,20.0,68.0,0.0,0.0,0.12023289,8,1,6,0,,,,1.0481334,0.0,0.0,0.0,0.0
0.22,0.22,0.22,0.22,19.4,73.0,0.0,0.0,0.11686636,8,2,6,0,,,,0.91405,0.0,0.0,0.0,0.0
0.22,0.22,0.22,0.22,20.0,65.0,0.0,0.0,0.12123874,8,3,6,0,,,,1.0607667,0.0,0.0,0.0,0.0
0.22,0.22,0.4,0.22,20.0,63.0,0.0,0.0,0.1168065,8,4,6,0,,,,0.6264333,0.0,0.0,0.0,0.0
0.22,0.22,0.4,0.22,20.0,63.0,0.0,0.0,0.11777603,8,5,6,0,,,,0.51935,0.0,0.0,0.0,0.0
0.22,0.22,0.4,0.22,20.0,63.0,9.0,0.0,0.122667514,8,6,6,0,,,,2.05595,0.0,0.0,0.0,4.8083334
0.22,0.22,0.4,0.22,20.0,63.0,144.0,168.0,0.11922021,8,7,6,0,,,,0.38273335,0.0,0.0,0.0,32.595833
0.22,0.22,0.4,0.22,21.1,59.0,152.0,11.0,0.12713692,8,8,6,0,,,,1.3047333,0.0,0.0,0.0,100.2
0.22,0.22,0.22,0.22,21.7,57.0,427.0,210.0,0.1422218,8,9,6,0,,,,1.65955,0.0,0.0,0.0,223.85417
0.22,0.4,0.22,0.22,21.1,68.0,618.0,343.0,0.15895283,8,10,6,0,,,,1.0151,0.0,0.0,0.0,366.67084
0.22,0.4,0.22,0.22,21.1,66.0,810.0,572.0,0.16855264,8,11,6,0,,,,2.8487666,0.0,0.0,0.0,492.4125
0.22,0.4,0.22,0.22,22.2,61.0,875.0,593.0,0.17453809,8,12,6,0,,,,1.9472166,0.0,0.0,0.0,581.0208
0.22,0.4,0.22,0.22,22.8,61.0,677.0,259.0,0.17656593,8,13,6,0,,,,1.3979833,0.0,0.0,0.0,633.2833
0.22,0.4,0.22,0.22,22.2,66.0,786.0,497.0,0.17817704,8,14,6,0,,,,2.6798167,0.0,0.0,0.0,645.05414
0.22,0.22,0.22,0.22,22.2,61.0,711.0,569.0,0.17906882,8,15,6,0,,,,1.2298334,0.0,0.0,0.0,617.8333
0.4,0.22,0.22,0.4,21.7,61.0,526.0,436.0,0.17723949,8,16,6,0,,,,2.7432666,0.0,0.0,0.0,536.0875
0.4,0.22,0.22,0.4,20.6,68.0,356.0,333.0,0.18189801,8,17,6,0,,,,3.3352334,0.0,0.0,0.0,406.35
0.4,0.22,0.22,0.4,20.0,70.0,193.0,195.0,0.18725535,8,18,6,0,,,,4.131417,0.0,0.0,0.0,234.225
0.4,0.22,0.22,0.4,19.4,73.0,17.0,77.0,0.18949196,8,19,6,0,,,,4.12065,0.0,0.0,0.0,15.416667
0.4,0.22,0.22,0.4,19.4,76.0,0.0,0.0,0.18843023,8,20,6,0,,,,4.267017,0.0,0.0,0.0,0.0
0.22,0.22,0.22,0.22,18.9,78.0,0.0,0.0,0.18712461,8,21,6,0,,,,2.9173667,0.0,0.0,0.0,0.0
0.22,0.22,0.22,0.22,19.4,79.0,0.0,0.0,0.17121895,8,22,6,0,,,,1.7213167,0.0,0.0,0.0,0.0
0.22,0.22,0.22,0.22,19.4,79.0,0.0,0.0,0.15409464,8,23,6,0,,,,1.0226667,0.0,0.0,0.0,0.0
0.22,0.22,0.22,0.22,18.3,84.0,0.0,0.0,0.14622422,8,24,6,0,,,,0.743075,0.0,0.0,0.0,0.0
0.22,0.22,0.22,0.22,18.3,84.0,0.0,0.0,0.14251432,8,1,7,0,,,,0.42406666,0.0,0.0,0.0,0.0
0.22,0.22,0.22,0.22,17.2,87.0,0.0,0.0,0.1409229,8,2,7,0,,,,0.58453333,0.0,0.0,0.0,0.0
0.22,0.22,0.22,0.22,17.2,84.0,0.0,0.0,0.13805278,8,3,7,0,,,,0.54045,0.0,0.0,0.0,0.0
0.22,0.22,0.4,0.22,17.2,84.0,0.0,0.0,0.14076443,8,4,7,0,,,,0.37853333,0.0,0.0,0.0,0.0
0.22,0.22,0.4,0.22,17.2,84.0,0.0,0.0,0.15049617,8,5,7,0,,,,0.41631666,0.0,0.0,0.0,0.0
0.22,0.22,0.4,0.22,17.8,80.0,21.0,126.0,0.16000995,8,6,7,0,,,,0.41616666,0.0,0.0,0.0,4.3416667
0.22,0.22,0.4,0.22,18.9,75.0,178.0,387.0,0.17179501,8,7,7,0,,,,0.42356667,0.0,0.0,0.0,29.4625
0.22,0.22,0.4,0.22,20.0,70.0,365.0,483.0,0.19232084,8,8,7,0,,,,0.43265,0.0,0.0,0.0,98.229164
0.22,0.22,0.22,0.22,20.6,68.0,573.0,602.0,0.19825311,8,9,7,0,,,,0.5618167,0.0,0.0,0.0,223.35417
0.22,0.4,0.22,0.22,20.6,68.0,739.0,657.0,0.20196563,8,10,7,0,,,,0.85648334,0.0,0.0,0.0,366.44168
0.22,0.4,0.22,0.22,21.7,63.0,862.0,709.0,0.20601249,8,11,7,0,,,,1.2786167,0.0,0.0,0.0,490.69168
0.22,0.4,0.22,0.22,22.2,61.0,934.0,749.0,0.2091158,8,12,7,0,,,,3.3530667,0.0,0.0,0.0,582.975
0.22,0.4,0.22,0.22,22.2,61.0,942.0,771.0,0.21177243,8,13,7,0,,,,3.4007084,0.0,0.0,0.0,632.89374
0.22,0.4,0.22,0.22,22.2,61.0,895.0,812.0,0.20919389,8,14,7,0,,,,1.552,0.0,0.0,0.0,648.81665
0.22,0.22,0.22,0.22,21.7,66.0,785.0,771.0,0.2019597,8,15,7,0,,,,1.57345,0.0,0.0,0.0,615.80414
0.4,0.22,0.22,0.54,21.1,68.0,620.0,680.0,0.19910625,8,16,7,0,,,,1.8438667,0.0,0.0,0.0,526.85
0.4,0.22,0.22,0.54,20.6,70.0,416.0,477.0,0.20060748,8,17,7,0,,,,1.6728667,0.0,0.0,0.0,395.3375
0.4,0.22,0.22,0.54,20.0,68.0,183.0,173.0,0.20029357,8,18,7,0,,,,1.5784833,0.0,0.0,0.0,226.45833
0.4,0.22,0.22,0.54,19.4,70.0,15.0,66.0,0.20097925,8,19,7,0,,,,1.2407833,0.0,0.0,0.0,11.683333
0.4,0.22,0.22,0.54,18.9,75.0,0.0,0.0,0.20128506,8,20,7,0,,,,1.2977834,0.0,0.0,0.0,0.0
0.22,0.22,0.22,0.22,18.3,81.0,0.0,0.0,0.19162135,8,21,7,0,,,,1.3730333,0.0,0.0,0.0,0.0
0.22,0.22,0.22,0.22,18.3,84.0,0.0,0.0,0.17962454,8,22,7,0,,,,1.3935167,0.0,0.0,0.0,0.0
0.22,0.22,0.22,0.22,18.3,87.0,0.0,0.0,0.16730984,8,23,7,0,,,,3.08955,0.0,0.0,0.0,0.0
0.22,0.22,0.22,0.22,18.3,78.0,0.0,0.0,0.14908981,8,24,7,0,,,,1.1376333,0.0,0.0,0.0,0.0
0.22,0.22,0.22,0.22,17.8,84.0,0.0,0.0,0.14422876,8,1,1,0,,,,0.22955,0.0,0.0,0.0,0.0
0.22,0.22,0.22,0.22,17.8,84.0,0.0,0.0,0.13992415,8,2,1,0,,,,0.23131667,0.0,0.0,0.0,0.0
0.22,0.22,0.22,0.22,17.2,84.0,0.0,0.0,0.14205489,8,3,1,0,,,,0.2826,0.0,0.0,0.0,0.0
0.22,0.22,0.54,0.22,17.2,84.0,0.0,0.0,0.14112355,8,4,1,0,,,,0.46075,0.0,0.0,0.0,0.0
0.22,0.22,0.54,0.22,17.2,81.0,0.0,0.0,0.14697811,8,5,1,0,,,,0.27375,0.0,0.0,0.0,0.0
0.22,0.22,0.54,0.22,17.8,80.0,18.0,108.0,0.1574251,8,6,1,0,,,,0.31601667,0.0,0.0,0.0,2.8375
0.22,0.22,0.54,0.22,18.9,75.0,181.0,397.0,0.16796638,8,7,1,0,,,,0.7234167,0.0,0.0,0.0,28.754168
0.22,0.22,0.54,0.22,20.0,70.0,369.0,471.0,0.18931839,8,8,1,0,,,,1.32505,0.0,0.0,0.0,100.941666
0.22,0.22,0.22,0.22,21.0,64.0,541.0,520.0,0.20079434,8,9,1,0,,,,0.23455,0.0,0.0,0.0,223.16667
0.22,0.54,0.22,0.22,21.7,66.0,711.0,568.0,0.19835591,8,10,1,0,,,,0.24065,0.0,0.0,0.0,364.75
0.22,0.54,0.22,0.22,22.2,64.0,873.0,727.0,0.20062073,8,11,1,0,,,,0.246,0.0,0.0,0.0,489.54584
0.22,0.54,0.22,0.22,22.8,59.0,934.0,749.0,0.2019375,8,12,1,0,,,,0.77933335,0.0,0.0,0.0,580.35
0.22,0.54,0.22,0.22,22.2,61.0,936.0,759.0,0.2033238,8,13,1,0,,,,0.9228,0.0,0.0,0.0,632.5
0.22,0.54,0.22,0.22,22.2,59.0,896.0,812.0,0.20633447,8,14,1,0,,,,1.8790166,0.0,0.0,0.0,644.86664
0.22,0.22,0.22,0.22,21.7,63.0,779.0,771.0,0.2078082,8,15,1,0,,,,0.89056665,0.0,0.0,0.0,612.35834
0.54,0.22,0.22,0.54,21.7,66.0,621.0,692.0,0.20482904,8,16,1,0,,,,2.5402834,0.0,0.0,0.0,534.9625
0.54,0.22,0.22,0.54,20.6,68.0,417.0,549.0,0.2072389,8,17,1,0,,,,2.5602,0.0,0.0,0.0,410.73334
0.54,0.22,0.22,0.54,20.0,70.0,186.0,214.0,0.20766042,8,18,1,0,,,,2.4899666,0.0,0.0,0.0,241.49167
0.54,0.22,0.22,0.54,19.4,73.0,14.0,79.0,0.20728707,8,19,1,0,,,,1.0331,0.0,0.0,0.0,11.716666
0.54,0.22,0.22,0.54,18.3,81.0,0.0,0.0,0.20591335,8,20,1,0,,,,1.3271166,0.0,0.0,0.0,0.0
0.22,0.22,0.22,0.22,18.9,78.0,0.0,0.0,0.19358204,8,21,1,0,,,,1.50865,0.0,0.0,0.0,0.0
0.22,0.22,0.22,0.22,18.3,78.0,0.0,0.0,0.17046855,8,22,1,0,,,,1.2637666,0.0,0.0,0.0,0.0
0.22,0.22,0.22,0.22,18.3,78.0,0.0,0.0,0.15631258,8,23,1,0,,,,2.2306166,0.0,0.0,0.0,0.0
0.22,0.22,0.22,0.22,18.3,81.0,0.0,0.0,0.13588741,8,24,1,0,,,,1.263,0.0,0.0,0.0,0.0
0.22,0.22,0.22,0.22,17.8,84.0,0.0,0.0,0.1280677,8,1,2,0,,,,0.25495,0.0,0.0,0.0,0.0
0.22,0.22,0.22,0.22,18.3,78.0,0.0,0.0,0.1285225,8,2,2,0,,,,0.24846667,0.0,0.0,0.0,0.0
0.22,0.22,0.22,0.22,17.2,81.0,0.0,0.0,0.12293941,8,3,2,0,,,,0.28611666,0.0,0.0,0.0,0.0
0.22,0.22,0.54,0.22,17.2,84.0,0.0,0.0,0.12372019,8,4,2,0,,,,0.2902,0.0,0.0,0.0,0.0
0.22,0.22,0.54,0.22,17.2,84.0,0.0,0.0,0.12862471,8,5,2,0,,,,0.3257,0.0,0.0,0.0,0.0
0.22,0.22,0.54,0.22,17.8,78.0,17.0,100.0,0.13603885,8,6,2,0,,,,0.30123332,0.0,0.0,0.0,7.8166666
0.22,0.22,0.54,0.22,18.9,75.0,188.0,438.0,0.15182649,8,7,2,0,,,,0.44341666,0.0,0.0,0.0,31.445833
0.22,0.22,0.54,0.22,20.0,70.0,401.0,625.0,0.16784854,8,8,2,0,,,,0.6433333,0.0,0.0,0.0,99.28333
0.22,0.22,0.22,0.22,21.7,61.0,609.0,736.0,0.1798351,8,9,2,0,,,,0.81381667,0.0,0.0,0.0,226.57083
0.22,0.54,0.22,0.22,21.7,66.0,772.0,793.0,0.18035902,8,10,2,0,,,,0.53078336,0.0,0.0,0.0,372.5
0.22,0.54,0.22,0.22,22.2,64.0,891.0,810.0,0.18698144,8,11,2,0,,,,1.1692333,0.0,0.0,0.0,501.45
0.22,0.54,0.22,0.22,22.2,64.0,952.0,815.0,0.1928982,8,12,2,0,,,,0.48268333,0.0,0.0,0.0,594.9083
0.22,0.54,0.22,0.22,21.7,68.0,955.0,819.0,0.1996825,8,13,2,0,,,,1.33445,0.0,0.0,0.0,644.1458
0.22,0.54,0.22,0.22,21.7,66.0,896.0,812.0,0.20017584,8,14,2,0,,,,1.5922,0.0,0.0,0.0,651.0417
0.22,0.22,0.22,0.22,21.7,68.0,779.0,771.0,0.20570453,8,15,2,0,,,,2.0638666,0.0,0.0,0.0,618.19586
0.54,0.22,0.22,0.54,21.7,68.0,615.0,680.0,0.21330336,8,16,2,0,,,,2.0493834,0.0,0.0,0.0,541.2792
0.54,0.22,0.22,0.54,20.6,70.0,385.0,438.0,0.22198917,8,17,2,0,,,,2.19845,0.0,0.0,0.0,415.00833
0.54,0.22,0.22,0.54,19.4,79.0,189.0,199.0,0.22708718,8,18,2,0,,,,1.36595,0.0,0.0,0.0,237.68333
0.54,0.22,0.22,0.54,18.9,75.0,13.0,71.0,0.21985929,8,19,2,0,,,,2.02715,0.0,0.0,0.0,8.625
0.54,0.22,0.22,0.54,18.9,75.0,0.0,0.0,0.21403004,8,20,2,0,,,,1.2350667,0.0,0.0,0.0,0.0
0.22,0.22,0.22,0.22,18.9,81.0,0.0,0.0,0.2042864,8,21,2,0,,,,1.3295667,0.0,0.0,0.0,0.0
0.22,0.22,0.22,0.22,18.9,81.0,0.0,0.0,0.19087927,8,22,2,0,,,,1.4682833,0.0,0.0,0.0,0.0
0.22,0.22,0.22,0.22,18.9,81.0,0.0,0.0,0.16755134,8,23,2,0,,,,0.80123335,0.0,0.0,0.0,0.0
0.22,0.22,0.22,0.22,17.8,84.0,0.0,0.0,0.13903761,8,24,2,0,,,,1.0259084,0.0,0.0,0.0,0.0
0.22,0.22,0.22,0.22,18.9,78.0,0.0,0.0,0.1283244,8,1,3,0,,,,1.5454,0.0,0.0,0.0,0.0
0.22,0.22,0.22,0.22,18.9,78.0,0.0,0.0,0.12524563,8,2,3,0,,,,0.24611667,0.0,0.0,0.0,0.0
0.22,0.22,0.22,0.22,18.9,75.0,0.0,0.0,0.12526178,8,3,3,0,,,,0.24658333,0.0,0.0,0.0,0.0
0.22,0.22,0.54,0.22,18.9,70.0,0.0,0.0,0.124736734,8,4,3,0,,,,0.27951667,0.0,0.0,0.0,0.0
0.22,0.22,0.54,0.22,19.4,66.0,0.0,0.0,0.12786098,8,5,3,0,,,,0.28998333,0.0,0.0,0.0,0.0
0.22,0.22,0.54,0.22,20.0,63.0,4.0,0.0,0.13398606,8,6,3,0,,,,0.32435,0.0,0.0,0.0,0.6375
0.22,0.22,0.54,0.22,19.4,66.0,116.0,83.0,0.14996739,8,7,3,0,,,,0.2975,0.0,0.0,0.0,23.191668
0.22,0.22,0.54,0.22,20.0,63.0,269.0,114.0,0.17096616,8,8,3,0,,,,0.41101667,0.0,0.0,0.0,93.82083
0.22,0.22,0.22,0.22,21.1,59.0,442.0,239.0,0.18427971,8,9,3,0,,,,0.252,0.0,0.0,0.0,222.79584
0.22,0.54,0.22,0.22,21.1,68.0,771.0,710.0,0.20126699,8,10,3,0,,,,0.25775,0.0,0.0,0.0,370.6125
0.22,0.54,0.22,0.22,21.7,63.0,891.0,810.0,0.20784968,8,11,3,0,,,,0.26226667,0.0,0.0,0.0,496.36667
0.22,0.54,0.22,0.22,22.2,59.0,952.0,815.0,0.214958,8,12,3,0,,,,0.89743334,0.0,0.0,0.0,593.45
0.22,0.54,0.22,0.22,22.2,61.0,949.0,819.0,0.22032925,8,13,3,0,,,,1.9614834,0.0,0.0,0.0,644.675
0.22,0.54,0.22,0.22,21.7,66.0,890.0,813.0,0.22272925,8,14,3,0,,,,1.5503167,0.0,0.0,0.0,645.65
0.22,0.22,0.22,0.22,21.1,71.0,780.0,772.0,0.22537656,8,15,3,0,,,,1.9515667,0.0,0.0,0.0,608.45416
0.54,0.22,0.22,0.54,20.6,73.0,615.0,693.0,0.22761942,8,16,3,0,,,,2.4636166,0.0,0.0,0.0,533.4083
0.54,0.22,0.22,0.54,20.6,70.0,420.0,570.0,0.22885732,8,17,3,0,,,,2.3824334,0.0,0.0,0.0,407.99167
0.54,0.22,0.22,0.54,20.0,70.0,219.0,289.0,0.22358394,8,18,3,0,,,,1.5748,0.0,0.0,0.0,230.2625
0.54,0.22,0.22,0.54,19.4,76.0,14.0,99.0,0.2154159,8,19,3,0,,,,1.8739,0.0,0.0,0.0,4.991667
0.54,0.22,0.22,0.54,18.9,78.0,0.0,0.0,0.20531225,8,20,3,0,,,,1.4388833,0.0,0.0,0.0,0.0
0.22,0.22,0.22,0.22,18.9,78.0,0.0,0.0,0.19621275,8,21,3,0,,,,1.0753833,0.0,0.0,0.0,0.0
0.22,0.22,0.22,0.22,18.9,78.0,0.0,0.0,0.18663158,8,22,3,0,,,,0.9546833,0.0,0.0,0.0,0.0
0.22,0.22,0.22,0.22,18.3,87.0,0.0,0.0,0.16577256,8,23,3,0,,,,1.1429833,0.0,0.0,0.0,0.0
0.22,0.22,0.22,0.22,18.9,78.0,0.0,0.0,0.14133562,8,24,3,0,,,,0.458125,0.0,0.0,0.0,0.0
0.22,0.22,0.22,0.22,17.8,84.0,0.0,0.0,0.13168438,8,1,4,0,,,,0.25266665,0.0,0.0,0.0,0.0
0.22,0.22,0.22,0.22,17.8,84.0,0.0,0.0,0.13091223,8,2,4,0,,,,0.25285,0.0,0.0,0.0,0.0
0.22,0.22,0.22,0.22,18.3,81.0,0.0,0.0,0.12938361,8,3,4,0,,,,0.25668332,0.0,0.0,0.0,0.0
0.22,0.22,0.54,0.22,17.8,80.0,0.0,0.0,0.12869218,8,4,4,0,,,,0.29468334,0.0,0.0,0.0,0.0
0.22,0.22,0.54,0.22,17.8,80.0,0.0,0.0,0.13489437,8,5,4,0,,,,0.29443333,0.0,0.0,0.0,0.0
0.22,0.22,0.54,0.22,18.3,78.0,15.0,70.0,0.14174654,8,6,4,0,,,,0.32125,0.0,0.0,0.0,0.20833333
0.22,0.22,0.54,0.22,19.4,73.0,100.0,42.0,0.15178755,8,7,4,0,,,,0.8206667,0.0,0.0,0.0,20.4375
0.22,0.22,0.54,0.22,20.6,68.0,221.0,45.0,0.16671626,8,8,4,0,,,,0.37295,0.0,0.0,0.0,85.833336
0.22,0.22,0.22,0.22,20.0,73.0,291.0,58.0,0.18616396,8,9,4,0,,,,0.3608,0.0,0.0,0.0,216.39166
0.22,0.54,0.22,0.22,20.6,70.0,705.0,491.0,0.20004381,8,10,4,0,,,,0.8186833,0.0,0.0,0.0,360.17084
0.22,0.54,0.22,0.22,21.7,66.0,856.0,685.0,0.2087537,8,11,4,0,,,,0.8965,0.0,0.0,0.0,486.3
0.22,0.54,0.22,0.22,21.7,66.0,917.0,701.0,0.21087544,8,12,4,0,,,,0.90061665,0.0,0.0,0.0,575.68335
0.22,0.54,0.22,0.22,21.7,63.0,924.0,741.0,0.21402867,8,13,4,0,,,,1.12115,0.0,0.0,0.0,624.9125
0.22,0.54,0.22,0.22,21.7,63.0,877.0,764.0,0.21582389,8,14,4,0,,,,1.6426834,0.0,0.0,0.0,626.86664
0.22,0.22,0.22,0.22,21.7,68.0,773.0,772.0,0.21734078,8,15,4,0,,,,2.0021,0.0,0.0,0.0,592.6458
0.54,0.22,0.22,0.54,21.1,68.0,609.0,693.0,0.21607946,8,16,4,0,,,,2.3214834,0.0,0.0,0.0,516.23334
0.54,0.22,0.22,0.54,21.1,71.0,421.0,564.0,0.21462327,8,17,4,0,,,,2.9646833,0.0,0.0,0.0,389.775
0.54,0.22,0.22,0.54,21.1,66.0,223.0,283.0,0.210543,8,18,4,0,,,,2.0058668,0.0,0.0,0.0,220.02916
0.54,0.22,0.22,0.54,20.0,70.0,12.0,93.0,0.2018401,8,19,4,0,,,,1.82565,0.0,0.0,0.0,5.3875
0.54,0.22,0.22,0.54,19.4,79.0,0.0,0.0,0.20058522,8,20,4,0,,,,1.5773,0.0,0.0,0.0,0.0
0.22,0.22,0.22,0.22,18.9,81.0,0.0,0.0,0.18436982,8,21,4,0,,,,3.0158,0.0,0.0,0.0,0.0
0.22,0.22,0.22,0.22,18.9,81.0,0.0,0.0,0.16820168,8,22,4,0,,,,1.5083833,0.0,0.0,0.0,0.0
0.22,0.22,0.22,0.22,19.4,76.0,0.0,0.0,0.15477811,8,23,4,0,,,,1.4875833,0.0,0.0,0.0,0.0
0.22,0.22,0.22,0.22,20.0,76.0,0.0,0.0,0.13546747,8,24,4,0,,,,0.55819166,0.0,0.0,0.0,0.0
0.22,0.22,0.22,0.22,18.9,78.0,0.0,0.0,0.12516423,8,1,5,0,,,,0.2452,0.0,0.0,0.0,0.0
0.22,0.22,0.22,0.22,18.9,78.0,0.0,0.0,0.12206979,8,2,5,0,,,,1.14395,0.0,0.0,0.0,0.0
0.22,0.22,0.22,0.22,18.9,78.0,0.0,0.0,0.11901966,8,3,5,0,,,,0.23936667,0.0,0.0,0.0,0.0
0.22,0.22,0.54,0.22,18.9,78.0,0.0,0.0,0.119572766,8,4,5,0,,,,0.23985,0.0,0.0,0.0,0.0
0.22,0.22,0.54,0.22,18.3,81.0,0.0,0.0,0.122675195,8,5,5,0,,,,0.28238332,0.0,0.0,0.0,0.0
0.22,0.22,0.54,0.22,18.9,78.0,16.0,106.0,0.1279644,8,6,5,0,,,,0.84213334,0.0,0.0,0.0,2.1291666
0.22,0.22,0.54,0.22,20.0,73.0,189.0,452.0,0.12922922,8,7,5,0,,,,0.57025,0.0,0.0,0.0,25.108334
0.22,0.22,0.54,0.22,21.7,66.0,400.0,629.0,0.14258432,8,8,5,0,,,,1.3216166,0.0,0.0,0.0,81.1375
0.22,0.22,0.22,0.22,22.8,66.0,603.0,735.0,0.153312,8,9,5,0,,,,0.2413,0.0,0.0,0.0,204.20833
0.22,0.54,0.22,0.22,23.3,64.0,766.0,792.0,0.17414947,8,10,5,0,,,,1.6513667,0.0,0.0,0.0,342.87082
0.22,0.54,0.22,0.22,23.3,64.0,885.0,810.0,0.18161266,8,11,5,0,,,,0.24345,0.0,0.0,0.0,464.60834
0.22,0.54,0.22,0.22,22.8,66.0,947.0,815.0,0.18294658,8,12,5,0,,,,2.34975,0.0,0.0,0.0,553.4375
0.22,0.54,0.22,0.22,22.8,68.0,949.0,819.0,0.18484099,8,13,5,0,,,,1.1216667,0.0,0.0,0.0,604.50415
0.22,0.54,0.22,0.22,22.8,68.0,890.0,813.0,0.18788949,8,14,5,0,,,,3.5453,0.0,0.0,0.0,618.7125
0.22,0.22,0.22,0.22,22.8,68.0,774.0,766.0,0.19126114,8,15,5,0,,,,2.1092834,0.0,0.0,0.0,586.80835
0.54,0.22,0.22,0.4,22.8,61.0,602.0,675.0,0.18843031,8,16,5,0,,,,3.4137166,0.0,0.0,0.0,499.025
0.54,0.22,0.22,0.4,21.7,68.0,397.0,552.0,0.19303958,8,17,5,0,,,,2.1117334,0.0,0.0,0.0,368.87918
0.54,0.22,0.22,0.4,21.1,71.0,213.0,277.0,0.19844452,8,18,5,0,,,,1.8719,0.0,0.0,0.0,192.73334
0.54,0.22,0.22,0.4,20.6,73.0,11.0,87.0,0.19506107,8,19,5,0,,,,2.2264833,0.0,0.0,0.0,4.3125
0.54,0.22,0.22,0.4,20.6,75.0,0.0,0.0,0.1915999,8,20,5,0,,,,0.88895,0.0,0.0,0.0,0.0
0.22,0.22,0.22,0.22,20.6,75.0,0.0,0.0,0.18383683,8,21,5,0,,,,2.2212167,0.0,0.0,0.0,0.0
0.22,0.22,0.22,0.22,20.0,84.0,0.0,0.0,0.17171,8,22,5,0,,,,1.1846666,0.0,0.0,0.0,0.0
0.22,0.22,0.22,0.22,20.0,78.0,0.0,0.0,0.15663937,8,23,5,0,,,,1.8266833,0.0,0.0,0.0,0.0
0.22,0.22,0.22,0.22,20.0,81.0,0.0,0.0,0.14575125,8,24,5,0,,,,0.8171167,0.0,0.0,0.0,0.0
0.22,0.22,0.22,0.22,20.0,76.0,0.0,0.0,0.14307465,8,1,6,0,,,,0.3402,0.0,0.0,0.0,0.0
0.22,0.22,0.22,0.22,20.0,76.0,0.0,0.0,0.13723727,8,2,6,0,,,,0.33856666,0.0,0.0,0.0,0.0
0.22,0.22,0.22,0.22,19.4,84.0,0.0,0.0,0.13650195,8,3,6,0,,,,0.33631667,0.0,0.0,0.0,0.0
0.22,0.22,0.4,0.22,18.9,84.0,0.0,0.0,0.13243666,8,4,6,0,,,,0.33263335,0.0,0.0,0.0,0.0
0.22,0.22,0.4,0.22,18.9,84.0,0.0,0.0,0.13084233,8,5,6,0,,,,0.33343333,0.0,0.0,0.0,0.0
0.22,0.22,0.4,0.22,19.4,81.0,13.0,98.0,0.129846,8,6,6,0,,,,0.32356668,0.0,0.0,0.0,0.0
0.22,0.22,0.4,0.22,20.6,78.0,188.0,425.0,0.13016497,8,7,6,0,,,,1.4010167,0.0,0.0,0.0,15.591666
0.22,0.22,0.4,0.22,22.2,71.0,395.0,629.0,0.14210795,8,8,6,0,,,,0.59571666,0.0,0.0,0.0,74.395836
0.22,0.22,0.22,0.22,23.9,62.0,602.0,712.0,0.15784699,8,9,6,0,,,,1.63325,0.0,0.0,0.0,201.325
0.22,0.4,0.22,0.22,23.3,71.0,721.0,591.0,0.177663,8,10,6,0,,,,2.0594666,0.0,0.0,0.0,338.50833
0.22,0.4,0.22,0.22,24.4,64.0,885.0,787.0,0.18359366,8,11,6,0,,,,1.1735834,0.0,0.0,0.0,458.63333
0.22,0.4,0.22,0.22,23.3,69.0,947.0,815.0,0.18947703,8,12,6,0,,,,3.1045334,0.0,0.0,0.0,548.07086
0.22,0.4,0.22,0.22,23.3,66.0,943.0,783.0,0.1925325,8,13,6,0,,,,0.24978334,0.0,0.0,0.0,599.95416
0.22,0.4,0.22,0.22,22.8,71.0,833.0,606.0,0.19742894,8,14,6,0,,,,1.9863,0.0,0.0,0.0,609.49164
0.22,0.22,0.22,0.22,22.8,71.0,768.0,747.0,0.20194879,8,15,6,0,,,,2.5148833,0.0,0.0,0.0,579.7792
0.4,0.22,0.22,0.4,22.2,73.0,611.0,687.0,0.20801513,8,16,6,0,,,,2.7122166,0.0,0.0,0.0,496.74167
0.4,0.22,0.22,0.4,22.2,68.0,416.0,467.0,0.20938218,8,17,6,0,,,,3.7848,0.0,0.0,0.0,361.375
0.4,0.22,0.22,0.4,21.1,68.0,145.0,66.0,0.21310383,8,18,6,0,,,,3.7607334,0.0,0.0,0.0,187.90416
0.4,0.22,0.22,0.4,20.6,73.0,6.0,20.0,0.2144585,8,19,6,0,,,,0.7412,0.0,0.0,0.0,2.8583333
0.4,0.22,0.22,0.4,20.6,75.0,0.0,0.0,0.20636508,8,20,6,0,,,,0.90463334,0.0,0.0,0.0,0.0
0.22,0.22,0.22,0.22,20.6,78.0,0.0,0.0,0.19886456,8,21,6,0,,,,0.91426665,0.0,0.0,0.0,0.0
0.22,0.22,0.22,0.22,20.6,78.0,0.0,0.0,0.18619432,8,22,6,0,,,,3.7683666,0.0,0.0,0.0,0.0
0.22,0.22,0.22,0.22,20.0,84.0,0.0,0.0,0.16880852,8,23,6,0,,,,3.8286834,0.0,0.0,0.0,0.0
0.22,0.22,0.22,0.22,18.9,84.0,0.0,0.0,0.14337517,8,24,6,0,,,,1.4850583,0.0,0.0,0.0,0.0
0.22,0.22,0.22,0.22,20.0,81.0,0.0,0.0,0.13907069,8,1,7,0,,,,0.6343,0.0,0.0,0.0,0.0
0.22,0.22,0.22,0.22,19.4,84.0,0.0,0.0,0.13652675,8,2,7,0,,,,0.33941665,0.0,0.0,0.0,0.0
0.22,0.22,0.22,0.22,19.4,84.0,0.0,0.0,0.13285539,8,3,7,0,,,,0.3411,0.0,0.0,0.0,0.0
0.22,0.22,0.4,0.22,19.4,81.0,0.0,0.0,0.13272731,8,4,7,0,,,,0.33128333,0.0,0.0,0.0,0.0
0.22,0.22,0.4,0.22,19.0,83.0,0.0,0.0,0.13846588,8,5,7,0,,,,0.33165,0.0,0.0,0.0,0.0
0.22,0.22,0.4,0.22,19.4,81.0,6.0,0.0,0.14351428,8,6,7,0,,,,0.3226,0.0,0.0,0.0,0.0
0.22,0.22,0.4,0.22,19.4,81.0,48.0,0.0,0.15736786,8,7,7,0,,,,0.32455,0.0,0.0,0.0,13.020833
0.22,0.22,0.4,0.22,20.0,81.0,103.0,0.0,0.17097731,8,8,7,0,,,,0.33438334,0.0,0.0,0.0,72.1875
0.22,0.22,0.22,0.22,20.6,78.0,285.0,58.0,0.18217075,8,9,7,0,,,,1.8986334,0.0,0.0,0.0,199.17917
0.22,0.4,0.22,0.22,21.7,73.0,506.0,195.0,0.19405279,8,10,7,0,,,,1.5224833,0.0,0.0,0.0,337.23334
0.22,0.4,0.22,0.22,23.3,66.0,867.0,697.0,0.2086891,8,11,7,0,,,,1.1283,0.0,0.0,0.0,457.82083
0.22,0.4,0.22,0.22,22.8,71.0,935.0,791.0,0.20866492,8,12,7,0,,,,1.5307167,0.0,0.0,0.0,545.89166
0.22,0.4,0.22,0.22,22.8,68.0,937.0,795.0,0.20987625,8,13,7,0,,,,1.9788166,0.0,0.0,0.0,595.1583
0.22,0.4,0.22,0.22,22.2,71.0,885.0,813.0,0.21746278,8,14,7,0,,,,3.8826833,0.0,0.0,0.0,612.4792
0.22,0.22,0.22,0.22,21.7,73.0,768.0,766.0,0.22057636,8,15,7,0,,,,3.2689166,0.0,0.0,0.0,585.2167
0.4,0.22,0.22,0.54,21.1,76.0,604.0,544.0,0.22257946,8,16,7,0,,,,4.0649166,0.0,0.0,0.0,505.375
0.4,0.22,0.22,0.54,20.0,81.0,204.0,46.0,0.21970803,8,17,7,0,,,,3.0569167,0.0,0.0,0.0,373.95834
0.4,0.22,0.22,0.54,19.4,84.0,104.0,0.0,0.2166749,8,18,7,0,,,,2.6119332,0.0,0.0,0.0,202.18333
0.4,0.22,0.22,0.54,18.9,84.0,4.0,0.0,0.21404791,8,19,7,0,,,,1.7332916,0.0,0.0,0.0,2.0416667
0.4,0.22,0.22,0.54,18.3,87.0,0.0,0.0,0.21396871,8,20,7,0,,,,2.3721166,0.0,0.0,0.0,0.0
0.22,0.22,0.22,0.22,18.3,87.0,0.0,0.0,0.21528786,8,21,7,0,,,,2.2323167,0.0,0.0,0.0,0.0
0.22,0.22,0.22,0.22,18.3,90.0,0.0,0.0,0.19411258,8,22,7,0,,,,2.0672166,0.0,0.0,0.0,0.0
0.22,0.22,0.22,0.22,20.0,78.0,0.0,0.0,0.1787916,8,23,7,0,,,,0.55193335,0.0,0.0,0.0,0.0
0.22,0.22,0.22,0.22,18.3,84.0,0.0,0.0,0.16440812,8,24,7,0,,,,1.5736083,0.0,0.0,0.0,0.0
0.22,0.22,0.22,0.22,18.9,84.0,0.0,0.0,0.15335022,8,1,1,0,,,,0.2454,0.0,0.0,0.0,0.0
0.22,0.22,0.22,0.22,18.3,84.0,0.0,0.0,0.15209745,8,2,1,0,,,,0.24298333,0.0,0.0,0.0,0.0
0.22,0.22,0.22,0.22,18.3,87.0,0.0,0.0,0.14708136,8,3,1,0,,,,0.24105,0.0,0.0,0.0,0.0
0.22,0.22,0.54,0.22,18.9,84.0,0.0,0.0,0.14995357,8,4,1,0,,,,1.3421333,0.0,0.0,0.0,0.0
0.22,0.22,0.54,0.22,18.3,84.0,0.0,0.0,0.15213573,8,5,1,0,,,,0.24066667,0.0,0.0,0.0,0.0
0.22,0.22,0.54,0.22,18.9,81.0,3.0,0.0,0.1630286,8,6,1,0,,,,0.27107915,0.0,0.0,0.0,0.43333334
0.22,0.22,0.54,0.22,19.4,79.0,51.0,0.0,0.17684051,8,7,1,0,,,,1.65405,0.0,0.0,0.0,7.608333
0.22,0.22,0.54,0.22,20.6,75.0,131.0,0.0,0.19228405,8,8,1,0,,,,0.28448334,0.0,0.0,0.0,70.32083
0.22,0.22,0.22,0.22,20.6,75.0,462.0,262.0,0.20368925,8,9,1,0,,,,0.24361667,0.0,0.0,0.0,199.6875
0.22,0.54,0.22,0.22,21.1,73.0,699.0,562.0,0.20869431,8,10,1,0,,,,0.24693333,0.0,0.0,0.0,339.82083
0.22,0.54,0.22,0.22,21.7,70.0,885.0,787.0,0.21043988,8,11,1,0,,,,0.25441667,0.0,0.0,0.0,463.50833
0.22,0.54,0.22,0.22,21.7,68.0,941.0,815.0,0.21150778,8,12,1,0,,,,0.26265,0.0,0.0,0.0,548.85834
0.22,0.54,0.22,0.22,22.2,68.0,944.0,820.0,0.21412846,8,13,1,0,,,,1.7156167,0.0,0.0,0.0,600.2292
0.22,0.54,0.22,0.22,21.7,73.0,885.0,813.0,0.21249245,8,14,1,0,,,,2.2437167,0.0,0.0,0.0,615.2125
0.22,0.22,0.22,0.22,21.7,70.0,762.0,766.0,0.20875533,8,15,1,0,,,,2.2793,0.0,0.0,0.0,585.9708
0.54,0.22,0.22,0.54,21.1,73.0,605.0,688.0,0.21254043,8,16,1,0,,,,3.4117832,0.0,0.0,0.0,507.46667
0.54,0.22,0.22,0.54,20.0,78.0,411.0,554.0,0.21491309,8,17,1,0,,,,2.7945333,0.0,0.0,0.0,374.925
0.54,0.22,0.22,0.54,19.4,79.0,212.0,260.0,0.21345364,8,18,1,0,,,,2.0758834,0.0,0.0,0.0,203.01167
0.54,0.22,0.22,0.54,18.9,78.0,7.0,70.0,0.21343854,8,19,1,0,,,,2.9143333,0.0,0.0,0.0,0.44583333
0.54,0.22,0.22,0.54,18.9,78.0,0.0,0.0,0.21494836,8,20,1,0,,,,2.9142666,0.0,0.0,0.0,0.0
0.22,0.22,0.22,0.22,19.4,76.0,0.0,0.0,0.20745559,8,21,1,0,,,,3.50205,0.0,0.0,0.0,0.0
0.22,0.22,0.22,0.22,18.9,81.0,0.0,0.0,0.19945742,8,22,1,0,,,,2.6635666,0.0,0.0,0.0,0.0
0.22,0.22,0.22,0.22,20.0,76.0,0.0,0.0,0.19176865,8,23,1,0,,,,1.1398166,0.0,0.0,0.0,0.0
0.22,0.22,0.22,0.22,18.9,75.0,0.0,0.0,0.17266275,8,24,1,0,,,,0.7814083,0.0,0.0,0.0,0.0
0.22,0.22,0.22,0.22,18.3,81.0,0.0,0.0,0.1590443,8,1,2,0,,,,0.75726664,0.0,0.0,0.0,0.0
0.22,0.22,0.22,0.22,18.3,84.0,0.0,0.0,0.15794882,8,2,2,0,,,,0.24348333,0.0,0.0,0.0,0.0
0.22,0.22,0.22,0.22,17.8,84.0,0.0,0.0,0.15844466,8,3,2,0,,,,0.2415,0.0,0.0,0.0,0.0
0.22,0.22,0.54,0.22,17.8,84.0,0.0,0.0,0.15813015,8,4,2,0,,,,0.24276666,0.0,0.0,0.0,0.0
0.22,0.22,0.54,0.22,17.2,87.0,0.0,0.0,0.16028666,8,5,2,0,,,,0.2409,0.0,0.0,0.0,0.0
0.22,0.22,0.54,0.22,17.8,84.0,12.0,89.0,0.1693979,8,6,2,0,,,,0.6627833,0.0,0.0,0.0,0.0
0.22,0.22,0.54,0.22,19.4,79.0,182.0,443.0,0.18675865,8,7,2,0,,,,0.43051666,0.0,0.0,0.0,6.0041666
0.22,0.22,0.54,0.22,20.0,81.0,393.0,628.0,0.19511618,8,8,2,0,,,,1.29595,0.0,0.0,0.0,72.82917
0.22,0.22,0.22,0.22,21.1,73.0,596.0,735.0,0.20761599,8,9,2,0,,,,1.0692834,0.0,0.0,0.0,209.7875
0.22,0.54,0.22,0.22,22.2,66.0,759.0,792.0,0.21281025,8,10,2,0,,,,1.4121833,0.0,0.0,0.0,357.54166
0.22,0.54,0.22,0.22,22.8,59.0,879.0,810.0,0.21706805,8,11,2,0,,,,1.8361167,0.0,0.0,0.0,485.525
0.22,0.54,0.22,0.22,22.2,64.0,941.0,797.0,0.22307545,8,12,2,0,,,,2.04715,0.0,0.0,0.0,575.8958
0.22,0.54,0.22,0.22,22.2,57.0,870.0,566.0,0.22934426,8,13,2,0,,,,2.344,0.0,0.0,0.0,627.3958
0.22,0.54,0.22,0.22,22.2,61.0,879.0,758.0,0.23087715,8,14,2,0,,,,3.2501333,0.0,0.0,0.0,637.25
0.22,0.22,0.22,0.22,22.2,59.0,729.0,668.0,0.22996509,8,15,2,0,,,,2.9589918,0.0,0.0,0.0,603.6021
0.54,0.22,0.22,0.54,22.2,59.0,584.0,638.0,0.23423359,8,16,2,0,,,,3.31085,0.0,0.0,0.0,527.2625
0.54,0.22,0.22,0.54,21.1,66.0,352.0,430.0,0.23465271,8,17,2,0,,,,2.8871,0.0,0.0,0.0,405.725
0.54,0.22,0.22,0.54,20.6,68.0,186.0,246.0,0.23686099,8,18,2,0,,,,2.82405,0.0,0.0,0.0,226.50833
0.54,0.22,0.22,0.54,19.4,70.0,5.0,62.0,0.23946969,8,19,2,0,,,,2.5994334,0.0,0.0,0.0,0.0
0.54,0.22,0.22,0.54,19.4,68.0,0.0,0.0,0.2286903,8,20,2,0,,,,1.6674,0.0,0.0,0.0,0.0
0.22,0.22,0.22,0.22,20.0,68.0,0.0,0.0,0.21942592,8,21,2,0,,,,1.5089667,0.0,0.0,0.0,0.0
0.22,0.22,0.22,0.22,19.4,70.0,0.0,0.0,0.20529114,8,22,2,0,,,,1.6122833,0.0,0.0,0.0,0.0
0.22,0.22,0.22,0.22,18.9,84.0,0.0,0.0,0.18921348,8,23,2,0,,,,0.80471665,0.0,0.0,0.0,0.0
0.22,0.22,0.22,0.22,18.9,73.0,0.0,0.0,0.16834421,8,24,2,0,,,,0.73158336,0.0,0.0,0.0,0.0
0.22,0.22,0.22,0.22,18.9,78.0,0.0,0.0,0.16070479,8,1,3,0,,,,0.2455,0.0,0.0,0.0,0.0
0.22,0.22,0.22,0.22,19.4,73.0,0.0,0.0,0.15703118,8,2,3,0,,,,0.6580833,0.0,0.0,0.0,0.0
0.22,0.22,0.22,0.22,18.9,78.0,0.0,0.0,0.14944108,8,3,3,0,,,,0.24146667,0.0,0.0,0.0,0.0
0.22,0.22,0.54,0.22,17.8,78.0,0.0,0.0,0.15043159,8,4,3,0,,,,0.24288334,0.0,0.0,0.0,0.0
0.22,0.22,0.54,0.22,18.3,84.0,0.0,0.0,0.15219194,8,5,3,0,,,,0.24126667,0.0,0.0,0.0,0.0
0.22,0.22,0.54,0.22,18.9,84.0,9.0,74.0,0.15981103,8,6,3,0,,,,0.38726667,0.0,0.0,0.0,0.0
0.22,0.22,0.54,0.22,20.6,75.0,134.0,175.0,0.16959837,8,7,3,0,,,,0.45421666,0.0,0.0,0.0,6.758333
0.22,0.22,0.54,0.22,20.0,78.0,393.0,538.0,0.18483885,8,8,3,0,,,,0.6568,0.0,0.0,0.0,70.49167
0.22,0.22,0.22,0.22,20.6,70.0,523.0,467.0,0.19518687,8,9,3,0,,,,0.24231666,0.0,0.0,0.0,202.48334
0.22,0.54,0.22,0.22,21.1,71.0,759.0,709.0,0.19931655,8,10,3,0,,,,0.24713333,0.0,0.0,0.0,344.4875
0.22,0.54,0.22,0.22,21.7,66.0,804.0,602.0,0.20287211,8,11,3,0,,,,0.25355,0.0,0.0,0.0,470.2875
0.22,0.54,0.22,0.22,20.6,73.0,941.0,773.0,0.21303007,8,12,3,0,,,,0.26156667,0.0,0.0,0.0,562.80414
0.22,0.54,0.22,0.22,22.2,57.0,858.0,603.0,0.22445586,8,13,3,0,,,,1.6231834,0.0,0.0,0.0,615.5917
0.22,0.54,0.22,0.22,21.7,63.0,879.0,789.0,0.22516282,8,14,3,0,,,,1.7235334,0.0,0.0,0.0,628.19586
0.22,0.22,0.22,0.22,21.1,61.0,756.0,766.0,0.22405207,8,15,3,0,,,,2.3309333,0.0,0.0,0.0,591.0375
0.54,0.22,0.22,0.54,21.1,63.0,592.0,682.0,0.22652158,8,16,3,0,,,,3.9105666,0.0,0.0,0.0,508.6
0.54,0.22,0.22,0.54,20.6,63.0,397.0,523.0,0.22835435,8,17,3,0,,,,4.0357833,0.0,0.0,0.0,381.68332
0.54,0.22,0.22,0.54,20.6,65.0,175.0,189.0,0.22658302,8,18,3,0,,,,3.9123,0.0,0.0,0.0,194.55417
0.54,0.22,0.22,0.54,19.4,73.0,4.0,45.0,0.21749566,8,19,3,0,,,,3.0376666,0.0,0.0,0.0,0.0
0.54,0.22,0.22,0.54,19.4,73.0,0.0,0.0,0.21214879,8,20,3,0,,,,2.1866333,0.0,0.0,0.0,0.0
0.22,0.22,0.22,0.22,19.4,76.0,0.0,0.0,0.2044322,8,21,3,0,,,,2.3272667,0.0,0.0,0.0,0.0
0.22,0.22,0.22,0.22,19.4,79.0,0.0,0.0,0.18495592,8,22,3,0,,,,2.1382167,0.0,0.0,0.0,0.0
0.22,0.22,0.22,0.22,18.9,78.0,0.0,0.0,0.17552361,8,23,3,0,,,,1.48685,0.0,0.0,0.0,0.0
0.22,0.22,0.22,0.22,18.9,75.0,0.0,0.0,0.16045192,8,24,3,0,,,,0.87633336,0.0,0.0,0.0,0.0
0.22,0.22,0.22,0.22,18.9,78.0,0.0,0.0,0.15359776,8,1,4,0,,,,0.33036667,0.0,0.0,0.0,0.0
0.22,0.22,0.22,0.22,18.3,84.0,0.0,0.0,0.15060727,8,2,4,0,,,,0.798,0.0,0.0,0.0,0.0
0.22,0.22,0.22,0.22,18.9,81.0,0.0,0.0,0.14966114,8,3,4,0,,,,0.32671666,0.0,0.0,0.0,0.0
0.22,0.22,0.54,0.22,18.3,84.0,0.0,0.0,0.14701843,8,4,4,0,,,,0.32803333,0.0,0.0,0.0,0.0
0.22,0.22,0.54,0.22,17.8,87.0,0.0,0.0,0.1534871,8,5,4,0,,,,0.32653335,0.0,0.0,0.0,0.0
0.22,0.22,0.54,0.22,18.3,84.0,8.0,57.0,0.16379656,8,6,4,0,,,,0.53508335,0.0,0.0,0.0,0.0
0.22,0.22,0.54,0.22,20.0,78.0,148.0,288.0,0.17936982,8,7,4,0,,,,1.2811834,0.0,0.0,0.0,10.095834
0.22,0.22,0.54,0.22,20.6,78.0,383.0,583.0,0.19998443,8,8,4,0,,,,1.0900167,0.0,0.0,0.0,69.44583
0.22,0.22,0.22,0.22,21.1,73.0,570.0,647.0,0.2135616,8,9,4,0,,,,0.25835,0.0,0.0,0.0,199.09584
0.22,0.54,0.22,0.22,20.6,73.0,688.0,562.0,0.22015059,8,10,4,0,,,,0.24144167,0.0,0.0,0.0,333.65103
0.22,0.54,0.22,0.22,21.1,71.0,873.0,757.0,0.22556019,8,11,4,0,,,,0.25191668,0.0,0.0,0.0,462.07916
0.22,0.54,0.22,0.22,22.2,59.0,935.0,815.0,0.22762145,8,12,4,0,,,,0.25968334,0.0,0.0,0.0,548.8417
0.22,0.54,0.22,0.22,22.2,59.0,938.0,820.0,0.23116733,8,13,4,0,,,,1.3418334,0.0,0.0,0.0,601.8542
0.22,0.54,0.22,0.22,21.7,59.0,873.0,807.0,0.22715567,8,14,4,0,,,,1.6900834,0.0,0.0,0.0,604.54584
0.22,0.22,0.22,0.22,21.7,59.0,757.0,760.0,0.22753982,8,15,4,0,,,,3.7770834,0.0,0.0,0.0,574.2917
0.54,0.22,0.22,0.54,22.2,55.0,571.0,658.0,0.2353529,8,16,4,0,,,,2.6672168,0.0,0.0,0.0,500.90417
0.54,0.22,0.22,0.54,21.7,57.0,364.0,404.0,0.23584671,8,17,4,0,,,,2.96595,0.0,0.0,0.0,374.18332
0.54,0.22,0.22,0.54,20.6,63.0,164.0,139.0,0.23274596,8,18,4,0,,,,2.2887666,0.0,0.0,0.0,191.24167
0.54,0.22,0.22,0.54,19.4,70.0,3.0,31.0,0.23304069,8,19,4,0,,,,2.4074833,0.0,0.0,0.0,0.0
0.54,0.22,0.22,0.54,19.4,73.0,0.0,0.0,0.23109768,8,20,4,0,,,,0.79775,0.0,0.0,0.0,0.0
0.22,0.22,0.22,0.22,19.4,70.0,0.0,0.0,0.21602564,8,21,4,0,,,,0.8677833,0.0,0.0,0.0,0.0
0.22,0.22,0.22,0.22,19.4,73.0,0.0,0.0,0.20194961,8,22,4,0,,,,3.0733,0.0,0.0,0.0,0.0
0.22,0.22,0.22,0.22,19.4,76.0,0.0,0.0,0.19448805,8,23,4,0,,,,3.3424833,0.0,0.0,0.0,0.0
0.22,0.22,0.22,0.22,17.2,87.0,0.0,0.0,0.18639214,8,24,4,0,,,,0.24590833,0.0,0.0,0.0,0.0
0.22,0.22,0.22,0.22,18.9,75.0,0.0,0.0,0.17346375,8,1,5,0,,,,0.6951333,0.0,0.0,0.0,0.0
0.22,0.22,0.22,0.22,18.3,78.0,0.0,0.0,0.16874586,8,2,5,0,,,,0.98183334,0.0,0.0,0.0,0.0
0.22,0.22,0.22,0.22,18.3,76.0,0.0,0.0,0.165598,8,3,5,0,,,,0.24146667,0.0,0.0,0.0,0.0
0.22,0.22,0.54,0.22,17.8,78.0,0.0,0.0,0.16467601,8,4,5,0,,,,0.2435,0.0,0.0,0.0,0.0
0.22,0.22,0.54,0.22,17.8,78.0,0.0,0.0,0.16682853,8,5,5,0,,,,0.24176666,0.0,0.0,0.0,0.0
0.22,0.22,0.54,0.22,17.8,87.0,8.0,67.0,0.16927247,8,6,5,0,,,,0.36305,0.0,0.0,0.0,0.0
0.22,0.22,0.54,0.22,18.9,81.0,161.0,389.0,0.16670689,8,7,5,0,,,,0.96905,0.0,0.0,0.0,12.570833
0.22,0.22,0.54,0.22,20.0,76.0,368.0,565.0,0.17726123,8,8,5,0,,,,0.99485,0.0,0.0,0.0,69.254166
0.22,0.22,0.22,0.22,21.7,70.0,564.0,647.0,0.19046624,8,9,5,0,,,,0.48703334,0.0,0.0,0.0,195.925
0.22,0.54,0.22,0.22,20.6,73.0,737.0,703.0,0.19757639,8,10,5,0,,,,0.48043334,0.0,0.0,0.0,335.5875
0.22,0.54,0.22,0.22,21.7,70.0,873.0,792.0,0.20541558,8,11,5,0,,,,0.583,0.0,0.0,0.0,459.4625
0.22,0.54,0.22,0.22,21.1,71.0,935.0,815.0,0.21245,8,12,5,0,,,,1.4430166,0.0,0.0,0.0,553.1625
0.22,0.54,0.22,0.22,21.7,68.0,938.0,820.0,0.21967605,8,13,5,0,,,,2.0887833,0.0,0.0,0.0,608.82916
0.22,0.54,0.22,0.22,22.2,66.0,867.0,771.0,0.22382922,8,14,5,0,,,,4.114267,0.0,0.0,0.0,621.76666
0.22,0.22,0.22,0.22,21.7,68.0,717.0,662.0,0.22466996,8,15,5,0,,,,3.8571334,0.0,0.0,0.0,585.325
0.54,0.22,0.22,0.4,21.1,73.0,572.0,664.0,0.22754116,8,16,5,0,,,,3.6715333,0.0,0.0,0.0,490.28333
0.54,0.22,0.22,0.4,21.1,68.0,392.0,545.0,0.23206244,8,17,5,0,,,,2.1684,0.0,0.0,0.0,349.875
0.54,0.22,0.22,0.4,19.4,79.0,202.0,228.0,0.22989307,8,18,5,0,,,,2.0450666,0.0,0.0,0.0,141.68333
0.54,0.22,0.22,0.4,18.9,84.0,3.0,47.0,0.22057925,8,19,5,0,,,,0.50015,0.0,0.0,0.0,0.96666664
0.54,0.22,0.22,0.4,17.2,87.0,0.0,0.0,0.2123547,8,20,5,0,,,,0.6344,0.0,0.0,0.0,0.0
0.22,0.22,0.22,0.22,17.2,87.0,0.0,0.0,0.2057115,8,21,5,0,,,,0.81006664,0.0,0.0,0.0,0.0
0.22,0.22,0.22,0.22,17.8,84.0,0.0,0.0,0.19880463,8,22,5,0,,,,3.5341334,0.0,0.0,0.0,0.0
0.22,0.22,0.22,0.22,17.8,87.0,0.0,0.0,0.19632304,8,23,5,0,,,,2.2852833,0.0,0.0,0.0,0.0
0.22,0.22,0.22,0.22,17.8,84.0,0.0,0.0,0.1812672,8,24,5,0,,,,1.827425,0.0,0.0,0.0,0.0
0.22,0.22,0.22,0.22,17.2,84.0,0.0,0.0,0.16346043,8,1,6,0,,,,0.35181665,0.0,0.0,0.0,0.0
0.22,0.22,0.22,0.22,17.2,87.0,0.0,0.0,0.16344269,8,2,6,0,,,,0.34628335,0.0,0.0,0.0,0.0
0.22,0.22,0.22,0.22,16.7,90.0,0.0,0.0,0.16024277,8,3,6,0,,,,0.34535,0.0,0.0,0.0,0.0
0.22,0.22,0.4,0.22,16.7,90.0,0.0,0.0,0.15649423,8,4,6,0,,,,0.33596668,0.0,0.0,0.0,0.0
0.22,0.22,0.4,0.22,16.7,93.0,0.0,0.0,0.1562618,8,5,6,0,,,,0.333,0.0,0.0,0.0,0.0
0.22,0.22,0.4,0.22,17.2,90.0,5.0,7.0,0.15755376,8,6,6,0,,,,0.32751667,0.0,0.0,0.0,0.65
0.22,0.22,0.4,0.22,17.2,87.0,96.0,36.0,0.15365233,8,7,6,0,,,,0.3314,0.0,0.0,0.0,26.783333
0.22,0.22,0.4,0.22,17.8,87.0,214.0,51.0,0.15619338,8,8,6,0,,,,1.4422,0.0,0.0,0.0,79.85833
0.22,0.22,0.22,0.22,20.6,73.0,238.0,17.0,0.17209268,8,9,6,0,,,,0.35753334,0.0,0.0,0.0,193.78334
0.22,0.4,0.22,0.22,19.4,79.0,412.0,83.0,0.18427026,8,10,6,0,,,,1.8106,0.0,0.0,0.0,321.625
0.22,0.4,0.22,0.22,19.4,79.0,511.0,107.0,0.19368331,8,11,6,0,,,,1.8813167,0.0,0.0,0.0,440.25833
0.22,0.4,0.22,0.22,20.0,76.0,584.0,162.0,0.20164245,8,12,6,0,,,,1.7139333,0.0,0.0,0.0,526.54584
0.22,0.4,0.22,0.22,20.0,76.0,766.0,404.0,0.20912051,8,13,6,0,,,,1.49425,0.0,0.0,0.0,573.3458
0.22,0.4,0.22,0.22,20.6,75.0,713.0,413.0,0.21304683,8,14,6,0,,,,2.7159333,0.0,0.0,0.0,586.05414
0.22,0.22,0.22,0.22,19.4,79.0,589.0,307.0,0.21532997,8,15,6,0,,,,3.0956666,0.0,0.0,0.0,551.00415
0.4,0.22,0.22,0.4,18.9,78.0,331.0,82.0,0.22042516,8,16,6,0,,,,2.4665167,0.0,0.0,0.0,444.4
0.4,0.22,0.22,0.4,17.2,87.0,193.0,13.0,0.22268972,8,17,6,0,,,,4.072067,0.0,0.0,0.0,319.05
0.4,0.22,0.22,0.4,17.2,90.0,104.0,0.0,0.22481672,8,18,6,0,,,,1.9731667,0.0,0.0,0.0,137.30833
0.4,0.22,0.22,0.4,17.2,87.0,1.0,0.0,0.22483195,8,19,6,0,,,,1.9266334,0.0,0.0,0.0,2.9041667
0.4,0.22,0.22,0.4,17.2,87.0,0.0,0.0,0.22538827,8,20,6,0,,,,2.5477333,0.0,0.0,0.0,0.0
0.22,0.22,0.22,0.22,17.2,87.0,0.0,0.0,0.21652016,8,21,6,0,,,,1.6915,0.0,0.0,0.0,0.0
0.22,0.22,0.22,0.22,17.2,87.0,0.0,0.0,0.20304233,8,22,6,0,,,,1.8841333,0.0,0.0,0.0,0.0
0.22,0.22,0.22,0.22,17.2,87.0,0.0,0.0,0.18962395,8,23,6,0,,,,2.0754166,0.0,0.0,0.0,0.0
0.22,0.22,0.22,0.22,17.8,84.0,0.0,0.0,0.17017591,8,24,6,0,,,,0.85744166,0.0,0.0,0.0,0.0
0.22,0.22,0.22,0.22,17.8,84.0,0.0,0.0,0.16033652,8,1,7,0,,,,0.75621665,0.0,0.0,0.0,0.0
0.22,0.22,0.22,0.22,17.2,87.0,0.0,0.0,0.15772194,8,2,7,0,,,,0.6002167,0.0,0.0,0.0,0.0
0.22,0.22,0.22,0.22,17.2,90.0,0.0,0.0,0.15694922,8,3,7,0,,,,0.71155,0.0,0.0,0.0,0.0
0.22,0.22,0.4,0.22,17.2,90.0,0.0,0.0,0.15609089,8,4,7,0,,,,0.5976667,0.0,0.0,0.0,0.0
0.22,0.22,0.4,0.22,17.2,90.0,0.0,0.0,0.16041894,8,5,7,0,,,,0.45523334,0.0,0.0,0.0,0.0
0.22,0.22,0.4,0.22,17.2,90.0,2.0,0.0,0.16736132,8,6,7,0,,,,0.34163332,0.0,0.0,0.0,5.170833
0.22,0.22,0.4,0.22,18.3,84.0,60.0,0.0,0.17729597,8,7,7,0,,,,1.16325,0.0,0.0,0.0,28.8375
0.22,0.22,0.4,0.22,19.4,79.0,144.0,6.0,0.18999735,8,8,7,0,,,,0.6156833,0.0,0.0,0.0,79.23333
0.22,0.22,0.22,0.22,20.6,73.0,336.0,93.0,0.20736493,8,9,7,0,,,,1.7480333,0.0,0.0,0.0,166.73334
0.22,0.4,0.22,0.22,20.0,78.0,506.0,195.0,0.217713,8,10,7,0,,,,0.28281668,0.0,0.0,0.0,331.87082
0.22,0.4,0.22,0.22,20.0,76.0,540.0,143.0,0.22372174,8,11,7,0,,,,2.4431,0.0,0.0,0.0,311.32916
0.22,0.4,0.22,0.22,20.6,73.0,638.0,228.0,0.23122235,8,12,7,0,,,,2.5310166,0.0,0.0,0.0,265.99582
0.22,0.4,0.22,0.22,20.6,73.0,828.0,518.0,0.23819557,8,13,7,0,,,,1.3329,0.0,0.0,0.0,489.95416
0.22,0.4,0.22,0.22,21.1,73.0,739.0,479.0,0.24522802,8,14,7,0,,,,1.8346833,0.0,0.0,0.0,255.72084
0.22,0.22,0.22,0.22,21.7,70.0,617.0,368.0,0.24058734,8,15,7,0,,,,2.4219167,0.0,0.0,0.0,401.6625
0.4,0.22,0.22,0.54,18.9,81.0,324.0,75.0,0.23944484,8,16,7,0,,,,2.2483666,0.0,0.0,0.0,467.99582
0.4,0.22,0.22,0.54,18.3,84.0,290.0,240.0,0.24128716,8,17,7,0,,,,2.1375833,0.0,0.0,0.0,331.6125
0.4,0.22,0.22,0.54,17.8,87.0,126.0,54.0,0.24164122,8,18,7,0,,,,2.1467166,0.0,0.0,0.0,148.9875
0.4,0.22,0.22,0.54,17.2,90.0,1.0,9.0,0.24213316,8,19,7,0,,,,2.5283,0.0,0.0,0.0,0.21666667
0.4,0.22,0.22,0.54,17.8,87.0,0.0,0.0,0.23785499,8,20,7,0,,,,2.0263,0.0,0.0,0.0,0.0
0.22,0.22,0.22,0.22,17.2,90.0,0.0,0.0,0.2270297,8,21,7,0,,,,1.7635666,0.0,0.0,0.0,0.0
0.22,0.22,0.22,0.22,17.8,87.0,0.0,0.0,0.21306464,8,22,7,0,,,,0.5430667,0.0,0.0,0.0,0.0
0.22,0.22,0.22,0.22,17.8,87.0,0.0,0.0,0.19580601,8,23,7,0,,,,1.2898333,0.0,0.0,0.0,0.0
0.22,0.22,0.22,0.22,18.9,84.0,0.0,0.0,0.18020812,8,24,7,0,,,,2.2016416,0.0,0.0,0.0,0.0
0.22,0.22,0.22,0.22,17.8,87.0,0.0,0.0,0.17455468,8,1,1,0,,,,0.26481667,0.0,0.0,0.0,0.0
0.22,0.22,0.22,0.22,17.8,87.0,0.0,0.0,0.17271367,8,2,1,0,,,,0.26173332,0.0,0.0,0.0,0.0
0.22,0.22,0.22,0.22,17.2,87.0,0.0,0.0,0.16884063,8,3,1,0,,,,0.25961667,0.0,0.0,0.0,0.0
0.22,0.22,0.54,0.22,17.8,87.0,0.0,0.0,0.17013781,8,4,1,0,,,,0.26061666,0.0,0.0,0.0,0.0
0.22,0.22,0.54,0.22,17.8,90.0,0.0,0.0,0.17543207,8,5,1,0,,,,0.26008335,0.0,0.0,0.0,0.0
0.22,0.22,0.54,0.22,18.3,90.0,2.0,0.0,0.18069291,8,6,1,0,,,,0.53908336,0.0,0.0,0.0,0.0
0.22,0.22,0.54,0.22,19.4,84.0,67.0,0.0,0.19023214,8,7,1,0,,,,2.2979333,0.0,0.0,0.0,16.275
0.22,0.22,0.54,0.22,19.4,84.0,158.0,11.0,0.20002891,8,8,1,0,,,,0.26941666,0.0,0.0,0.0,68.325
0.22,0.22,0.22,0.22,21.7,76.0,450.0,262.0,0.21430936,8,9,1,0,,,,0.26255,0.0,0.0,0.0,189.375
0.22,0.54,0.22,0.22,22.8,71.0,649.0,479.0,0.22998254,8,10,1,0,,,,0.26136667,0.0,0.0,0.0,326.2375
0.22,0.54,0.22,0.22,21.7,73.0,856.0,715.0,0.23196468,8,11,1,0,,,,0.2666,0.0,0.0,0.0,446.35834
0.22,0.54,0.22,0.22,21.7,73.0,930.0,821.0,0.24212317,8,12,1,0,,,,0.28346667,0.0,0.0,0.0,539.51666
0.22,0.54,0.22,0.22,22.2,71.0,927.0,820.0,0.25039464,8,13,1,0,,,,0.27923334,0.0,0.0,0.0,599.1667
0.22,0.54,0.22,0.22,22.2,71.0,869.0,807.0,0.25627604,8,14,1,0,,,,0.26353332,0.0,0.0,0.0,609.35
0.22,0.22,0.22,0.22,21.7,73.0,746.0,761.0,0.2557043,8,15,1,0,,,,0.26535,0.0,0.0,0.0,572.24585
0.54,0.22,0.22,0.54,21.7,70.0,583.0,678.0,0.25156593,8,16,1,0,,,,0.37688333,0.0,0.0,0.0,377.19168
0.54,0.22,0.22,0.54,21.1,73.0,380.0,534.0,0.24980605,8,17,1,0,,,,3.5263333,0.0,0.0,0.0,304.62918
0.54,0.22,0.22,0.54,20.0,81.0,186.0,202.0,0.25930232,8,18,1,0,,,,2.73315,0.0,0.0,0.0,110.25
0.54,0.22,0.22,0.54,19.4,84.0,0.0,32.0,0.25803325,8,19,1,0,,,,2.06445,0.0,0.0,0.0,0.0
0.54,0.22,0.22,0.54,18.9,84.0,0.0,0.0,0.25137052,8,20,1,0,,,,2.0899334,0.0,0.0,0.0,0.0
0.22,0.22,0.22,0.22,19.4,84.0,0.0,0.0,0.24764936,8,21,1,0,,,,2.0470667,0.0,0.0,0.0,0.0
0.22,0.22,0.22,0.22,18.9,84.0,0.0,0.0,0.23485824,8,22,1,0,,,,1.5803167,0.0,0.0,0.0,0.0
0.22,0.22,0.22,0.22,18.9,90.0,0.0,0.0,0.21446648,8,23,1,0,,,,0.81951666,0.0,0.0,0.0,0.0
0.22,0.22,0.22,0.22,18.3,84.0,0.0,0.0,0.16545564,8,24,1,0,,,,0.71885,0.0,0.0,0.0,0.0
0.22,0.22,0.22,0.22,18.3,87.0,0.0,0.0,0.15216203,8,1,2,0,,,,0.27966666,0.0,0.0,0.0,0.0
0.22,0.22,0.22,0.22,17.8,90.0,0.0,0.0,0.14355169,8,2,2,0,,,,0.27598333,0.0,0.0,0.0,0.0
0.22,0.22,0.22,0.22,17.2,90.0,0.0,0.0,0.14286165,8,3,2,0,,,,0.2758,0.0,0.0,0.0,0.0
0.22,0.22,0.54,0.22,17.2,90.0,0.0,0.0,0.14357448,8,4,2,0,,,,0.27636668,0.0,0.0,0.0,0.0
0.22,0.22,0.54,0.22,17.2,90.0,0.0,0.0,0.14594239,8,5,2,0,,,,0.2751,0.0,0.0,0.0,0.0
0.22,0.22,0.54,0.22,17.2,90.0,4.0,15.0,0.1610116,8,6,2,0,,,,0.51848334,0.0,0.0,0.0,0.0
0.22,0.22,0.54,0.22,17.2,90.0,74.0,10.0,0.17976634,8,7,2,0,,,,0.90215,0.0,0.0,0.0,19.975
0.22,0.22,0.54,0.22,18.3,84.0,223.0,79.0,0.19636767,8,8,2,0,,,,0.73861665,0.0,0.0,0.0,69.958336
0.22,0.22,0.22,0.22,18.9,81.0,372.0,134.0,0.19294024,8,9,2,0,,,,0.29681668,0.0,0.0,0.0,188.88126
0.22,0.54,0.22,0.22,19.4,79.0,429.0,112.0,0.19900379,8,10,2,0,,,,0.27545,0.0,0.0,0.0,322.775
0.22,0.54,0.22,0.22,19.0,83.0,833.0,620.0,0.20030943,8,11,2,0,,,,0.28176665,0.0,0.0,0.0,441.38333
0.22,0.54,0.22,0.22,20.0,78.0,894.0,695.0,0.2034189,8,12,2,0,,,,0.29145,0.0,0.0,0.0,530.775
0.22,0.54,0.22,0.22,21.1,73.0,927.0,820.0,0.20828731,8,13,2,0,,,,0.29288334,0.0,0.0,0.0,577.625
0.22,0.54,0.22,0.22,21.1,71.0,863.0,807.0,0.21704838,8,14,2,0,,,,0.27815,0.0,0.0,0.0,575.51666
0.22,0.22,0.22,0.22,20.6,75.0,740.0,755.0,0.22218047,8,15,2,0,,,,1.2031167,0.0,0.0,0.0,532.0917
0.54,0.22,0.22,0.54,21.1,73.0,577.0,672.0,0.22252545,8,16,2,0,,,,1.42475,0.0,0.0,0.0,438.38333
0.54,0.22,0.22,0.54,20.6,75.0,383.0,529.0,0.2181141,8,17,2,0,,,,1.85065,0.0,0.0,0.0,297.95834
0.54,0.22,0.22,0.54,19.4,81.0,193.0,187.0,0.21641642,8,18,2,0,,,,2.2803833,0.0,0.0,0.0,113.59167
0.54,0.22,0.22,0.54,18.9,81.0,0.0,0.0,0.20795259,8,19,2,0,,,,3.4754333,0.0,0.0,0.0,0.0
0.54,0.22,0.22,0.54,18.0,88.0,0.0,0.0,0.20649153,8,20,2,0,,,,1.1424167,0.0,0.0,0.0,0.0
0.22,0.22,0.22,0.22,17.8,84.0,0.0,0.0,0.195764,8,21,2,0,,,,0.80951667,0.0,0.0,0.0,0.0
0.22,0.22,0.22,0.22,18.3,81.0,0.0,0.0,0.17433076,8,22,2,0,,,,3.7197666,0.0,0.0,0.0,0.0
0.22,0.22,0.22,0.22,18.3,81.0,0.0,0.0,0.15363717,8,23,2,0,,,,1.4118834,0.0,0.0,0.0,0.0
0.22,0.22,0.22,0.22,19.4,81.0,0.0,0.0,0.1383783,8,24,2,0,,,,0.88725835,0.0,0.0,0.0,0.0
0.22,0.22,0.22,0.22,18.3,81.0,0.0,0.0,0.1304747,8,1,3,0,,,,0.36153334,0.0,0.0,0.0,0.0
0.22,0.22,0.22,0.22,18.3,81.0,0.0,0.0,0.12824933,8,2,3,0,,,,0.83596665,0.0,0.0,0.0,0.0
0.22,0.22,0.22,0.22,18.3,84.0,0.0,0.0,0.12556714,8,3,3,0,,,,0.36335,0.0,0.0,0.0,0.0
0.22,0.22,0.54,0.22,18.3,87.0,0.0,0.0,0.12654418,8,4,3,0,,,,0.36355,0.0,0.0,0.0,0.0
0.22,0.22,0.54,0.22,18.3,87.0,0.0,0.0,0.12891799,8,5,3,0,,,,0.3609,0.0,0.0,0.0,0.0
0.22,0.22,0.54,0.22,18.3,87.0,4.0,39.0,0.13378413,8,6,3,0,,,,0.4365,0.0,0.0,0.0,0.20833333
0.22,0.22,0.54,0.22,18.9,87.0,94.0,61.0,0.14847517,8,7,3,0,,,,0.39068332,0.0,0.0,0.0,23.683332
0.22,0.22,0.54,0.22,18.9,87.0,222.0,79.0,0.16355442,8,8,3,0,,,,0.86715,0.0,0.0,0.0,70.14167
0.22,0.22,0.22,0.22,18.3,87.0,506.0,454.0,0.17016734,8,9,3,0,,,,0.21358334,0.0,0.0,0.0,185.1625
0.22,0.54,0.22,0.22,19.4,79.0,698.0,585.0,0.17915875,8,10,3,0,,,,0.21281667,0.0,0.0,0.0,319.78333
0.22,0.54,0.22,0.22,20.6,70.0,867.0,786.0,0.1880875,8,11,3,0,,,,0.35426667,0.0,0.0,0.0,440.66666
0.22,0.54,0.22,0.22,21.7,68.0,924.0,821.0,0.19127527,8,12,3,0,,,,0.46203333,0.0,0.0,0.0,529.05835
0.22,0.54,0.22,0.22,21.1,71.0,927.0,820.0,0.19956501,8,13,3,0,,,,0.23118334,0.0,0.0,0.0,580.2375
0.22,0.54,0.22,0.22,21.7,68.0,863.0,808.0,0.20393631,8,14,3,0,,,,0.21225,0.0,0.0,0.0,585.87085
0.22,0.22,0.22,0.22,21.1,71.0,741.0,755.0,0.21013579,8,15,3,0,,,,1.30475,0.0,0.0,0.0,547.3542
0.54,0.22,0.22,0.54,21.1,71.0,570.0,660.0,0.21277127,8,16,3,0,,,,1.7422667,0.0,0.0,0.0,457.69168
0.54,0.22,0.22,0.54,21.7,66.0,358.0,429.0,0.20812888,8,17,3,0,,,,1.8311666,0.0,0.0,0.0,318.82916
0.54,0.22,0.22,0.54,21.1,68.0,121.0,38.0,0.20171595,8,18,3,0,,,,1.77125,0.0,0.0,0.0,118.729164
0.54,0.22,0.22,0.54,21.1,71.0,0.0,0.0,0.1922492,8,19,3,0,,,,1.8482167,0.0,0.0,0.0,0.0
0.54,0.22,0.22,0.54,20.6,75.0,0.0,0.0,0.1907473,8,20,3,0,,,,1.00345,0.0,0.0,0.0,0.0
0.22,0.22,0.22,0.22,20.0,78.0,0.0,0.0,0.17756912,8,21,3,0,,,,2.0479834,0.0,0.0,0.0,0.0
0.22,0.22,0.22,0.22,20.0,78.0,0.0,0.0,0.1554076,8,22,3,0,,,,3.35725,0.0,0.0,0.0,0.0
0.22,0.22,0.22,0.22,19.4,84.0,0.0,0.0,0.13926315,8,23,3,0,,,,1.5413166,0.0,0.0,0.0,0.0
0.22,0.22,0.22,0.22,20.0,78.0,0.0,0.0,0.12572819,8,24,3,0,,,,0.753675,0.0,0.0,0.0,0.0
0.22,0.22,0.22,0.22,19.4,81.0,0.0,0.0,0.12246116,8,1,4,0,,,,0.2373,0.0,0.0,0.0,0.0
0.22,0.22,0.22,0.22,19.4,81.0,0.0,0.0,0.12300653,8,2,4,0,,,,0.67045,0.0,0.0,0.0,0.0
0.22,0.22,0.22,0.22,20.0,78.0,0.0,0.0,0.12280988,8,3,4,0,,,,0.23311667,0.0,0.0,0.0,0.0
0.22,0.22,0.54,0.22,18.9,84.0,0.0,0.0,0.12199723,8,4,4,0,,,,0.23263334,0.0,0.0,0.0,0.0
0.22,0.22,0.54,0.22,19.4,84.0,0.0,0.0,0.12606038,8,5,4,0,,,,0.23153333,0.0,0.0,0.0,0.0
0.22,0.22,0.54,0.22,19.4,87.0,4.0,50.0,0.1297125,8,6,4,0,,,,0.6753333,0.0,0.0,0.0,0.65
0.22,0.22,0.54,0.22,20.6,84.0,146.0,369.0,0.1425291,8,7,4,0,,,,0.49001667,0.0,0.0,0.0,27.120832
0.22,0.22,0.54,0.22,22.2,76.0,370.0,575.0,0.15983927,8,8,4,0,,,,0.5880833,0.0,0.0,0.0,76.325
0.22,0.22,0.22,0.22,23.3,69.0,578.0,670.0,0.1674407,8,9,4,0,,,,0.23401667,0.0,0.0,0.0,185.20833
0.22,0.54,0.22,0.22,22.8,66.0,687.0,555.0,0.17298684,8,10,4,0,,,,0.23256667,0.0,0.0,0.0,316.79166
0.22,0.54,0.22,0.22,22.8,66.0,844.0,721.0,0.17919043,8,11,4,0,,,,0.23885,0.0,0.0,0.0,429.27917
0.22,0.54,0.22,0.22,22.8,64.0,924.0,821.0,0.18283571,8,12,4,0,,,,0.24706666,0.0,0.0,0.0,516.88336
0.22,0.54,0.22,0.22,23.3,57.0,921.0,796.0,0.18461731,8,13,4,0,,,,0.2427,0.0,0.0,0.0,562.99164
0.22,0.54,0.22,0.22,22.8,66.0,812.0,632.0,0.18848312,8,14,4,0,,,,0.26849166,0.0,0.0,0.0,570.76666
0.22,0.22,0.22,0.22,23.3,64.0,735.0,663.0,0.1866499,8,15,4,0,,,,1.3631,0.0,0.0,0.0,542.4083
0.54,0.22,0.22,0.54,22.2,68.0,475.0,359.0,0.18166575,8,16,4,0,,,,1.6591667,0.0,0.0,0.0,455.89584
0.54,0.22,0.22,0.54,21.1,66.0,369.0,430.0,0.17806819,8,17,4,0,,,,1.8732667,0.0,0.0,0.0,313.96667
0.54,0.22,0.22,0.54,20.6,73.0,168.0,155.0,0.17564665,8,18,4,0,,,,1.17355,0.0,0.0,0.0,113.708336
0.54,0.22,0.22,0.54,20.6,73.0,0.0,0.0,0.1713441,8,19,4,0,,,,0.8203833,0.0,0.0,0.0,0.0
0.54,0.22,0.22,0.54,20.6,75.0,0.0,0.0,0.17236494,8,20,4,0,,,,1.5041667,0.0,0.0,0.0,0.0
0.22,0.22,0.22,0.22,20.0,78.0,0.0,0.0,0.16433865,8,21,4,0,,,,1.2369167,0.0,0.0,0.0,0.0
0.22,0.22,0.22,0.22,20.6,75.0,0.0,0.0,0.14770576,8,22,4,0,,,,2.0503833,0.0,0.0,0.0,0.0
0.22,0.22,0.22,0.22,20.0,78.0,0.0,0.0,0.14025033,8,23,4,0,,,,3.4101,0.0,0.0,0.0,0.0
0.22,0.22,0.22,0.22,20.6,78.0,0.0,0.0,0.1267311,8,24,4,0,,,,0.703275,0.0,0.0,0.0,0.0
0.22,0.22,0.22,0.22,19.4,84.0,0.0,0.0,0.11290501,8,1,5,0,,,,0.3621,0.0,0.0,0.0,0.0
0.22,0.22,0.22,0.22,19.4,81.0,0.0,0.0,0.11222248,8,2,5,0,,,,0.37776667,0.0,0.0,0.0,0.0
0.22,0.22,0.22,0.22,18.9,84.0,0.0,0.0,0.11223427,8,3,5,0,,,,0.40825,0.0,0.0,0.0,0.0
0.22,0.22,0.54,0.22,19.4,81.0,0.0,0.0,0.11249726,8,4,5,0,,,,0.40788335,0.0,0.0,0.0,0.0
0.22,0.22,0.54,0.22,19.4,81.0,0.0,0.0,0.11710897,8,5,5,0,,,,0.40761667,0.0,0.0,0.0,0.0
0.22,0.22,0.54,0.22,19.4,84.0,2.0,4.0,0.11995357,8,6,5,0,,,,0.6839667,0.0,0.0,0.0,0.675
0.22,0.22,0.54,0.22,20.6,78.0,145.0,288.0,0.11926738,8,7,5,0,,,,0.68803334,0.0,0.0,0.0,37.845833
0.22,0.22,0.54,0.22,22.2,71.0,240.0,113.0,0.12042232,8,8,5,0,,,,0.40368333,0.0,0.0,0.0,112.825
0.22,0.22,0.22,0.22,22.2,73.0,330.0,87.0,0.13002145,8,9,5,0,,,,0.33585,0.0,0.0,0.0,196.50417
0.22,0.54,0.22,0.22,25.6,56.0,467.0,148.0,0.14395474,8,10,5,0,,,,0.33666667,0.0,0.0,0.0,316.4125
0.22,0.54,0.22,0.22,24.4,60.0,649.0,292.0,0.15522094,8,11,5,0,,,,0.34648332,0.0,0.0,0.0,461.95834
0.22,0.54,0.22,0.22,23.3,62.0,733.0,372.0,0.15975568,8,12,5,0,,,,0.35498333,0.0,0.0,0.0,553.2625
0.22,0.54,0.22,0.22,24.4,58.0,854.0,561.0,0.15851407,8,13,5,0,,,,0.31261668,0.0,0.0,0.0,604.44586
0.22,0.54,0.22,0.22,23.3,60.0,587.0,231.0,0.16206087,8,14,5,0,,,,0.29956666,0.0,0.0,0.0,611.5625
0.22,0.22,0.22,0.22,23.3,62.0,654.0,510.0,0.16454153,8,15,5,0,,,,0.6289667,0.0,0.0,0.0,579.325
0.54,0.22,0.22,0.4,22.2,71.0,446.0,296.0,0.1667069,8,16,5,0,,,,2.8106334,0.0,0.0,0.0,497.91666
0.54,0.22,0.22,0.4,21.1,78.0,335.0,425.0,0.16490646,8,17,5,0,,,,3.4190333,0.0,0.0,0.0,359.30832
0.54,0.22,0.22,0.4,23.3,64.0,154.0,109.0,0.16672051,8,18,5,0,,,,0.99255,0.0,0.0,0.0,144.425
0.54,0.22,0.22,0.4,22.8,66.0,0.0,0.0,0.16270733,8,19,5,0,,,,0.6877667,0.0,0.0,0.0,0.0
0.54,0.22,0.22,0.4,21.7,76.0,0.0,0.0,0.16821206,8,20,5,0,,,,0.57946664,0.0,0.0,0.0,0.0
0.22,0.22,0.22,0.22,21.7,73.0,0.0,0.0,0.16577187,8,21,5,0,,,,0.57551664,0.0,0.0,0.0,0.0
0.22,0.22,0.22,0.22,20.6,81.0,0.0,0.0,0.14581016,8,22,5,0,,,,0.9181167,0.0,0.0,0.0,0.0
0.22,0.22,0.22,0.22,20.6,81.0,0.0,0.0,0.13858277,8,23,5,0,,,,4.07525,0.0,0.0,0.0,0.0
0.22,0.22,0.22,0.22,18.3,84.0,0.0,0.0,0.119238645,8,24,5,0,,,,2.0883167,0.0,0.0,0.0,0.0
0.22,0.22,0.22,0.22,20.6,78.0,0.0,0.0,0.10592147,8,1,6,0,,,,1.2922666,0.0,0.0,0.0,0.0
0.22,0.22,0.22,0.22,21.1,76.0,0.0,0.0,0.10393371,8,2,6,0,,,,0.9285167,0.0,0.0,0.0,0.0
0.22,0.22,0.22,0.22,20.6,78.0,0.0,0.0,0.10275838,8,3,6,0,,,,0.91791666,0.0,0.0,0.0,0.0
0.22,0.22,0.4,0.22,20.6,81.0,0.0,0.0,0.1037064,8,4,6,0,,,,0.8736167,0.0,0.0,0.0,0.0
0.22,0.22,0.4,0.22,20.0,84.0,0.0,0.0,0.102927074,8,5,6,0,,,,0.70495,0.0,0.0,0.0,0.0
0.22,0.22,0.4,0.22,20.0,84.0,2.0,28.0,0.10879468,8,6,6,0,,,,1.0369,0.0,0.0,0.0,0.0
0.22,0.22,0.4,0.22,20.6,84.0,141.0,327.0,0.11544557,8,7,6,0,,,,0.67658335,0.0,0.0,0.0,12.4375
0.22,0.22,0.4,0.22,21.1,81.0,281.0,225.0,0.11807388,8,8,6,0,,,,0.33913332,0.0,0.0,0.0,77.2
0.22,0.22,0.22,0.22,20.6,81.0,541.0,547.0,0.12598336,8,9,6,0,,,,0.3288,0.0,0.0,0.0,203.50833
0.22,0.4,0.22,0.22,21.7,76.0,719.0,709.0,0.13941324,8,10,6,0,,,,0.6476333,0.0,0.0,0.0,325.425
0.22,0.4,0.22,0.22,21.7,73.0,838.0,739.0,0.14960563,8,11,6,0,,,,1.3261334,0.0,0.0,0.0,448.5875
0.22,0.4,0.22,0.22,21.7,73.0,906.0,779.0,0.15632375,8,12,6,0,,,,0.4215,0.0,0.0,0.0,535.94586
0.22,0.4,0.22,0.22,22.8,66.0,916.0,820.0,0.15977418,8,13,6,0,,,,2.0390167,0.0,0.0,0.0,585.44586
0.22,0.4,0.22,0.22,22.2,71.0,851.0,802.0,0.15917177,8,14,6,0,,,,1.5540667,0.0,0.0,0.0,586.25415
0.22,0.22,0.22,0.22,21.7,70.0,729.0,750.0,0.16258298,8,15,6,0,,,,1.8135,0.0,0.0,0.0,542.5833
0.4,0.22,0.22,0.4,21.1,71.0,559.0,668.0,0.16317126,8,16,6,0,,,,2.84055,0.0,0.0,0.0,447.425
0.4,0.22,0.22,0.4,20.6,75.0,365.0,514.0,0.16494745,8,17,6,0,,,,2.2946,0.0,0.0,0.0,311.1625
0.4,0.22,0.22,0.4,20.0,76.0,186.0,152.0,0.16908333,8,18,6,0,,,,1.08035,0.0,0.0,0.0,114.45
0.4,0.22,0.22,0.4,18.9,81.0,0.0,0.0,0.16928911,8,19,6,0,,,,1.4412833,0.0,0.0,0.0,0.0
0.4,0.22,0.22,0.4,18.9,81.0,0.0,0.0,0.16647808,8,20,6,0,,,,2.45615,0.0,0.0,0.0,0.0
0.22,0.22,0.22,0.22,18.3,84.0,0.0,0.0,0.1617807,8,21,6,0,,,,0.7922,0.0,0.0,0.0,0.0
0.22,0.22,0.22,0.22,18.3,84.0,0.0,0.0,0.14061199,8,22,6,0,,,,1.8528167,0.0,0.0,0.0,0.0
0.22,0.22,0.22,0.22,18.3,87.0,0.0,0.0,0.13272463,8,23,6,0,,,,1.05925,0.0,0.0,0.0,0.0
0.22,0.22,0.22,0.22,19.0,83.0,0.0,0.0,0.119613975,8,24,6,0,,,,1.3637167,0.0,0.0,0.0,0.0
0.22,0.22,0.22,0.22,18.3,84.0,0.0,0.0,0.111507714,8,1,7,0,,,,0.85983336,0.0,0.0,0.0,0.0
0.22,0.22,0.22,0.22,18.3,87.0,0.0,0.0,0.11300204,8,2,7,0,,,,1.4333833,0.0,0.0,0.0,0.0
0.22,0.22,0.22,0.22,18.0,88.0,0.0,0.0,0.113491826,8,3,7,0,,,,0.36553332,0.0,0.0,0.0,0.0
0.22,0.22,0.4,0.22,17.8,87.0,0.0,0.0,0.1197398,8,4,7,0,,,,0.36508334,0.0,0.0,0.0,0.0
0.22,0.22,0.4,0.22,18.0,88.0,0.0,0.0,0.124483295,8,5,7,0,,,,0.36421666,0.0,0.0,0.0,0.0
0.22,0.22,0.4,0.22,17.8,90.0,2.0,25.0,0.13281311,8,6,7,0,,,,0.35496667,0.0,0.0,0.0,0.0
0.22,0.22,0.4,0.22,17.8,93.0,85.0,55.0,0.14699508,8,7,7,0,,,,0.35176668,0.0,0.0,0.0,15.341666
0.22,0.22,0.4,0.22,18.3,90.0,216.0,62.0,0.1588996,8,8,7,0,,,,0.36585,0.0,0.0,0.0,63.775
0.22,0.22,0.22,0.22,20.6,78.0,325.0,81.0,0.16418958,8,9,7,0,,,,0.3694,0.0,0.0,0.0,184.8875
0.22,0.4,0.22,0.22,20.0,81.0,401.0,77.0,0.17599991,8,10,7,0,,,,1.6364,0.0,0.0,0.0,322.14166
0.22,0.4,0.22,0.22,20.0,78.0,477.0,89.0,0.17860575,8,11,7,0,,,,2.1894834,0.0,0.0,0.0,438.88333
0.22,0.4,0.22,0.22,19.0,78.0,388.0,36.0,0.17833672,8,12,7,0,,,,2.9135,0.0,0.0,0.0,529.37085
0.22,0.4,0.22,0.22,20.0,78.0,483.0,78.0,0.1822783,8,13,7,0,,,,2.7740834,0.0,0.0,0.0,574.1375
0.22,0.4,0.22,0.22,20.0,76.0,768.0,535.0,0.1808716,8,14,7,0,,,,2.9568,0.0,0.0,0.0,582.74164
0.22,0.22,0.22,0.22,20.6,70.0,723.0,695.0,0.18101478,8,15,7,0,,,,2.4863334,0.0,0.0,0.0,546.725
0.4,0.22,0.22,0.54,20.6,70.0,560.0,662.0,0.18128003,8,16,7,0,,,,2.3216667,0.0,0.0,0.0,455.00418
0.4,0.22,0.22,0.54,21.1,63.0,358.0,508.0,0.18141524,8,17,7,0,,,,2.8256667,0.0,0.0,0.0,314.37918
0.4,0.22,0.22,0.54,20.6,70.0,172.0,145.0,0.18173088,8,18,7,0,,,,2.4977,0.0,0.0,0.0,110.6375
0.4,0.22,0.22,0.54,19.4,81.0,0.0,0.0,0.18017624,8,19,7,0,,,,1.9486667,0.0,0.0,0.0,0.0
0.4,0.22,0.22,0.54,19.4,81.0,0.0,0.0,0.18315384,8,20,7,0,,,,2.3781667,0.0,0.0,0.0,0.0
0.22,0.22,0.22,0.22,18.9,81.0,0.0,0.0,0.17197762,8,21,7,0,,,,2.2514668,0.0,0.0,0.0,0.0
0.22,0.22,0.22,0.22,19.4,81.0,0.0,0.0,0.14873075,8,22,7,0,,,,1.9759667,0.0,0.0,0.0,0.0
0.22,0.22,0.22,0.22,19.4,84.0,0.0,0.0,0.13817714,8,23,7,0,,,,1.7493666,0.0,0.0,0.0,0.0
0.22,0.22,0.22,0.22,17.8,87.0,0.0,0.0,0.12089709,8,24,7,0,,,,0.37755,0.0,0.0,0.0,0.0
0.22,0.22,0.22,0.22,18.3,87.0,0.0,0.0,0.1167798,8,1,1,0,,,,0.36478335,0.0,0.0,0.0,0.0
0.22,0.22,0.22,0.22,18.3,87.0,0.0,0.0,0.11440358,8,2,1,0,,,,0.35878333,0.0,0.0,0.0,0.0
0.22,0.22,0.22,0.22,18.3,87.0,0.0,0.0,0.1143159,8,3,1,0,,,,0.35475,0.0,0.0,0.0,0.0
0.22,0.22,0.54,0.22,17.8,87.0,0.0,0.0,0.11524548,8,4,1,0,,,,0.3562,0.0,0.0,0.0,0.0
0.22,0.22,0.54,0.22,17.8,87.0,0.0,0.0,0.122566365,8,5,1,0,,,,0.35378334,0.0,0.0,0.0,0.0
0.22,0.22,0.54,0.22,17.8,87.0,2.0,42.0,0.12656467,8,6,1,0,,,,0.58676666,0.0,0.0,0.0,0.0
0.22,0.22,0.54,0.22,18.3,87.0,153.0,411.0,0.13938518,8,7,1,0,,,,0.6534167,0.0,0.0,0.0,14.354167
0.22,0.22,0.54,0.22,19.4,81.0,345.0,478.0,0.14916779,8,8,1,0,,,,0.37028334,0.0,0.0,0.0,62.0625
0.22,0.22,0.22,0.22,21.1,73.0,397.0,210.0,0.16383786,8,9,1,0,,,,0.26371667,0.0,0.0,0.0,181.8
0.22,0.54,0.22,0.22,21.1,71.0,708.0,614.0,0.17135067,8,10,1,0,,,,0.26081666,0.0,0.0,0.0,315.25418
0.22,0.54,0.22,0.22,21.7,70.0,838.0,715.0,0.17394735,8,11,1,0,,,,0.26875,0.0,0.0,0.0,431.7
0.22,0.54,0.22,0.22,21.1,71.0,829.0,599.0,0.17379966,8,12,1,0,,,,0.27711666,0.0,0.0,0.0,519.81665
0.22,0.54,0.22,0.22,21.7,70.0,836.0,585.0,0.17420681,8,13,1,0,,,,0.27486667,0.0,0.0,0.0,570.7917
0.22,0.54,0.22,0.22,21.1,73.0,743.0,516.0,0.17692484,8,14,1,0,,,,1.0825,0.0,0.0,0.0,576.0125
0.22,0.22,0.22,0.22,21.0,73.0,471.0,172.0,0.1723805,8,15,1,0,,,,1.78745,0.0,0.0,0.0,534.85
0.54,0.22,0.22,0.54,19.4,81.0,255.0,25.0,0.17244105,8,16,1,0,,,,2.4903667,0.0,0.0,0.0,445.25833
0.54,0.22,0.22,0.54,18.9,81.0,185.0,14.0,0.17228259,8,17,1,0,,,,2.1038167,0.0,0.0,0.0,300.39166
0.54,0.22,0.22,0.54,17.8,87.0,104.0,0.0,0.17350604,8,18,1,0,,,,1.6112334,0.0,0.0,0.0,102.75833
0.54,0.22,0.22,0.54,17.2,90.0,0.0,0.0,0.17031686,8,19,1,0,,,,1.8694167,0.0,0.0,0.0,0.0
0.54,0.22,0.22,0.54,17.0,88.0,0.0,0.0,0.16898972,8,20,1,0,,,,1.6167834,0.0,0.0,0.0,0.0
0.22,0.22,0.22,0.22,17.2,90.0,0.0,0.0,0.15944085,8,21,1,0,,,,4.136017,0.0,0.0,0.0,0.0
0.22,0.22,0.22,0.22,17.2,90.0,0.0,0.0,0.13624564,8,22,1,0,,,,3.9309332,0.0,0.0,0.0,0.0
0.22,0.22,0.22,0.22,17.2,90.0,0.0,0.0,0.13383834,8,23,1,0,,,,3.6669,0.0,0.0,0.0,0.0
0.22,0.22,0.22,0.22,18.3,84.0,0.0,0.0,0.11440394,8,24,1,0,,,,2.4447584,0.0,0.0,0.0,0.0
0.22,0.22,0.22,0.22,18.3,84.0,0.0,0.0,0.103217274,8,1,2,0,,,,0.37116668,0.0,0.0,0.0,0.0
0.22,0.22,0.22,0.22,18.3,84.0,0.0,0.0,0.10115887,8,2,2,0,,,,0.41143334,0.0,0.0,0.0,0.0
0.22,0.22,0.22,0.22,18.9,81.0,0.0,0.0,0.10134187,8,3,2,0,,,,2.1465833,0.0,0.0,0.0,0.0
0.22,0.22,0.54,0.22,18.9,84.0,0.0,0.0,0.10545037,8,4,2,0,,,,0.364,0.0,0.0,0.0,0.0
0.22,0.22,0.54,0.22,18.9,81.0,0.0,0.0,0.114344545,8,5,2,0,,,,0.36433333,0.0,0.0,0.0,0.0
0.22,0.22,0.54,0.22,18.9,81.0,1.0,11.0,0.12258973,8,6,2,0,,,,0.55198336,0.0,0.0,0.0,0.0
0.22,0.22,0.54,0.22,19.4,79.0,108.0,115.0,0.14028229,8,7,2,0,,,,2.5318,0.0,0.0,0.0,13.158334
0.22,0.22,0.54,0.22,20.6,73.0,211.0,84.0,0.15117969,8,8,2,0,,,,0.40206668,0.0,0.0,0.0,60.954166
0.22,0.22,0.22,0.22,20.0,78.0,484.0,384.0,0.16518162,8,9,2,0,,,,0.36858332,0.0,0.0,0.0,178.3125
0.22,0.54,0.22,0.22,21.1,73.0,730.0,727.0,0.1711667,8,10,2,0,,,,0.3684,0.0,0.0,0.0,312.10416
0.22,0.54,0.22,0.22,21.7,68.0,856.0,810.0,0.17390637,8,11,2,0,,,,0.37643334,0.0,0.0,0.0,431.29584
0.22,0.54,0.22,0.22,21.7,70.0,913.0,821.0,0.17016913,8,12,2,0,,,,0.39561668,0.0,0.0,0.0,521.75415
0.22,0.54,0.22,0.22,21.7,70.0,910.0,820.0,0.17084423,8,13,2,0,,,,0.7310167,0.0,0.0,0.0,573.67084
0.22,0.54,0.22,0.22,21.7,70.0,840.0,802.0,0.1703418,8,14,2,0,,,,0.36456665,0.0,0.0,0.0,581.4708
0.22,0.22,0.22,0.22,21.1,73.0,718.0,726.0,0.16880803,8,15,2,0,,,,0.36425,0.0,0.0,0.0,534.88336
0.54,0.22,0.22,0.54,20.6,75.0,526.0,549.0,0.17503925,8,16,2,0,,,,2.3025832,0.0,0.0,0.0,432.35834
0.54,0.22,0.22,0.54,20.0,78.0,289.0,286.0,0.17774278,8,17,2,0,,,,2.1494668,0.0,0.0,0.0,269.4375
0.54,0.22,0.22,0.54,19.4,81.0,139.0,98.0,0.18002838,8,18,2,0,,,,2.1844168,0.0,0.0,0.0,89.07083
0.54,0.22,0.22,0.54,18.9,84.0,0.0,0.0,0.17817567,8,19,2,0,,,,0.9891667,0.0,0.0,0.0,0.0
0.54,0.22,0.22,0.54,18.9,84.0,0.0,0.0,0.18099675,8,20,2,0,,,,1.8959167,0.0,0.0,0.0,0.0
0.22,0.22,0.22,0.22,18.9,84.0,0.0,0.0,0.1661879,8,21,2,0,,,,1.9200333,0.0,0.0,0.0,0.0
0.22,0.22,0.22,0.22,18.9,84.0,0.0,0.0,0.14009285,8,22,2,0,,,,2.4844,0.0,0.0,0.0,0.0
0.22,0.22,0.22,0.22,18.3,84.0,0.0,0.0,0.118057325,8,23,2,0,,,,1.7901666,0.0,0.0,0.0,0.0
0.22,0.22,0.22,0.22,18.9,81.0,0.0,0.0,0.11597195,8,24,2,0,,,,2.650225,0.0,0.0,0.0,0.0
0.22,0.22,0.22,0.22,17.8,84.0,0.0,0.0,0.11320531,8,1,3,0,,,,1.01805,0.0,0.0,0.0,0.0
0.22,0.22,0.22,0.22,17.2,90.0,0.0,0.0,0.113149025,8,2,3,0,,,,0.91251665,0.0,0.0,0.0,0.0
0.22,0.22,0.22,0.22,18.3,84.0,0.0,0.0,0.11452624,8,3,3,0,,,,0.74383336,0.0,0.0,0.0,0.0
0.22,0.22,0.54,0.22,18.3,81.0,0.0,0.0,0.11534164,8,4,3,0,,,,0.67506665,0.0,0.0,0.0,0.0
0.22,0.22,0.54,0.22,18.3,81.0,0.0,0.0,0.11861765,8,5,3,0,,,,0.92855,0.0,0.0,0.0,0.0
0.22,0.22,0.54,0.22,18.9,78.0,1.0,17.0,0.12737493,8,6,3,0,,,,0.7079667,0.0,0.0,0.0,0.0
0.22,0.22,0.54,0.22,18.9,78.0,124.0,289.0,0.13969183,8,7,3,0,,,,0.73475,0.0,0.0,0.0,11.9875
0.22,0.22,0.54,0.22,20.0,73.0,321.0,427.0,0.15020037,8,8,3,0,,,,0.49793333,0.0,0.0,0.0,56.8
0.22,0.22,0.22,0.22,21.7,66.0,530.0,559.0,0.1647189,8,9,3,0,,,,0.3667,0.0,0.0,0.0,175.80417
0.22,0.54,0.22,0.22,23.9,57.0,735.0,768.0,0.1718032,8,10,3,0,,,,0.36523333,0.0,0.0,0.0,311.47083
0.22,0.54,0.22,0.22,22.8,66.0,850.0,810.0,0.1735232,8,11,3,0,,,,0.37118334,0.0,0.0,0.0,429.17917
0.22,0.54,0.22,0.22,22.2,68.0,913.0,821.0,0.17051996,8,12,3,0,,,,1.30825,0.0,0.0,0.0,523.9042
0.22,0.54,0.22,0.22,22.2,68.0,905.0,820.0,0.17624588,8,13,3,0,,,,0.84155,0.0,0.0,0.0,563.9375
0.22,0.54,0.22,0.22,22.2,68.0,841.0,802.0,0.18110342,8,14,3,0,,,,2.6729333,0.0,0.0,0.0,579.9583
0.22,0.22,0.22,0.22,21.7,73.0,719.0,751.0,0.18067192,8,15,3,0,,,,4.1215835,0.0,0.0,0.0,548.25836
0.54,0.22,0.22,0.54,21.7,73.0,549.0,695.0,0.18070859,8,16,3,0,,,,4.2004833,0.0,0.0,0.0,458.52084
0.54,0.22,0.22,0.54,21.1,76.0,347.0,540.0,0.17723328,8,17,3,0,,,,4.0320334,0.0,0.0,0.0,323.1375
0.54,0.22,0.22,0.54,20.6,78.0,149.0,68.0,0.17600298,8,18,3,0,,,,2.3202333,0.0,0.0,0.0,112.4375
0.54,0.22,0.22,0.54,20.0,81.0,0.0,0.0,0.17424631,8,19,3,0,,,,2.2276,0.0,0.0,0.0,0.0
0.54,0.22,0.22,0.54,19.4,84.0,0.0,0.0,0.17408164,8,20,3,0,,,,2.8514166,0.0,0.0,0.0,0.0
0.22,0.22,0.22,0.22,19.4,84.0,0.0,0.0,0.15924305,8,21,3,0,,,,1.6839833,0.0,0.0,0.0,0.0
0.22,0.22,0.22,0.22,19.2,84.0,0.0,0.0,0.1431383,8,22,3,0,,,,2.0885334,0.0,0.0,0.0,0.0
0.22,0.22,0.22,0.22,19.1,81.0,0.0,0.0,0.12702575,8,23,3,0,,,,1.2208667,0.0,0.0,0.0,0.0
0.22,0.22,0.22,0.22,18.9,87.0,0.0,0.0,0.111218736,8,24,3,0,,,,0.9681,0.0,0.0,0.0,0.0
0.22,0.22,0.22,0.22,18.8,87.0,0.0,0.0,0.10891221,9,1,4,0,,,,0.52120835,0.0,0.0,0.0,0.0
0.22,0.22,0.22,0.22,18.6,87.0,0.0,0.0,0.10462551,9,2,4,0,,,,0.9643833,0.0,0.0,0.0,0.0
0.22,0.22,0.22,0.22,18.5,90.0,0.0,0.0,0.10465855,9,3,4,0,,,,0.5197667,0.0,0.0,0.0,0.0
0.22,0.22,0.54,0.22,18.3,87.0,0.0,0.0,0.10381983,9,4,4,0,,,,0.52061665,0.0,0.0,0.0,0.0
0.22,0.22,0.54,0.22,18.3,87.0,0.0,0.0,0.11320456,9,5,4,0,,,,0.5179167,0.0,0.0,0.0,0.0
0.22,0.22,0.54,0.22,18.3,90.0,10.0,0.0,0.11701905,9,6,4,0,,,,0.6858,0.0,0.0,0.0,0.0
0.22,0.22,0.54,0.22,19.4,87.0,58.0,1.0,0.123191066,9,7,4,0,,,,1.3415333,0.0,0.0,0.0,8.491667
0.22,0.22,0.54,0.22,20.0,84.0,130.0,8.0,0.12673353,9,8,4,0,,,,1.3374667,0.0,0.0,0.0,55.908333
0.22,0.22,0.22,0.22,20.6,81.0,246.0,4.0,0.1254391,9,9,4,0,,,,0.92685,0.0,0.0,0.0,175.74167
0.22,0.54,0.22,0.22,21.7,76.0,417.0,137.0,0.12801646,9,10,4,0,,,,1.4490833,0.0,0.0,0.0,312.85416
0.22,0.54,0.22,0.22,23.3,71.0,807.0,746.0,0.13131739,9,11,4,0,,,,1.17945,0.0,0.0,0.0,433.89584
0.22,0.54,0.22,0.22,24.4,66.0,780.0,676.0,0.13332033,9,12,4,0,,,,1.4550667,0.0,0.0,0.0,526.3458
0.22,0.54,0.22,0.22,23.9,66.0,906.0,810.0,0.13437599,9,13,4,0,,,,1.9212,0.0,0.0,0.0,577.68335
0.22,0.54,0.22,0.22,23.3,66.0,836.0,796.0,0.1346029,9,14,4,0,,,,2.2056668,0.0,0.0,0.0,590.32086
0.22,0.22,0.22,0.22,22.8,69.0,699.0,752.0,0.13851318,9,15,4,0,,,,2.4127667,0.0,0.0,0.0,546.2292
0.54,0.22,0.22,0.54,22.2,71.0,512.0,672.0,0.13750933,9,16,4,0,,,,2.0073,0.0,0.0,0.0,456.17084
0.54,0.22,0.22,0.54,21.7,71.0,296.0,531.0,0.14295812,9,17,4,0,,,,2.5225418,0.0,0.0,0.0,315.43124
0.54,0.22,0.22,0.54,21.1,71.0,95.0,246.0,0.140306,9,18,4,0,,,,2.0688834,0.0,0.0,0.0,106.17083
0.54,0.22,0.22,0.54,20.0,76.0,9.0,4.0,0.14221871,9,19,4,0,,,,2.4768167,0.0,0.0,0.0,0.0
0.54,0.22,0.22,0.54,19.4,81.0,0.0,0.0,0.14368531,9,20,4,0,,,,1.9078,0.0,0.0,0.0,0.0
0.22,0.22,0.22,0.22,19.4,84.0,0.0,0.0,0.13228025,9,21,4,0,,,,1.60035,0.0,0.0,0.0,0.0
0.22,0.22,0.22,0.22,19.4,84.0,0.0,0.0,0.12666585,9,22,4,0,,,,0.99231666,0.0,0.0,0.0,0.0
0.22,0.22,0.22,0.22,18.9,87.0,0.0,0.0,0.12686041,9,23,4,0,,,,0.73438334,0.0,0.0,0.0,0.0
0.22,0.22,0.22,0.22,18.3,90.0,0.0,0.0,0.10751953,9,24,4,0,,,,0.68256664,0.0,0.0,0.0,0.0
0.22,0.22,0.22,0.22,18.3,87.0,0.0,0.0,0.10182658,9,1,5,0,,,,0.26635,0.0,0.0,0.0,0.0
0.22,0.22,0.22,0.22,18.3,90.0,0.0,0.0,0.09719522,9,2,5,0,,,,0.29023334,0.0,0.0,0.0,0.0
0.22,0.22,0.22,0.22,18.3,90.0,0.0,0.0,0.095567055,9,3,5,0,,,,0.33993334,0.0,0.0,0.0,0.0
0.22,0.22,0.54,0.22,18.3,90.0,0.0,0.0,0.09631727,9,4,5,0,,,,0.35926667,0.0,0.0,0.0,0.0
0.22,0.22,0.54,0.22,18.3,90.0,0.0,0.0,0.10253661,9,5,5,0,,,,0.35988334,0.0,0.0,0.0,0.0
0.22,0.22,0.54,0.22,18.3,97.0,11.0,4.0,0.103236355,9,6,5,0,,,,0.32545,0.0,0.0,0.0,0.0
0.22,0.22,0.54,0.22,19.4,93.0,79.0,68.0,0.10350221,9,7,5,0,,,,0.426,0.0,0.0,0.0,49.220833
0.22,0.22,0.54,0.22,19.4,90.0,338.0,482.0,0.10655903,9,8,5,0,,,,0.31828332,0.0,0.0,0.0,109.55
0.22,0.22,0.22,0.22,21.1,90.0,377.0,313.0,0.10667561,9,9,5,0,,,,0.3145,0.0,0.0,0.0,196.17917
0.22,0.54,0.22,0.22,22.2,79.0,671.0,670.0,0.10741434,9,10,5,0,,,,0.31323335,0.0,0.0,0.0,346.27917
0.22,0.54,0.22,0.22,22.2,79.0,858.0,849.0,0.11016942,9,11,5,0,,,,0.7650667,0.0,0.0,0.0,472.9125
0.22,0.54,0.22,0.22,22.8,74.0,911.0,859.0,0.1150388,9,12,5,0,,,,1.0976167,0.0,0.0,0.0,567.00836
0.22,0.54,0.22,0.22,22.8,74.0,907.0,860.0,0.114863686,9,13,5,0,,,,1.6493,0.0,0.0,0.0,614.37915
0.22,0.54,0.22,0.22,22.8,74.0,841.0,853.0,0.11261443,9,14,5,0,,,,1.0753,0.0,0.0,0.0,622.5917
0.22,0.22,0.22,0.22,22.2,76.0,707.0,816.0,0.114800595,9,15,5,0,,,,2.0166333,0.0,0.0,0.0,588.3
0.54,0.22,0.22,0.4,22.2,73.0,524.0,751.0,0.11964516,9,16,5,0,,,,1.7876166,0.0,0.0,0.0,499.7125
0.54,0.22,0.22,0.4,21.1,79.0,295.0,558.0,0.12279482,9,17,5,0,,,,2.0006833,0.0,0.0,0.0,360.4625
0.54,0.22,0.22,0.4,20.0,81.0,72.0,104.0,0.12714611,9,18,5,0,,,,1.7599666,0.0,0.0,0.0,123.95417
0.54,0.22,0.22,0.4,20.0,81.0,6.0,2.0,0.12738532,9,19,5,0,,,,0.5104667,0.0,0.0,0.0,0.0
0.54,0.22,0.22,0.4,19.4,87.0,0.0,0.0,0.12633087,9,20,5,0,,,,0.45935,0.0,0.0,0.0,0.0
0.22,0.22,0.22,0.22,19.4,87.0,0.0,0.0,0.124194436,9,21,5,0,,,,0.45975,0.0,0.0,0.0,0.0
0.22,0.22,0.22,0.22,18.9,90.0,0.0,0.0,0.118959196,9,22,5,0,,,,0.45618334,0.0,0.0,0.0,0.0
0.22,0.22,0.22,0.22,18.3,90.0,0.0,0.0,0.11710316,9,23,5,0,,,,1.30165,0.0,0.0,0.0,0.0
0.22,0.22,0.22,0.22,18.3,97.0,0.0,0.0,0.10453373,9,24,5,0,,,,0.36419168,0.0,0.0,0.0,0.0
0.22,0.22,0.22,0.22,18.3,90.0,0.0,0.0,0.10228877,9,1,6,0,,,,0.37078333,0.0,0.0,0.0,0.0
0.22,0.22,0.22,0.22,18.3,90.0,0.0,0.0,0.09839461,9,2,6,0,,,,0.78538334,0.0,0.0,0.0,0.0
0.22,0.22,0.22,0.22,18.3,93.0,0.0,0.0,0.09433453,9,3,6,0,,,,0.52375,0.0,0.0,0.0,0.0
0.22,0.22,0.4,0.22,18.3,90.0,0.0,0.0,0.091333166,9,4,6,0,,,,0.46841666,0.0,0.0,0.0,0.0
0.22,0.22,0.4,0.22,18.3,90.0,0.0,0.0,0.09872761,9,5,6,0,,,,0.46798334,0.0,0.0,0.0,0.0
0.22,0.22,0.4,0.22,18.3,93.0,16.0,0.0,0.10282858,9,6,6,0,,,,0.46696666,0.0,0.0,0.0,0.0
0.22,0.22,0.4,0.22,18.3,93.0,78.0,20.0,0.1004952,9,7,6,0,,,,0.4601,0.0,0.0,0.0,23.583334
0.22,0.22,0.4,0.22,18.3,97.0,165.0,6.0,0.10500902,9,8,6,0,,,,0.43663332,0.0,0.0,0.0,87.6
0.22,0.22,0.22,0.22,20.0,90.0,358.0,73.0,0.11319632,9,9,6,0,,,,0.3964,0.0,0.0,0.0,204.925
0.22,0.4,0.22,0.22,21.7,84.0,479.0,171.0,0.11294073,9,10,6,0,,,,0.48616666,0.0,0.0,0.0,342.49167
0.22,0.4,0.22,0.22,21.7,81.0,810.0,665.0,0.11756735,9,11,6,0,,,,0.69911665,0.0,0.0,0.0,473.79584
0.22,0.4,0.22,0.22,21.1,84.0,904.0,763.0,0.12144838,9,12,6,0,,,,0.64255,0.0,0.0,0.0,564.775
0.22,0.4,0.22,0.22,21.7,79.0,896.0,716.0,0.12024533,9,13,6,0,,,,0.28153333,0.0,0.0,0.0,616.8125
0.22,0.4,0.22,0.22,20.6,81.0,297.0,4.0,0.12533367,9,14,6,0,,,,0.2711,0.0,0.0,0.0,613.3958
0.22,0.22,0.22,0.22,20.6,81.0,261.0,25.0,0.12754467,9,15,6,0,,,,0.26816666,0.0,0.0,0.0,576.67084
0.4,0.22,0.22,0.4,20.0,87.0,272.0,9.0,0.12814593,9,16,6,0,,,,0.2668,0.0,0.0,0.0,484.20416
0.4,0.22,0.22,0.4,19.4,84.0,140.0,8.0,0.13254106,9,17,6,0,,,,3.4740167,0.0,0.0,0.0,340.00833
0.4,0.22,0.22,0.4,18.3,90.0,58.0,1.0,0.13373902,9,18,6,0,,,,2.6866834,0.0,0.0,0.0,107.208336
0.4,0.22,0.22,0.4,18.3,90.0,4.0,0.0,0.13611974,9,19,6,0,,,,1.7463167,0.0,0.0,0.0,0.0
0.4,0.22,0.22,0.4,18.3,93.0,0.0,0.0,0.13595206,9,20,6,0,,,,1.7413833,0.0,0.0,0.0,0.0
0.22,0.22,0.22,0.22,18.3,93.0,0.0,0.0,0.13308878,9,21,6,0,,,,1.6204667,0.0,0.0,0.0,0.0
0.22,0.22,0.22,0.22,18.3,97.0,0.0,0.0,0.124064654,9,22,6,0,,,,1.3573166,0.0,0.0,0.0,0.0
0.22,0.22,0.22,0.22,18.3,93.0,0.0,0.0,0.116240494,9,23,6,0,,,,0.8105,0.0,0.0,0.0,0.0
0.22,0.22,0.22,0.22,17.8,97.0,0.0,0.0,0.1064009,9,24,6,0,,,,0.7085417,0.0,0.0,0.0,0.0
0.22,0.22,0.22,0.22,18.3,97.0,0.0,0.0,0.10265111,9,1,7,0,,,,0.50275,0.0,0.0,0.0,0.0
0.22,0.22,0.22,0.22,18.3,97.0,0.0,0.0,0.10226192,9,2,7,0,,,,0.51246667,0.0,0.0,0.0,0.0
0.22,0.22,0.22,0.22,18.3,97.0,0.0,0.0,0.09581479,9,3,7,0,,,,0.50755,0.0,0.0,0.0,0.0
0.22,0.22,0.4,0.22,18.3,93.0,0.0,0.0,0.09582631,9,4,7,0,,,,0.50376666,0.0,0.0,0.0,0.0
0.22,0.22,0.4,0.22,17.8,97.0,0.0,0.0,0.10028498,9,5,7,0,,,,0.5018167,0.0,0.0,0.0,0.0
0.22,0.22,0.4,0.22,17.8,97.0,10.0,0.0,0.10729808,9,6,7,0,,,,0.49951667,0.0,0.0,0.0,0.0
0.22,0.22,0.4,0.22,17.8,97.0,86.0,1.0,0.11279136,9,7,7,0,,,,0.5019,0.0,0.0,0.0,37.695835
0.22,0.22,0.4,0.22,18.3,97.0,189.0,87.0,0.1157742,9,8,7,0,,,,0.5541667,0.0,0.0,0.0,81.7
0.22,0.22,0.22,0.22,21.7,87.0,318.0,207.0,0.11905637,9,9,7,0,,,,0.73502916,0.0,0.0,0.0,198.54897
0.22,0.4,0.22,0.22,22.8,79.0,701.0,709.0,0.1217866,9,10,7,0,,,,0.93725,0.0,0.0,0.0,252.40416
0.22,0.4,0.22,0.22,22.8,79.0,820.0,733.0,0.12721898,9,11,7,0,,,,0.6441,0.0,0.0,0.0,377.125
0.22,0.4,0.22,0.22,22.8,79.0,896.0,837.0,0.13581486,9,12,7,0,,,,0.4577,0.0,0.0,0.0,530.69586
0.22,0.4,0.22,0.22,22.8,76.0,907.0,874.0,0.14064342,9,13,7,0,,,,0.6202,0.0,0.0,0.0,603.6542
0.22,0.4,0.22,0.22,22.8,76.0,817.0,838.0,0.14477766,9,14,7,0,,,,0.59595,0.0,0.0,0.0,611.61664
0.22,0.22,0.22,0.22,22.2,79.0,700.0,823.0,0.14794824,9,15,7,0,,,,0.56975,0.0,0.0,0.0,556.93335
0.4,0.22,0.22,0.54,22.2,79.0,515.0,755.0,0.15123338,9,16,7,0,,,,0.58488333,0.0,0.0,0.0,457.22916
0.4,0.22,0.22,0.54,22.2,79.0,299.0,626.0,0.15812843,9,17,7,0,,,,0.65468335,0.0,0.0,0.0,306.075
0.4,0.22,0.22,0.54,20.6,84.0,94.0,337.0,0.15894215,9,18,7,0,,,,1.0248834,0.0,0.0,0.0,81.85833
0.4,0.22,0.22,0.54,19.4,87.0,6.0,9.0,0.15792769,9,19,7,0,,,,0.93576664,0.0,0.0,0.0,0.0
0.4,0.22,0.22,0.54,19.4,90.0,0.0,0.0,0.16217186,9,20,7,0,,,,1.4256834,0.0,0.0,0.0,0.0
0.22,0.22,0.22,0.22,18.9,93.0,0.0,0.0,0.14963366,9,21,7,0,,,,3.2539833,0.0,0.0,0.0,0.0
0.22,0.22,0.22,0.22,18.3,93.0,0.0,0.0,0.13439642,9,22,7,0,,,,1.3664334,0.0,0.0,0.0,0.0
0.22,0.22,0.22,0.22,17.8,97.0,0.0,0.0,0.1271761,9,23,7,0,,,,3.1669333,0.0,0.0,0.0,0.0
0.22,0.22,0.22,0.22,19.4,93.0,0.0,0.0,0.12494041,9,24,7,0,,,,1.5545334,0.0,0.0,0.0,0.0
0.22,0.22,0.22,0.22,17.2,100.0,0.0,0.0,0.12000551,9,1,1,0,,,,0.49216667,0.0,0.0,0.0,0.0
0.22,0.22,0.22,0.22,17.2,100.0,0.0,0.0,0.119883195,9,2,1,0,,,,0.51425,0.0,0.0,0.0,0.0
0.22,0.22,0.22,0.22,17.2,100.0,0.0,0.0,0.120018385,9,3,1,0,,,,0.50915,0.0,0.0,0.0,0.0
0.22,0.22,0.54,0.22,17.2,100.0,0.0,0.0,0.124429666,9,4,1,0,,,,0.51085,0.0,0.0,0.0,0.0
0.22,0.22,0.54,0.22,17.2,97.0,0.0,0.0,0.12954973,9,5,1,0,,,,0.5110833,0.0,0.0,0.0,0.0
0.22,0.22,0.54,0.22,17.2,100.0,11.0,0.0,0.14151442,9,6,1,0,,,,0.51163334,0.0,0.0,0.0,0.0
0.22,0.22,0.54,0.22,17.2,100.0,50.0,7.0,0.1574396,9,7,1,0,,,,0.5061333,0.0,0.0,0.0,26.55
0.22,0.22,0.54,0.22,17.8,100.0,174.0,52.0,0.17303784,9,8,1,0,,,,0.51453334,0.0,0.0,0.0,99.05
0.22,0.22,0.22,0.22,18.9,100.0,376.0,174.0,0.18483894,9,9,1,0,,,,0.5219667,0.0,0.0,0.0,146.975
0.22,0.54,0.22,0.22,20.6,97.0,487.0,402.0,0.18375061,9,10,1,0,,,,0.6870833,0.0,0.0,0.0,324.90833
0.22,0.54,0.22,0.22,21.1,87.0,834.0,730.0,0.19441792,9,11,1,0,,,,0.78471667,0.0,0.0,0.0,436.34167
0.22,0.54,0.22,0.22,21.1,84.0,859.0,781.0,0.19433092,9,12,1,0,,,,1.18655,0.0,0.0,0.0,546.79584
0.22,0.54,0.22,0.22,22.2,82.0,891.0,827.0,0.19815636,9,13,1,0,,,,1.0238833,0.0,0.0,0.0,594.07916
0.22,0.54,0.22,0.22,22.2,79.0,817.0,809.0,0.20199677,9,14,1,0,,,,0.6224667,0.0,0.0,0.0,594.44165
0.22,0.22,0.22,0.22,22.8,76.0,686.0,773.0,0.20580155,9,15,1,0,,,,0.62766665,0.0,0.0,0.0,548.99164
0.54,0.22,0.22,0.54,22.8,76.0,500.0,698.0,0.21023484,9,16,1,0,,,,0.65243334,0.0,0.0,0.0,455.18332
0.54,0.22,0.22,0.54,22.2,79.0,284.0,556.0,0.21178105,9,17,1,0,,,,0.6371833,0.0,0.0,0.0,310.52084
0.54,0.22,0.22,0.54,21.1,81.0,84.0,251.0,0.20689659,9,18,1,0,,,,0.65896666,0.0,0.0,0.0,84.625
0.54,0.22,0.22,0.54,20.0,87.0,5.0,3.0,0.20490459,9,19,1,0,,,,0.8344,0.0,0.0,0.0,0.0
0.54,0.22,0.22,0.54,20.0,87.0,0.0,0.0,0.20519446,9,20,1,0,,,,1.0499333,0.0,0.0,0.0,0.0
0.22,0.22,0.22,0.22,20.0,90.0,0.0,0.0,0.1903943,9,21,1,0,,,,1.23215,0.0,0.0,0.0,0.0
0.22,0.22,0.22,0.22,19.4,93.0,0.0,0.0,0.17303313,9,22,1,0,,,,1.1384333,0.0,0.0,0.0,0.0
0.22,0.22,0.22,0.22,19.4,93.0,0.0,0.0,0.16271944,9,23,1,0,,,,0.7836,0.0,0.0,0.0,0.0
0.22,0.22,0.22,0.22,21.1,79.0,0.0,0.0,0.14761207,9,24,1,0,,,,1.7745,0.0,0.0,0.0,0.0
0.22,0.22,0.22,0.22,18.3,97.0,0.0,0.0,0.14505298,9,1,2,0,,,,2.8972833,0.0,0.0,0.0,0.0
0.22,0.22,0.22,0.22,17.8,97.0,0.0,0.0,0.14314422,9,2,2,0,,,,0.30065,0.0,0.0,0.0,0.0
0.22,0.22,0.22,0.22,17.8,100.0,0.0,0.0,0.1431196,9,3,2,0,,,,0.30676666,0.0,0.0,0.0,0.0
0.22,0.22,0.54,0.22,17.8,100.0,0.0,0.0,0.14155522,9,4,2,0,,,,0.30573332,0.0,0.0,0.0,0.0
0.22,0.22,0.54,0.22,17.8,100.0,0.0,0.0,0.14034237,9,5,2,0,,,,0.30371666,0.0,0.0,0.0,0.0
0.22,0.22,0.54,0.22,17.8,100.0,8.0,0.0,0.15081571,9,6,2,0,,,,0.4819,0.0,0.0,0.0,0.0
0.22,0.22,0.54,0.22,17.2,100.0,70.0,45.0,0.16344447,9,7,2,0,,,,0.86295,0.0,0.0,0.0,26.641666
0.22,0.22,0.54,0.22,19.4,97.0,357.0,669.0,0.17113414,9,8,2,0,,,,0.42791668,0.0,0.0,0.0,87.97083
0.22,0.22,0.22,0.22,22.2,90.0,556.0,788.0,0.17903692,9,9,2,0,,,,0.31711668,0.0,0.0,0.0,187.80833
0.22,0.54,0.22,0.22,22.2,82.0,732.0,849.0,0.19080226,9,10,2,0,,,,0.31048334,0.0,0.0,0.0,329.05
0.22,0.54,0.22,0.22,23.3,76.0,850.0,877.0,0.19369906,9,11,2,0,,,,0.31753334,0.0,0.0,0.0,452.7625
0.22,0.54,0.22,0.22,24.4,71.0,915.0,897.0,0.20025891,9,12,2,0,,,,0.32611668,0.0,0.0,0.0,540.1625
0.22,0.54,0.22,0.22,24.4,71.0,901.0,890.0,0.19911726,9,13,2,0,,,,0.27305,0.0,0.0,0.0,589.64166
0.22,0.54,0.22,0.22,25.0,69.0,834.0,883.0,0.1991172,9,14,2,0,,,,0.27073333,0.0,0.0,0.0,591.9
0.22,0.22,0.22,0.22,24.4,69.0,696.0,846.0,0.19828133,9,15,2,0,,,,0.2679,0.0,0.0,0.0,545.4708
0.54,0.22,0.22,0.54,23.9,71.0,511.0,781.0,0.19775237,9,16,2,0,,,,1.8284667,0.0,0.0,0.0,453.24167
0.54,0.22,0.22,0.54,22.8,76.0,295.0,655.0,0.19314043,9,17,2,0,,,,2.5577667,0.0,0.0,0.0,306.4875
0.54,0.22,0.22,0.54,21.7,79.0,90.0,361.0,0.193412,9,18,2,0,,,,1.7573167,0.0,0.0,0.0,81.995834
0.54,0.22,0.22,0.54,20.6,84.0,6.0,12.0,0.19534704,9,19,2,0,,,,2.2076333,0.0,0.0,0.0,0.0
0.54,0.22,0.22,0.54,20.6,81.0,0.0,0.0,0.19116762,9,20,2,0,,,,2.14355,0.0,0.0,0.0,0.0
0.22,0.22,0.22,0.22,20.6,76.0,0.0,0.0,0.17699078,9,21,2,0,,,,1.4243667,0.0,0.0,0.0,0.0
0.22,0.22,0.22,0.22,21.1,73.0,0.0,0.0,0.1699259,9,22,2,0,,,,1.3569666,0.0,0.0,0.0,0.0
0.22,0.22,0.22,0.22,21.1,76.0,0.0,0.0,0.15726475,9,23,2,0,,,,0.49508333,0.0,0.0,0.0,0.0
0.22,0.22,0.22,0.22,19.4,87.0,0.0,0.0,0.1375037,9,24,2,0,,,,0.41730833,0.0,0.0,0.0,0.0
0.22,0.22,0.22,0.22,20.6,84.0,0.0,0.0,0.12633662,9,1,3,0,,,,0.41581666,0.0,0.0,0.0,0.0
0.22,0.22,0.22,0.22,20.0,81.0,0.0,0.0,0.12266971,9,2,3,0,,,,0.4173,0.0,0.0,0.0,0.0
0.22,0.22,0.22,0.22,20.0,87.0,0.0,0.0,0.12393756,9,3,3,0,,,,0.4166,0.0,0.0,0.0,0.0
0.22,0.22,0.54,0.22,20.0,90.0,0.0,0.0,0.13050567,9,4,3,0,,,,0.41716668,0.0,0.0,0.0,0.0
0.22,0.22,0.54,0.22,20.0,87.0,0.0,0.0,0.13386562,9,5,3,0,,,,0.41645,0.0,0.0,0.0,0.0
0.22,0.22,0.54,0.22,20.0,90.0,17.0,36.0,0.14579111,9,6,3,0,,,,0.69745,0.0,0.0,0.0,0.0
0.22,0.22,0.54,0.22,21.7,90.0,132.0,427.0,0.15598299,9,7,3,0,,,,0.7442167,0.0,0.0,0.0,9.404166
0.22,0.22,0.54,0.22,22.8,84.0,346.0,668.0,0.15718992,9,8,3,0,,,,0.36426666,0.0,0.0,0.0,54.304165
0.22,0.22,0.22,0.22,24.4,76.0,556.0,778.0,0.1661342,9,9,3,0,,,,0.26381665,0.0,0.0,0.0,180.05833
0.22,0.54,0.22,0.22,24.4,74.0,731.0,839.0,0.16652744,9,10,3,0,,,,0.26301667,0.0,0.0,0.0,323.44168
0.22,0.54,0.22,0.22,24.4,71.0,852.0,870.0,0.16824463,9,11,3,0,,,,0.2709,0.0,0.0,0.0,446.87082
0.22,0.54,0.22,0.22,25.6,64.0,912.0,885.0,0.16198835,9,12,3,0,,,,0.28011668,0.0,0.0,0.0,536.00836
0.22,0.54,0.22,0.22,25.0,62.0,905.0,886.0,0.1610398,9,13,3,0,,,,0.27443334,0.0,0.0,0.0,584.05
0.22,0.54,0.22,0.22,24.4,64.0,829.0,868.0,0.16627508,9,14,3,0,,,,0.62766665,0.0,0.0,0.0,595.11664
0.22,0.22,0.22,0.22,24.4,69.0,691.0,828.0,0.1703021,9,15,3,0,,,,1.6736833,0.0,0.0,0.0,553.9708
0.54,0.22,0.22,0.54,23.9,71.0,504.0,759.0,0.16905716,9,16,3,0,,,,1.9667,0.0,0.0,0.0,462.67084
0.54,0.22,0.22,0.54,22.8,76.0,287.0,625.0,0.1646954,9,17,3,0,,,,1.655,0.0,0.0,0.0,326.05417
0.54,0.22,0.22,0.54,21.7,76.0,83.0,318.0,0.1653603,9,18,3,0,,,,1.0323666,0.0,0.0,0.0,89.9375
0.54,0.22,0.22,0.54,20.6,81.0,5.0,6.0,0.1668908,9,19,3,0,,,,1.2508833,0.0,0.0,0.0,0.0
0.54,0.22,0.22,0.54,20.6,81.0,0.0,0.0,0.16752951,9,20,3,0,,,,1.4583334,0.0,0.0,0.0,0.0
0.22,0.22,0.22,0.22,20.6,81.0,0.0,0.0,0.14939101,9,21,3,0,,,,0.7741333,0.0,0.0,0.0,0.0
0.22,0.22,0.22,0.22,20.0,84.0,0.0,0.0,0.1518755,9,22,3,0,,,,0.8043,0.0,0.0,0.0,0.0
0.22,0.22,0.22,0.22,20.0,87.0,0.0,0.0,0.13781427,9,23,3,0,,,,2.3054166,0.0,0.0,0.0,0.0
0.22,0.22,0.22,0.22,18.9,90.0,0.0,0.0,0.11982391,9,24,3,0,,,,1.945875,0.0,0.0,0.0,0.0
0.22,0.22,0.22,0.22,19.4,90.0,0.0,0.0,0.11463126,9,1,4,0,,,,0.37196666,0.0,0.0,0.0,0.0
0.22,0.22,0.22,0.22,19.4,93.0,0.0,0.0,0.11369614,9,2,4,0,,,,0.39145,0.0,0.0,0.0,0.0
0.22,0.22,0.22,0.22,19.4,90.0,0.0,0.0,0.11561105,9,3,4,0,,,,0.39171666,0.0,0.0,0.0,0.0
0.22,0.22,0.54,0.22,19.4,90.0,0.0,0.0,0.114202194,9,4,4,0,,,,0.39203334,0.0,0.0,0.0,0.0
0.22,0.22,0.54,0.22,18.9,93.0,0.0,0.0,0.11984053,9,5,4,0,,,,0.39223334,0.0,0.0,0.0,0.0
0.22,0.22,0.54,0.22,18.9,93.0,17.0,39.0,0.12592842,9,6,4,0,,,,0.433275,0.0,0.0,0.0,0.0
0.22,0.22,0.54,0.22,20.0,93.0,132.0,443.0,0.13719033,9,7,4,0,,,,0.49973333,0.0,0.0,0.0,22.529167
0.22,0.22,0.54,0.22,22.2,87.0,345.0,680.0,0.1437454,9,8,4,0,,,,0.34805,0.0,0.0,0.0,65.941666
0.22,0.22,0.22,0.22,23.9,79.0,556.0,789.0,0.15751731,9,9,4,0,,,,0.3101,0.0,0.0,0.0,176.55833
0.22,0.54,0.22,0.22,24.4,71.0,731.0,848.0,0.16618043,9,10,4,0,,,,0.30676666,0.0,0.0,0.0,312.99582
0.22,0.54,0.22,0.22,24.4,69.0,854.0,881.0,0.1639986,9,11,4,0,,,,0.348,0.0,0.0,0.0,433.0125
0.22,0.54,0.22,0.22,23.9,71.0,910.0,892.0,0.16158904,9,12,4,0,,,,0.66496664,0.0,0.0,0.0,522.93335
0.22,0.54,0.22,0.22,23.9,71.0,901.0,891.0,0.16819832,9,13,4,0,,,,0.27678335,0.0,0.0,0.0,571.425
0.22,0.54,0.22,0.22,23.9,64.0,827.0,876.0,0.16492957,9,14,4,0,,,,0.26723334,0.0,0.0,0.0,573.17914
0.22,0.22,0.22,0.22,22.8,74.0,688.0,837.0,0.16620843,9,15,4,0,,,,0.26548332,0.0,0.0,0.0,527.8542
0.54,0.22,0.22,0.54,22.8,76.0,501.0,769.0,0.16942608,9,16,4,0,,,,1.4942833,0.0,0.0,0.0,434.94583
0.54,0.22,0.22,0.54,22.2,76.0,285.0,637.0,0.16855267,9,17,4,0,,,,1.38765,0.0,0.0,0.0,287.075
0.54,0.22,0.22,0.54,20.6,79.0,81.0,326.0,0.17087954,9,18,4,0,,,,1.1245667,0.0,0.0,0.0,71.333336
0.54,0.22,0.22,0.54,19.4,81.0,3.0,6.0,0.16877589,9,19,4,0,,,,1.8124833,0.0,0.0,0.0,0.0
0.54,0.22,0.22,0.54,18.9,90.0,0.0,0.0,0.16799296,9,20,4,0,,,,1.8420833,0.0,0.0,0.0,0.0
0.22,0.22,0.22,0.22,18.9,93.0,0.0,0.0,0.15629084,9,21,4,0,,,,1.1041167,0.0,0.0,0.0,0.0
0.22,0.22,0.22,0.22,18.9,93.0,0.0,0.0,0.14051321,9,22,4,0,,,,2.18985,0.0,0.0,0.0,0.0
0.22,0.22,0.22,0.22,18.9,90.0,0.0,0.0,0.12730816,9,23,4,0,,,,3.1994,0.0,0.0,0.0,0.0
0.22,0.22,0.22,0.22,17.8,93.0,0.0,0.0,0.11331328,9,24,4,0,,,,2.9445918,0.0,0.0,0.0,0.0
0.22,0.22,0.22,0.22,18.9,90.0,0.0,0.0,0.11107829,9,1,5,0,,,,0.62881666,0.0,0.0,0.0,0.0
0.22,0.22,0.22,0.22,18.3,93.0,0.0,0.0,0.11246707,9,2,5,0,,,,0.26306668,0.0,0.0,0.0,0.0
0.22,0.22,0.22,0.22,17.2,93.0,0.0,0.0,0.11011995,9,3,5,0,,,,0.26836666,0.0,0.0,0.0,0.0
0.22,0.22,0.54,0.22,17.2,97.0,0.0,0.0,0.10719514,9,4,5,0,,,,0.30741668,0.0,0.0,0.0,0.0
0.22,0.22,0.54,0.22,16.7,100.0,0.0,0.0,0.10896284,9,5,5,0,,,,0.30765,0.0,0.0,0.0,0.0
0.22,0.22,0.54,0.22,17.2,97.0,8.0,1.0,0.1100352,9,6,5,0,,,,0.47551668,0.0,0.0,0.0,0.0
0.22,0.22,0.54,0.22,17.2,100.0,79.0,33.0,0.11648905,9,7,5,0,,,,0.38435,0.0,0.0,0.0,18.766666
0.22,0.22,0.54,0.22,18.3,100.0,245.0,271.0,0.120653205,9,8,5,0,,,,0.31196666,0.0,0.0,0.0,59.108334
0.22,0.22,0.22,0.22,21.1,93.0,505.0,617.0,0.122546375,9,9,5,0,,,,0.30936667,0.0,0.0,0.0,171.19167
0.22,0.54,0.22,0.22,21.7,87.0,667.0,640.0,0.12868829,9,10,5,0,,,,0.3084,0.0,0.0,0.0,307.80417
0.22,0.54,0.22,0.22,22.2,82.0,785.0,712.0,0.13530424,9,11,5,0,,,,0.7172667,0.0,0.0,0.0,429.15625
0.22,0.54,0.22,0.22,22.8,79.0,851.0,745.0,0.13592803,9,12,5,0,,,,0.29890832,0.0,0.0,0.0,514.9375
0.22,0.54,0.22,0.22,22.8,79.0,824.0,697.0,0.1386465,9,13,5,0,,,,0.27781665,0.0,0.0,0.0,562.7917
0.22,0.54,0.22,0.22,22.8,79.0,799.0,765.0,0.13205291,9,14,5,0,,,,0.26656666,0.0,0.0,0.0,562.0
0.22,0.22,0.22,0.22,22.8,76.0,657.0,714.0,0.13283935,9,15,5,0,,,,0.35383335,0.0,0.0,0.0,511.525
0.54,0.22,0.22,0.4,22.8,76.0,465.0,621.0,0.14680704,9,16,5,0,,,,2.3185833,0.0,0.0,0.0,417.74582
0.54,0.22,0.22,0.4,21.7,76.0,252.0,462.0,0.1480603,9,17,5,0,,,,3.4133167,0.0,0.0,0.0,280.5875
0.54,0.22,0.22,0.4,19.4,84.0,65.0,147.0,0.1504061,9,18,5,0,,,,2.1293,0.0,0.0,0.0,68.370834
0.54,0.22,0.22,0.4,18.9,87.0,0.0,0.0,0.14800653,9,19,5,0,,,,2.09405,0.0,0.0,0.0,0.0
0.54,0.22,0.22,0.4,18.3,90.0,0.0,0.0,0.15133491,9,20,5,0,,,,1.3817166,0.0,0.0,0.0,0.0
0.22,0.22,0.22,0.22,18.3,90.0,0.0,0.0,0.14497264,9,21,5,0,,,,1.682,0.0,0.0,0.0,0.0
0.22,0.22,0.22,0.22,17.8,93.0,0.0,0.0,0.12687767,9,22,5,0,,,,1.2608334,0.0,0.0,0.0,0.0
0.22,0.22,0.22,0.22,17.8,93.0,0.0,0.0,0.120582394,9,23,5,0,,,,0.80233335,0.0,0.0,0.0,0.0
0.22,0.22,0.22,0.22,18.3,90.0,0.0,0.0,0.115814835,9,24,5,0,,,,0.50065833,0.0,0.0,0.0,0.0
0.22,0.22,0.22,0.22,17.8,97.0,0.0,0.0,0.11382024,9,1,6,0,,,,0.41863334,0.0,0.0,0.0,0.0
0.22,0.22,0.22,0.22,17.8,97.0,0.0,0.0,0.114855796,9,2,6,0,,,,0.41711667,0.0,0.0,0.0,0.0
0.22,0.22,0.22,0.22,17.8,97.0,0.0,0.0,0.11238515,9,3,6,0,,,,0.41591668,0.0,0.0,0.0,0.0
0.22,0.22,0.4,0.22,17.8,97.0,0.0,0.0,0.114066996,9,4,6,0,,,,0.41945,0.0,0.0,0.0,0.0
0.22,0.22,0.4,0.22,18.3,97.0,0.0,0.0,0.11193704,9,5,6,0,,,,0.42865,0.0,0.0,0.0,0.0
0.22,0.22,0.4,0.22,18.9,93.0,8.0,0.0,0.111929156,9,6,6,0,,,,0.4213,0.0,0.0,0.0,0.0
0.22,0.22,0.4,0.22,18.9,93.0,56.0,17.0,0.11891428,9,7,6,0,,,,0.39853334,0.0,0.0,0.0,4.1041665
0.22,0.22,0.4,0.22,19.4,93.0,151.0,36.0,0.121089324,9,8,6,0,,,,0.91868335,0.0,0.0,0.0,47.975
0.22,0.22,0.22,0.22,20.6,90.0,243.0,6.0,0.12049184,9,9,6,0,,,,0.96735,0.0,0.0,0.0,171.38333
0.22,0.4,0.22,0.22,21.7,84.0,307.0,84.0,0.11793482,9,10,6,0,,,,1.3685334,0.0,0.0,0.0,312.33334
0.22,0.4,0.22,0.22,22.8,82.0,591.0,340.0,0.11989563,9,11,6,0,,,,0.8928667,0.0,0.0,0.0,432.89584
0.22,0.4,0.22,0.22,23.3,79.0,902.0,758.0,0.1237749,9,12,6,0,,,,0.57523334,0.0,0.0,0.0,518.8
0.22,0.4,0.22,0.22,23.3,76.0,830.0,681.0,0.12806687,9,13,6,0,,,,2.3443,0.0,0.0,0.0,567.7708
0.22,0.4,0.22,0.22,23.3,74.0,721.0,602.0,0.12091848,9,14,6,0,,,,2.2719667,0.0,0.0,0.0,578.29584
0.22,0.22,0.22,0.22,22.2,76.0,646.0,728.0,0.124329954,9,15,6,0,,,,2.2950332,0.0,0.0,0.0,539.8875
0.4,0.22,0.22,0.4,21.7,76.0,265.0,156.0,0.1358563,9,16,6,0,,,,2.28355,0.0,0.0,0.0,449.4125
0.4,0.22,0.22,0.4,20.6,79.0,206.0,229.0,0.14068808,9,17,6,0,,,,3.0079334,0.0,0.0,0.0,309.16666
0.4,0.22,0.22,0.4,19.4,84.0,52.0,30.0,0.14636998,9,18,6,0,,,,2.54995,0.0,0.0,0.0,71.870834
0.4,0.22,0.22,0.4,18.9,87.0,2.0,0.0,0.1463076,9,19,6,0,,,,1.24445,0.0,0.0,0.0,0.0
0.4,0.22,0.22,0.4,18.3,90.0,0.0,0.0,0.14837934,9,20,6,0,,,,2.2589834,0.0,0.0,0.0,0.0
0.22,0.22,0.22,0.22,17.8,93.0,0.0,0.0,0.14335136,9,21,6,0,,,,1.1237833,0.0,0.0,0.0,0.0
0.22,0.22,0.22,0.22,18.3,90.0,0.0,0.0,0.12562738,9,22,6,0,,,,0.71868336,0.0,0.0,0.0,0.0
0.22,0.22,0.22,0.22,18.3,90.0,0.0,0.0,0.11330829,9,23,6,0,,,,0.5293667,0.0,0.0,0.0,0.0
0.22,0.22,0.22,0.22,18.3,90.0,0.0,0.0,0.11623807,9,24,6,0,,,,2.2741084,0.0,0.0,0.0,0.0
0.22,0.22,0.22,0.22,17.8,93.0,0.0,0.0,0.11212586,9,1,7,0,,,,0.91691667,0.0,0.0,0.0,0.0
0.22,0.22,0.22,0.22,18.3,93.0,0.0,0.0,0.11000622,9,2,7,0,,,,0.44486666,0.0,0.0,0.0,0.0
0.22,0.22,0.22,0.22,18.3,93.0,0.0,0.0,0.109287314,9,3,7,0,,,,0.44666666,0.0,0.0,0.0,0.0
0.22,0.22,0.4,0.22,18.3,93.0,0.0,0.0,0.11270575,9,4,7,0,,,,0.44328332,0.0,0.0,0.0,0.0
0.22,0.22,0.4,0.22,18.3,90.0,0.0,0.0,0.121112525,9,5,7,0,,,,0.44156668,0.0,0.0,0.0,0.0
0.22,0.22,0.4,0.22,17.8,93.0,8.0,0.0,0.1337727,9,6,7,0,,,,0.44158334,0.0,0.0,0.0,0.0
0.22,0.22,0.4,0.22,18.3,90.0,53.0,1.0,0.14415073,9,7,7,0,,,,2.6164668,0.0,0.0,0.0,2.2916667
0.22,0.22,0.4,0.22,18.9,90.0,181.0,5.0,0.15045045,9,8,7,0,,,,0.6986333,0.0,0.0,0.0,47.070835
0.22,0.22,0.22,0.22,20.0,84.0,235.0,46.0,0.15801091,9,9,7,0,,,,0.6243333,0.0,0.0,0.0,169.09166
0.22,0.4,0.22,0.22,21.7,79.0,629.0,399.0,0.16134316,9,10,7,0,,,,0.3641,0.0,0.0,0.0,311.1625
0.22,0.4,0.22,0.22,22.8,74.0,799.0,620.0,0.16163957,9,11,7,0,,,,0.37386668,0.0,0.0,0.0,434.87082
0.22,0.4,0.22,0.22,22.8,71.0,873.0,760.0,0.15969998,9,12,7,0,,,,3.13075,0.0,0.0,0.0,527.5847
0.22,0.4,0.22,0.22,22.8,69.0,856.0,751.0,0.1608053,9,13,7,0,,,,2.6547832,0.0,0.0,0.0,575.4583
0.22,0.4,0.22,0.22,22.8,69.0,789.0,741.0,0.16218156,9,14,7,0,,,,2.4323332,0.0,0.0,0.0,581.0292
0.22,0.22,0.22,0.22,22.2,71.0,645.0,686.0,0.1638599,9,15,7,0,,,,2.6250167,0.0,0.0,0.0,536.25415
0.4,0.22,0.22,0.54,22.2,71.0,452.0,589.0,0.16741794,9,16,7,0,,,,3.6872666,0.0,0.0,0.0,448.28333
0.4,0.22,0.22,0.54,21.1,73.0,230.0,378.0,0.16931476,9,17,7,0,,,,4.06025,0.0,0.0,0.0,305.05
0.4,0.22,0.22,0.54,19.4,78.0,49.0,84.0,0.1689671,9,18,7,0,,,,3.8667667,0.0,0.0,0.0,68.2
0.4,0.22,0.22,0.54,18.9,81.0,1.0,0.0,0.16898158,9,19,7,0,,,,2.51835,0.0,0.0,0.0,0.0
0.4,0.22,0.22,0.54,18.3,84.0,0.0,0.0,0.16766,9,20,7,0,,,,1.46445,0.0,0.0,0.0,0.0
0.22,0.22,0.22,0.22,18.3,84.0,0.0,0.0,0.15906478,9,21,7,0,,,,1.28515,0.0,0.0,0.0,0.0
0.22,0.22,0.22,0.22,18.3,90.0,0.0,0.0,0.1430543,9,22,7,0,,,,1.8739834,0.0,0.0,0.0,0.0
0.22,0.22,0.22,0.22,18.3,90.0,0.0,0.0,0.14274561,9,23,7,0,,,,1.0815111,0.0,0.0,0.0,0.0
0.22,0.22,0.22,0.22,17.2,84.0,0.0,0.0,0.13741398,9,24,7,0,,,,0.41901666,0.0,0.0,0.0,0.0
0.22,0.22,0.22,0.22,18.3,87.0,0.0,0.0,0.12663914,9,1,1,0,,,,0.41903332,0.0,0.0,0.0,0.0
0.22,0.22,0.22,0.22,18.3,87.0,0.0,0.0,0.124833964,9,2,1,0,,,,0.43735,0.0,0.0,0.0,0.0
0.22,0.22,0.22,0.22,18.3,87.0,0.0,0.0,0.12523857,9,3,1,0,,,,0.46051666,0.0,0.0,0.0,0.0
0.22,0.22,0.54,0.22,17.8,87.0,0.0,0.0,0.12939975,9,4,1,0,,,,0.46048334,0.0,0.0,0.0,0.0
0.22,0.22,0.54,0.22,17.8,90.0,0.0,0.0,0.13673952,9,5,1,0,,,,0.45818335,0.0,0.0,0.0,0.0
0.22,0.22,0.54,0.22,18.3,87.0,7.0,1.0,0.14552662,9,6,1,0,,,,0.48595,0.0,0.0,0.0,0.0
0.22,0.22,0.54,0.22,18.9,84.0,74.0,25.0,0.15201409,9,7,1,0,,,,0.51730835,0.0,0.0,0.0,40.125
0.22,0.22,0.54,0.22,19.4,81.0,177.0,9.0,0.16189846,9,8,1,0,,,,0.46488333,0.0,0.0,0.0,93.36667
0.22,0.22,0.22,0.22,19.4,81.0,248.0,1.0,0.16666266,9,9,1,0,,,,0.32005,0.0,0.0,0.0,192.55
0.22,0.54,0.22,0.22,21.1,76.0,309.0,10.0,0.17035969,9,10,1,0,,,,0.31,0.0,0.0,0.0,323.38333
0.22,0.54,0.22,0.22,22.2,71.0,872.0,797.0,0.17514805,9,11,1,0,,,,0.31761667,0.0,0.0,0.0,445.1875
0.22,0.54,0.22,0.22,22.8,64.0,862.0,835.0,0.1825601,9,12,1,0,,,,0.71201664,0.0,0.0,0.0,531.94165
0.22,0.54,0.22,0.22,22.2,64.0,887.0,911.0,0.19064263,9,13,1,0,,,,0.33845,0.0,0.0,0.0,577.51666
0.22,0.54,0.22,0.22,22.8,64.0,757.0,831.0,0.1916778,9,14,1,0,,,,0.3186,0.0,0.0,0.0,587.2833
0.22,0.22,0.22,0.22,22.2,64.0,627.0,749.0,0.18942699,9,15,1,0,,,,0.28015,0.0,0.0,0.0,541.375
0.54,0.22,0.22,0.54,21.1,68.0,491.0,804.0,0.1946227,9,16,1,0,,,,1.7672666,0.0,0.0,0.0,446.44168
0.54,0.22,0.22,0.54,20.6,68.0,273.0,671.0,0.19843549,9,17,1,0,,,,3.3027833,0.0,0.0,0.0,282.16666
0.54,0.22,0.22,0.54,19.4,70.0,70.0,343.0,0.19542319,9,18,1,0,,,,1.31965,0.0,0.0,0.0,52.454166
0.54,0.22,0.22,0.54,18.9,76.0,2.0,3.0,0.1966159,9,19,1,0,,,,1.2221167,0.0,0.0,0.0,0.0
0.54,0.22,0.22,0.54,18.9,78.0,0.0,0.0,0.1920097,9,20,1,0,,,,1.3393333,0.0,0.0,0.0,0.0
0.22,0.22,0.22,0.22,18.3,81.0,0.0,0.0,0.17951609,9,21,1,0,,,,0.9953333,0.0,0.0,0.0,0.0
0.22,0.22,0.22,0.22,18.3,81.0,0.0,0.0,0.16163166,9,22,1,0,,,,0.7467,0.0,0.0,0.0,0.0
0.22,0.22,0.22,0.22,17.8,81.0,0.0,0.0,0.14538838,9,23,1,0,,,,1.73945,0.0,0.0,0.0,0.0
0.22,0.22,0.22,0.22,17.2,84.0,0.0,0.0,0.13185667,9,24,1,0,,,,0.294175,0.0,0.0,0.0,0.0
0.22,0.22,0.22,0.22,17.2,84.0,0.0,0.0,0.12749092,9,1,2,0,,,,0.31118333,0.0,0.0,0.0,0.0
0.22,0.22,0.22,0.22,17.8,87.0,0.0,0.0,0.12778658,9,2,2,0,,,,0.31198335,0.0,0.0,0.0,0.0
0.22,0.22,0.22,0.22,17.8,87.0,0.0,0.0,0.13026537,9,3,2,0,,,,0.31136668,0.0,0.0,0.0,0.0
0.22,0.22,0.54,0.22,18.3,84.0,0.0,0.0,0.13260297,9,4,2,0,,,,0.31058332,0.0,0.0,0.0,0.0
0.22,0.22,0.54,0.22,18.3,84.0,0.0,0.0,0.13664924,9,5,2,0,,,,0.30946666,0.0,0.0,0.0,0.0
0.22,0.22,0.54,0.22,18.3,84.0,7.0,0.0,0.14536782,9,6,2,0,,,,0.5968,0.0,0.0,0.0,0.0
0.22,0.22,0.54,0.22,18.3,84.0,35.0,1.0,0.15655346,9,7,2,0,,,,0.8613,0.0,0.0,0.0,8.2
0.22,0.22,0.54,0.22,18.9,81.0,187.0,13.0,0.16927855,9,8,2,0,,,,0.6318667,0.0,0.0,0.0,47.75
0.22,0.22,0.22,0.22,20.0,78.0,200.0,8.0,0.18242218,9,9,2,0,,,,0.31055,0.0,0.0,0.0,74.73333
0.22,0.54,0.22,0.22,20.0,78.0,322.0,5.0,0.1888288,9,10,2,0,,,,0.3091,0.0,0.0,0.0,86.004166
0.22,0.54,0.22,0.22,21.1,73.0,346.0,4.0,0.19448477,9,11,2,0,,,,0.31353334,0.0,0.0,0.0,79.42083
0.22,0.54,0.22,0.22,21.7,71.0,608.0,372.0,0.1967022,9,12,2,0,,,,0.31738332,0.0,0.0,0.0,83.07083
0.22,0.54,0.22,0.22,22.2,68.0,841.0,689.0,0.20129445,9,13,2,0,,,,0.30873334,0.0,0.0,0.0,179.975
0.22,0.54,0.22,0.22,22.2,68.0,765.0,628.0,0.2046146,9,14,2,0,,,,0.30918333,0.0,0.0,0.0,143.8
0.22,0.22,0.22,0.22,22.2,66.0,644.0,739.0,0.20665464,9,15,2,0,,,,0.3176,0.0,0.0,0.0,399.82083
0.54,0.22,0.22,0.54,21.1,71.0,321.0,253.0,0.20595175,9,16,2,0,,,,0.31955,0.0,0.0,0.0,347.26666
0.54,0.22,0.22,0.54,21.1,68.0,182.0,235.0,0.20789224,9,17,2,0,,,,0.46336666,0.0,0.0,0.0,243.02916
0.54,0.22,0.22,0.54,18.9,78.0,60.0,156.0,0.21137106,9,18,2,0,,,,0.48251668,0.0,0.0,0.0,38.3
0.54,0.22,0.22,0.54,18.9,78.0,0.0,0.0,0.213342,9,19,2,0,,,,0.56245,0.0,0.0,0.0,0.0
0.54,0.22,0.22,0.54,18.9,78.0,0.0,0.0,0.21155132,9,20,2,0,,,,0.7449167,0.0,0.0,0.0,0.0
0.22,0.22,0.22,0.22,18.3,81.0,0.0,0.0,0.20166768,9,21,2,0,,,,1.2263167,0.0,0.0,0.0,0.0
0.22,0.22,0.22,0.22,18.3,81.0,0.0,0.0,0.18352889,9,22,2,0,,,,1.2567166,0.0,0.0,0.0,0.0
0.22,0.22,0.22,0.22,18.3,81.0,0.0,0.0,0.16399199,9,23,2,0,,,,0.68835,0.0,0.0,0.0,0.0
0.22,0.22,0.22,0.22,17.8,81.0,0.0,0.0,0.15984227,9,24,2,0,,,,0.49673334,0.0,0.0,0.0,0.0
0.22,0.22,0.22,0.22,17.2,84.0,0.0,0.0,0.15214652,9,1,3,0,,,,0.39615,0.0,0.0,0.0,0.0
0.22,0.22,0.22,0.22,17.8,81.0,0.0,0.0,0.14455527,9,2,3,0,,,,0.39276665,0.0,0.0,0.0,0.0
0.22,0.22,0.22,0.22,17.2,84.0,0.0,0.0,0.14208494,9,3,3,0,,,,0.39366665,0.0,0.0,0.0,0.0
0.22,0.22,0.54,0.22,17.2,87.0,0.0,0.0,0.14264248,9,4,3,0,,,,0.39523333,0.0,0.0,0.0,0.0
0.22,0.22,0.54,0.22,17.2,87.0,0.0,0.0,0.15098341,9,5,3,0,,,,0.39473334,0.0,0.0,0.0,0.0
0.22,0.22,0.54,0.22,17.8,87.0,7.0,0.0,0.16997479,9,6,3,0,,,,0.7436,0.0,0.0,0.0,0.0
0.22,0.22,0.54,0.22,18.3,84.0,73.0,16.0,0.17320478,9,7,3,0,,,,0.9098833,0.0,0.0,0.0,16.2
0.22,0.22,0.54,0.22,18.3,84.0,129.0,4.0,0.18044114,9,8,3,0,,,,0.49798334,0.0,0.0,0.0,61.366665
0.22,0.22,0.22,0.22,18.9,78.0,283.0,3.0,0.18974775,9,9,3,0,,,,0.3123,0.0,0.0,0.0,186.55417
0.22,0.54,0.22,0.22,19.4,78.0,275.0,1.0,0.19749773,9,10,3,0,,,,0.31158334,0.0,0.0,0.0,321.98334
0.22,0.54,0.22,0.22,20.0,73.0,351.0,1.0,0.2022869,9,11,3,0,,,,0.3163,0.0,0.0,0.0,446.03333
0.22,0.54,0.22,0.22,20.0,76.0,441.0,7.0,0.20257623,9,12,3,0,,,,0.3342,0.0,0.0,0.0,537.4083
0.22,0.54,0.22,0.22,21.7,68.0,721.0,396.0,0.20372616,9,13,3,0,,,,0.31845,0.0,0.0,0.0,585.07916
0.22,0.54,0.22,0.22,22.2,66.0,651.0,507.0,0.2078726,9,14,3,0,,,,0.31613332,0.0,0.0,0.0,587.32916
0.22,0.22,0.22,0.22,22.2,64.0,660.0,852.0,0.20846099,9,15,3,0,,,,0.35305,0.0,0.0,0.0,545.9625
0.54,0.22,0.22,0.54,21.1,66.0,476.0,789.0,0.20969905,9,16,3,0,,,,0.37871668,0.0,0.0,0.0,448.00418
0.54,0.22,0.22,0.54,20.6,66.0,260.0,653.0,0.2106858,9,17,3,0,,,,0.76265,0.0,0.0,0.0,297.94168
0.54,0.22,0.22,0.54,18.9,73.0,65.0,320.0,0.2102575,9,18,3,0,,,,2.4510667,0.0,0.0,0.0,52.975
0.54,0.22,0.22,0.54,18.3,78.0,0.0,0.0,0.2096044,9,19,3,0,,,,1.8372667,0.0,0.0,0.0,0.0
0.54,0.22,0.22,0.54,18.3,78.0,0.0,0.0,0.20918964,9,20,3,0,,,,2.4990833,0.0,0.0,0.0,0.0
0.22,0.22,0.22,0.22,18.3,81.0,0.0,0.0,0.20224553,9,21,3,0,,,,0.68416667,0.0,0.0,0.0,0.0
0.22,0.22,0.22,0.22,17.8,81.0,0.0,0.0,0.18222053,9,22,3,0,,,,0.35345,0.0,0.0,0.0,0.0
0.22,0.22,0.22,0.22,17.8,84.0,0.0,0.0,0.17916194,9,23,3,0,,,,0.40341666,0.0,0.0,0.0,0.0
0.22,0.22,0.22,0.22,17.8,81.0,0.0,0.0,0.16284133,9,24,3,0,,,,0.46366668,0.0,0.0,0.0,0.0
0.22,0.22,0.22,0.22,15.6,90.0,0.0,0.0,0.14960778,9,1,4,0,,,,0.46658334,0.0,0.0,0.0,0.0
0.22,0.22,0.22,0.22,15.6,87.0,0.0,0.0,0.14359492,9,2,4,0,,,,0.46508333,0.0,0.0,0.0,0.0
0.22,0.22,0.22,0.22,15.0,90.0,0.0,0.0,0.14286095,9,3,4,0,,,,0.46525,0.0,0.0,0.0,0.0
0.22,0.22,0.54,0.22,15.0,90.0,0.0,0.0,0.14437087,9,4,4,0,,,,0.46636668,0.0,0.0,0.0,0.0
0.22,0.22,0.54,0.22,14.4,93.0,0.0,0.0,0.14944944,9,5,4,0,,,,0.46596667,0.0,0.0,0.0,0.0
0.22,0.22,0.54,0.22,15.0,93.0,11.0,3.0,0.17117563,9,6,4,0,,,,0.77865,0.0,0.0,0.0,0.0
0.22,0.22,0.54,0.22,16.7,93.0,56.0,14.0,0.1728591,9,7,4,0,,,,0.5446,0.0,0.0,0.0,8.5625
0.22,0.22,0.54,0.22,17.8,90.0,120.0,3.0,0.18240613,9,8,4,0,,,,0.36073333,0.0,0.0,0.0,48.2625
0.22,0.22,0.22,0.22,18.9,84.0,231.0,2.0,0.19296001,9,9,4,0,,,,0.31278333,0.0,0.0,0.0,173.5125
0.22,0.54,0.22,0.22,19.4,78.0,318.0,7.0,0.20247225,9,10,4,0,,,,0.31438333,0.0,0.0,0.0,317.40417
0.22,0.54,0.22,0.22,20.0,76.0,380.0,7.0,0.20648226,9,11,4,0,,,,0.32316667,0.0,0.0,0.0,441.0
0.22,0.54,0.22,0.22,21.7,68.0,375.0,2.0,0.2120678,9,12,4,0,,,,0.32645,0.0,0.0,0.0,529.0917
0.22,0.54,0.22,0.22,22.2,66.0,478.0,172.0,0.2146757,9,13,4,0,,,,0.2781,0.0,0.0,0.0,576.3417
0.22,0.54,0.22,0.22,22.8,66.0,715.0,651.0,0.21553002,9,14,4,0,,,,0.27098334,0.0,0.0,0.0,586.43335
0.22,0.22,0.22,0.22,22.2,68.0,637.0,774.0,0.21500924,9,15,4,0,,,,0.26983333,0.0,0.0,0.0,540.1042
0.54,0.22,0.22,0.54,21.7,68.0,434.0,597.0,0.21981375,9,16,4,0,,,,0.53728336,0.0,0.0,0.0,446.47916
0.54,0.22,0.22,0.54,21.1,71.0,235.0,530.0,0.21877013,9,17,4,0,,,,0.50445,0.0,0.0,0.0,295.55417
0.54,0.22,0.22,0.54,19.4,73.0,55.0,202.0,0.22052303,9,18,4,0,,,,0.65171665,0.0,0.0,0.0,49.129166
0.54,0.22,0.22,0.54,18.9,76.0,0.0,0.0,0.22065923,9,19,4,0,,,,0.86476666,0.0,0.0,0.0,0.0
0.54,0.22,0.22,0.54,18.9,76.0,0.0,0.0,0.22232562,9,20,4,0,,,,2.2164667,0.0,0.0,0.0,0.0
0.22,0.22,0.22,0.22,18.9,76.0,0.0,0.0,0.21128924,9,21,4,0,,,,1.6895167,0.0,0.0,0.0,0.0
0.22,0.22,0.22,0.22,18.9,76.0,0.0,0.0,0.19286072,9,22,4,0,,,,1.57995,0.0,0.0,0.0,0.0
0.22,0.22,0.22,0.22,18.3,81.0,0.0,0.0,0.18361595,9,23,4,0,,,,0.7079667,0.0,0.0,0.0,0.0
0.22,0.22,0.22,0.22,16.7,73.0,0.0,0.0,0.16491015,9,24,4,0,,,,0.34996668,0.0,0.0,0.0,0.0
0.22,0.22,0.22,0.22,17.2,84.0,0.0,0.0,0.15039428,9,1,5,0,,,,0.31585,0.0,0.0,0.0,0.0
0.22,0.22,0.22,0.22,17.2,84.0,0.0,0.0,0.14051728,9,2,5,0,,,,0.30965,0.0,0.0,0.0,0.0
0.22,0.22,0.22,0.22,16.1,87.0,0.0,0.0,0.1341023,9,3,5,0,,,,0.30821666,0.0,0.0,0.0,0.0
0.22,0.22,0.54,0.22,16.7,84.0,0.0,0.0,0.1344862,9,4,5,0,,,,0.30983335,0.0,0.0,0.0,0.0
0.22,0.22,0.54,0.22,16.7,87.0,0.0,0.0,0.13855006,9,5,5,0,,,,0.3105,0.0,0.0,0.0,0.0
0.22,0.22,0.54,0.22,16.7,87.0,10.0,3.0,0.14920667,9,6,5,0,,,,0.47831666,0.0,0.0,0.0,0.0
0.22,0.22,0.54,0.22,18.3,84.0,87.0,132.0,0.15390447,9,7,5,0,,,,0.34743333,0.0,0.0,0.0,8.65
0.22,0.22,0.54,0.22,18.3,78.0,222.0,218.0,0.17397,9,8,5,0,,,,0.78966665,0.0,0.0,0.0,46.975
0.22,0.22,0.22,0.22,19.4,73.0,436.0,394.0,0.1803139,9,9,5,0,,,,0.41335,0.0,0.0,0.0,169.81667
0.22,0.54,0.22,0.22,20.6,68.0,564.0,461.0,0.18921351,9,10,5,0,,,,0.31708333,0.0,0.0,0.0,312.125
0.22,0.54,0.22,0.22,21.1,64.0,891.0,761.0,0.19155282,9,11,5,0,,,,0.3191,0.0,0.0,0.0,433.5
0.22,0.54,0.22,0.22,21.7,59.0,792.0,614.0,0.19374625,9,12,5,0,,,,0.31953335,0.0,0.0,0.0,523.23334
0.22,0.54,0.22,0.22,21.7,57.0,847.0,878.0,0.19956349,9,13,5,0,,,,0.2859,0.0,0.0,0.0,567.35834
0.22,0.54,0.22,0.22,21.1,61.0,758.0,840.0,0.20268708,9,14,5,0,,,,0.28241667,0.0,0.0,0.0,569.2792
0.22,0.22,0.22,0.22,21.7,59.0,427.0,325.0,0.2040733,9,15,5,0,,,,2.0848,0.0,0.0,0.0,520.625
0.54,0.22,0.22,0.4,21.7,59.0,451.0,664.0,0.20771499,9,16,5,0,,,,3.2992666,0.0,0.0,0.0,420.50418
0.54,0.22,0.22,0.4,21.1,59.0,226.0,413.0,0.20607288,9,17,5,0,,,,2.79045,0.0,0.0,0.0,266.16666
0.54,0.22,0.22,0.4,19.4,61.0,55.0,245.0,0.20547168,9,18,5,0,,,,1.0948,0.0,0.0,0.0,38.2125
0.54,0.22,0.22,0.4,18.9,65.0,0.0,0.0,0.20255384,9,19,5,0,,,,0.44171667,0.0,0.0,0.0,0.0
0.54,0.22,0.22,0.4,18.9,68.0,0.0,0.0,0.19953398,9,20,5,0,,,,1.1873333,0.0,0.0,0.0,0.0
0.22,0.22,0.22,0.22,18.3,70.0,0.0,0.0,0.19316275,9,21,5,0,,,,0.87228334,0.0,0.0,0.0,0.0
0.22,0.22,0.22,0.22,17.8,73.0,0.0,0.0,0.18512219,9,22,5,0,,,,1.0492834,0.0,0.0,0.0,0.0
0.22,0.22,0.22,0.22,17.8,70.0,0.0,0.0,0.1775119,9,23,5,0,,,,0.38283333,0.0,0.0,0.0,0.0
0.22,0.22,0.22,0.22,17.2,81.0,0.0,0.0,0.15656114,9,24,5,0,,,,0.2629,0.0,0.0,0.0,0.0
0.22,0.22,0.22,0.22,16.1,78.0,0.0,0.0,0.14620031,9,1,6,0,,,,0.26281667,0.0,0.0,0.0,0.0
0.22,0.22,0.22,0.22,15.6,78.0,0.0,0.0,0.14453524,9,2,6,0,,,,0.28183332,0.0,0.0,0.0,0.0
0.22,0.22,0.22,0.22,15.6,78.0,0.0,0.0,0.1421295,9,3,6,0,,,,0.3091,0.0,0.0,0.0,0.0
0.22,0.22,0.4,0.22,15.0,81.0,0.0,0.0,0.14048658,9,4,6,0,,,,0.31008333,0.0,0.0,0.0,0.0
0.22,0.22,0.4,0.22,14.4,90.0,0.0,0.0,0.14514452,9,5,6,0,,,,0.30793333,0.0,0.0,0.0,0.0
0.22,0.22,0.4,0.22,14.4,84.0,9.0,10.0,0.14462453,9,6,6,0,,,,0.48228332,0.0,0.0,0.0,0.0
0.22,0.22,0.4,0.22,16.1,87.0,107.0,327.0,0.14460489,9,7,6,0,,,,0.7967167,0.0,0.0,0.0,11.508333
0.22,0.22,0.4,0.22,17.8,81.0,315.0,605.0,0.14654203,9,8,6,0,,,,0.36545,0.0,0.0,0.0,48.2625
0.22,0.22,0.22,0.22,20.0,71.0,484.0,603.0,0.1571645,9,9,6,0,,,,0.60933334,0.0,0.0,0.0,166.3875
0.22,0.4,0.22,0.22,21.1,61.0,618.0,627.0,0.16378652,9,10,6,0,,,,0.5456667,0.0,0.0,0.0,307.72916
0.22,0.4,0.22,0.22,21.7,59.0,793.0,726.0,0.17359069,9,11,6,0,,,,0.5016,0.0,0.0,0.0,428.22083
0.22,0.4,0.22,0.22,22.2,57.0,841.0,788.0,0.18443763,9,12,6,0,,,,1.2577333,0.0,0.0,0.0,514.1667
0.22,0.4,0.22,0.22,21.7,59.0,867.0,854.0,0.19204088,9,13,6,0,,,,1.5179334,0.0,0.0,0.0,560.3875
0.22,0.4,0.22,0.22,21.7,59.0,763.0,804.0,0.19690877,9,14,6,0,,,,2.31205,0.0,0.0,0.0,553.51666
0.22,0.22,0.22,0.22,21.7,64.0,641.0,786.0,0.20242445,9,15,6,0,,,,2.6684666,0.0,0.0,0.0,505.56668
0.4,0.22,0.22,0.4,21.7,64.0,448.0,698.0,0.20303375,9,16,6,0,,,,2.9100332,0.0,0.0,0.0,411.88333
0.4,0.22,0.22,0.4,20.6,71.0,229.0,521.0,0.20482998,9,17,6,0,,,,3.8334832,0.0,0.0,0.0,265.28333
0.4,0.22,0.22,0.4,19.4,73.0,51.0,156.0,0.20582838,9,18,6,0,,,,3.7755666,0.0,0.0,0.0,38.304165
0.4,0.22,0.22,0.4,19.4,73.0,0.0,0.0,0.20342714,9,19,6,0,,,,3.1731,0.0,0.0,0.0,0.0
0.4,0.22,0.22,0.4,19.4,73.0,0.0,0.0,0.20233221,9,20,6,0,,,,0.7723333,0.0,0.0,0.0,0.0
0.22,0.22,0.22,0.22,18.9,78.0,0.0,0.0,0.19716802,9,21,6,0,,,,0.51778334,0.0,0.0,0.0,0.0
0.22,0.22,0.22,0.22,18.3,78.0,0.0,0.0,0.17589052,9,22,6,0,,,,2.2511168,0.0,0.0,0.0,0.0
0.22,0.22,0.22,0.22,17.8,81.0,0.0,0.0,0.16157338,9,23,6,0,,,,0.58598334,0.0,0.0,0.0,0.0
0.22,0.22,0.22,0.22,17.2,84.0,0.0,0.0,0.1582043,9,24,6,0,,,,0.40150833,0.0,0.0,0.0,0.0
0.22,0.22,0.22,0.22,16.7,84.0,0.0,0.0,0.15034334,9,1,7,0,,,,0.35285,0.0,0.0,0.0,0.0
0.22,0.22,0.22,0.22,16.7,84.0,0.0,0.0,0.14760819,9,2,7,0,,,,0.35681668,0.0,0.0,0.0,0.0
0.22,0.22,0.22,0.22,16.1,84.0,0.0,0.0,0.1437252,9,3,7,0,,,,1.82025,0.0,0.0,0.0,0.0
0.22,0.22,0.4,0.22,15.6,87.0,0.0,0.0,0.14697088,9,4,7,0,,,,1.2886,0.0,0.0,0.0,0.0
0.22,0.22,0.4,0.22,15.6,87.0,0.0,0.0,0.16258366,9,5,7,0,,,,0.35068333,0.0,0.0,0.0,0.0
0.22,0.22,0.4,0.22,15.0,87.0,9.0,1.0,0.18601541,9,6,7,0,,,,0.35248333,0.0,0.0,0.0,0.0
0.22,0.22,0.4,0.22,16.7,87.0,91.0,171.0,0.19638477,9,7,7,0,,,,0.33281666,0.0,0.0,0.0,2.1916666
0.22,0.22,0.4,0.22,18.9,78.0,287.0,450.0,0.19599675,9,8,7,0,,,,2.2330334,0.0,0.0,0.0,40.170834
0.22,0.22,0.22,0.22,21.1,66.0,498.0,602.0,0.21117492,9,9,7,0,,,,1.0493833,0.0,0.0,0.0,162.1375
0.22,0.4,0.22,0.22,22.8,59.0,677.0,677.0,0.21943446,9,10,7,0,,,,0.40385,0.0,0.0,0.0,302.1875
0.22,0.4,0.22,0.22,22.8,57.0,763.0,679.0,0.22187202,9,11,7,0,,,,0.54211664,0.0,0.0,0.0,421.57916
0.22,0.4,0.22,0.22,22.8,57.0,809.0,693.0,0.22900937,9,12,7,0,,,,1.8243,0.0,0.0,0.0,500.99582
0.22,0.4,0.22,0.22,22.8,57.0,827.0,723.0,0.22958021,9,13,7,0,,,,3.06025,0.0,0.0,0.0,545.70416
0.22,0.4,0.22,0.22,22.8,62.0,726.0,660.0,0.22909789,9,14,7,0,,,,3.1536334,0.0,0.0,0.0,540.98334
0.22,0.22,0.22,0.22,22.8,64.0,534.0,544.0,0.23283286,9,15,7,0,,,,3.1398666,0.0,0.0,0.0,495.5
0.4,0.22,0.22,0.54,22.2,66.0,414.0,550.0,0.23148343,9,16,7,0,,,,3.8043,0.0,0.0,0.0,405.05417
0.4,0.22,0.22,0.54,21.7,71.0,198.0,346.0,0.23161714,9,17,7,0,,,,2.9713833,0.0,0.0,0.0,263.88333
0.4,0.22,0.22,0.54,20.0,73.0,41.0,49.0,0.23616932,9,18,7,0,,,,2.36705,0.0,0.0,0.0,38.4875
0.4,0.22,0.22,0.54,19.4,78.0,0.0,0.0,0.23661941,9,19,7,0,,,,2.94155,0.0,0.0,0.0,0.0
0.4,0.22,0.22,0.54,18.9,81.0,0.0,0.0,0.23698881,9,20,7,0,,,,2.2048666,0.0,0.0,0.0,0.0
0.22,0.22,0.22,0.22,18.9,81.0,0.0,0.0,0.2284694,9,21,7,0,,,,2.12755,0.0,0.0,0.0,0.0
0.22,0.22,0.22,0.22,18.3,81.0,0.0,0.0,0.20350373,9,22,7,0,,,,1.4612167,0.0,0.0,0.0,0.0
0.22,0.22,0.22,0.22,18.3,81.0,0.0,0.0,0.19206248,9,23,7,0,,,,3.0112333,0.0,0.0,0.0,0.0
0.22,0.22,0.22,0.22,17.8,81.0,0.0,0.0,0.18165183,9,24,7,0,,,,1.1687666,0.0,0.0,0.0,0.0
0.22,0.22,0.22,0.22,17.2,87.0,0.0,0.0,0.17061481,9,1,1,0,,,,0.26301667,0.0,0.0,0.0,0.0
0.22,0.22,0.22,0.22,17.2,87.0,0.0,0.0,0.16517417,9,2,1,0,,,,1.8277,0.0,0.0,0.0,0.0
0.22,0.22,0.22,0.22,16.7,90.0,0.0,0.0,0.16680595,9,3,1,0,,,,0.2608,0.0,0.0,0.0,0.0
0.22,0.22,0.54,0.22,16.7,90.0,0.0,0.0,0.16970563,9,4,1,0,,,,0.26135,0.0,0.0,0.0,0.0
0.22,0.22,0.54,0.22,15.6,90.0,0.0,0.0,0.17662019,9,5,1,0,,,,0.26055,0.0,0.0,0.0,0.0
0.22,0.22,0.54,0.22,15.6,90.0,6.0,1.0,0.19178686,9,6,1,0,,,,0.5976667,0.0,0.0,0.0,0.0
0.22,0.22,0.54,0.22,16.7,90.0,90.0,109.0,0.19975482,9,7,1,0,,,,0.6285,0.0,0.0,0.0,15.8625
0.22,0.22,0.54,0.22,18.9,84.0,290.0,458.0,0.20489345,9,8,1,0,,,,1.0572833,0.0,0.0,0.0,91.65417
0.22,0.22,0.22,0.22,21.1,76.0,474.0,578.0,0.2099856,9,9,1,0,,,,0.26245,0.0,0.0,0.0,174.70416
0.22,0.54,0.22,0.22,22.2,66.0,650.0,672.0,0.22282685,9,10,1,0,,,,0.26138332,0.0,0.0,0.0,293.58334
0.22,0.54,0.22,0.22,22.2,66.0,759.0,752.0,0.22759914,9,11,1,0,,,,0.26581666,0.0,0.0,0.0,383.5625
0.22,0.54,0.22,0.22,22.2,71.0,812.0,762.0,0.22706231,9,12,1,0,,,,0.26766667,0.0,0.0,0.0,370.10416
0.22,0.54,0.22,0.22,22.2,68.0,838.0,795.0,0.23072061,9,13,1,0,,,,0.26408333,0.0,0.0,0.0,149.12083
0.22,0.54,0.22,0.22,22.2,68.0,760.0,774.0,0.22852142,9,14,1,0,,,,1.3585833,0.0,0.0,0.0,200.65834
0.22,0.22,0.22,0.22,22.2,68.0,619.0,728.0,0.23094429,9,15,1,0,,,,0.4091,0.0,0.0,0.0,111.729164
0.54,0.22,0.22,0.54,22.2,68.0,424.0,630.0,0.23250726,9,16,1,0,,,,1.5318333,0.0,0.0,0.0,66.9
0.54,0.22,0.22,0.54,21.1,71.0,209.0,442.0,0.23211125,9,17,1,0,,,,1.1913167,0.0,0.0,0.0,65.1375
0.54,0.22,0.22,0.54,20.0,76.0,43.0,88.0,0.22988011,9,18,1,0,,,,2.6489334,0.0,0.0,0.0,42.725
0.54,0.22,0.22,0.54,19.4,78.0,0.0,0.0,0.2319064,9,19,1,0,,,,2.7324166,0.0,0.0,0.0,0.0
0.54,0.22,0.22,0.54,18.9,81.0,0.0,0.0,0.22913195,9,20,1,0,,,,1.9431666,0.0,0.0,0.0,0.0
0.22,0.22,0.22,0.22,18.9,81.0,0.0,0.0,0.22465912,9,21,1,0,,,,2.5244,0.0,0.0,0.0,0.0
0.22,0.22,0.22,0.22,18.9,81.0,0.0,0.0,0.21411967,9,22,1,0,,,,0.8469,0.0,0.0,0.0,0.0
0.22,0.22,0.22,0.22,18.9,78.0,0.0,0.0,0.20388922,9,23,1,0,,,,2.4353166,0.0,0.0,0.0,0.0
0.22,0.22,0.22,0.22,17.8,87.0,0.0,0.0,0.18919007,9,24,1,0,,,,0.82161665,0.0,0.0,0.0,0.0
0.22,0.22,0.22,0.22,17.8,81.0,0.0,0.0,0.18035223,9,1,2,0,,,,0.51878333,0.0,0.0,0.0,0.0
0.22,0.22,0.22,0.22,17.2,84.0,0.0,0.0,0.17805214,9,2,2,0,,,,0.5191333,0.0,0.0,0.0,0.0
0.22,0.22,0.22,0.22,16.7,87.0,0.0,0.0,0.179799,9,3,2,0,,,,0.51776665,0.0,0.0,0.0,0.0
0.22,0.22,0.54,0.22,16.1,90.0,0.0,0.0,0.1822485,9,4,2,0,,,,0.5189833,0.0,0.0,0.0,0.0
0.22,0.22,0.54,0.22,15.6,93.0,0.0,0.0,0.1842944,9,5,2,0,,,,0.51781666,0.0,0.0,0.0,0.0
0.22,0.22,0.54,0.22,16.7,90.0,8.0,0.0,0.19283274,9,6,2,0,,,,0.77093333,0.0,0.0,0.0,0.0
0.22,0.22,0.54,0.22,17.2,90.0,63.0,11.0,0.20183705,9,7,2,0,,,,0.7115833,0.0,0.0,0.0,9.991667
0.22,0.22,0.54,0.22,18.3,87.0,204.0,137.0,0.20770182,9,8,2,0,,,,0.48085,0.0,0.0,0.0,86.82917
0.22,0.22,0.22,0.22,19.4,81.0,380.0,289.0,0.21535136,9,9,2,0,,,,0.36326668,0.0,0.0,0.0,100.75833
0.22,0.54,0.22,0.22,21.1,73.0,611.0,471.0,0.22305097,9,10,2,0,,,,0.3621,0.0,0.0,0.0,214.52916
0.22,0.54,0.22,0.22,23.3,62.0,772.0,659.0,0.2283856,9,11,2,0,,,,0.3574,0.0,0.0,0.0,144.55
0.22,0.54,0.22,0.22,23.9,58.0,760.0,632.0,0.22919573,9,12,2,0,,,,0.36246666,0.0,0.0,0.0,177.81667
0.22,0.54,0.22,0.22,23.3,60.0,796.0,728.0,0.22952588,9,13,2,0,,,,0.35655,0.0,0.0,0.0,132.82083
0.22,0.54,0.22,0.22,22.8,64.0,744.0,730.0,0.23074554,9,14,2,0,,,,0.36383334,0.0,0.0,0.0,109.566666
0.22,0.22,0.22,0.22,22.2,68.0,599.0,673.0,0.22823842,9,15,2,0,,,,0.447,0.0,0.0,0.0,65.916664
0.54,0.22,0.22,0.54,21.7,68.0,410.0,578.0,0.22782643,9,16,2,0,,,,0.53501666,0.0,0.0,0.0,79.458336
0.54,0.22,0.22,0.54,21.1,71.0,195.0,375.0,0.22675318,9,17,2,0,,,,0.36466667,0.0,0.0,0.0,230.95416
0.54,0.22,0.22,0.54,19.4,76.0,40.0,57.0,0.22692448,9,18,2,0,,,,0.43683332,0.0,0.0,0.0,30.120832
0.54,0.22,0.22,0.54,18.9,81.0,0.0,0.0,0.22360623,9,19,2,0,,,,1.95065,0.0,0.0,0.0,0.0
0.54,0.22,0.22,0.54,18.9,81.0,0.0,0.0,0.22540458,9,20,2,0,,,,1.73055,0.0,0.0,0.0,0.0
0.22,0.22,0.22,0.22,18.9,81.0,0.0,0.0,0.2162174,9,21,2,0,,,,3.5814834,0.0,0.0,0.0,0.0
0.22,0.22,0.22,0.22,18.3,87.0,0.0,0.0,0.20497866,9,22,2,0,,,,2.0039666,0.0,0.0,0.0,0.0
0.22,0.22,0.22,0.22,18.3,87.0,0.0,0.0,0.19508426,9,23,2,0,,,,1.1241,0.0,0.0,0.0,0.0
0.22,0.22,0.22,0.22,17.8,87.0,0.0,0.0,0.19017296,9,24,2,0,,,,0.35629168,0.0,0.0,0.0,0.0
0.22,0.22,0.22,0.22,17.2,90.0,0.0,0.0,0.18199542,9,1,3,0,,,,0.35193333,0.0,0.0,0.0,0.0
0.22,0.22,0.22,0.22,17.2,90.0,0.0,0.0,0.17636617,9,2,3,0,,,,0.35163334,0.0,0.0,0.0,0.0
0.22,0.22,0.22,0.22,16.7,90.0,0.0,0.0,0.17420319,9,3,3,0,,,,0.35185,0.0,0.0,0.0,0.0
0.22,0.22,0.54,0.22,16.1,93.0,0.0,0.0,0.17628175,9,4,3,0,,,,0.3519,0.0,0.0,0.0,0.0
0.22,0.22,0.54,0.22,16.1,90.0,0.0,0.0,0.18095654,9,5,3,0,,,,0.35125,0.0,0.0,0.0,0.0
0.22,0.22,0.54,0.22,16.1,93.0,7.0,0.0,0.19291759,9,6,3,0,,,,0.49508333,0.0,0.0,0.0,0.0
0.22,0.22,0.54,0.22,17.8,87.0,55.0,57.0,0.19719037,9,7,3,0,,,,0.2532,0.0,0.0,0.0,25.245832
0.22,0.22,0.54,0.22,20.6,79.0,248.0,283.0,0.20913668,9,8,3,0,,,,0.26631665,0.0,0.0,0.0,47.4875
0.22,0.22,0.22,0.22,22.2,68.0,458.0,425.0,0.21664874,9,9,3,0,,,,0.26286668,0.0,0.0,0.0,128.45
0.22,0.54,0.22,0.22,23.3,62.0,613.0,484.0,0.22834712,9,10,3,0,,,,0.25923333,0.0,0.0,0.0,194.36667
0.22,0.54,0.22,0.22,24.4,54.0,770.0,584.0,0.23354775,9,11,3,0,,,,0.26846668,0.0,0.0,0.0,416.0625
0.22,0.54,0.22,0.22,25.0,52.0,800.0,674.0,0.23420519,9,12,3,0,,,,0.39893332,0.0,0.0,0.0,476.24167
0.22,0.54,0.22,0.22,24.4,56.0,818.0,713.0,0.23641421,9,13,3,0,,,,0.5291833,0.0,0.0,0.0,444.40417
0.22,0.54,0.22,0.22,23.9,60.0,731.0,681.0,0.23091154,9,14,3,0,,,,0.85733336,0.0,0.0,0.0,468.3875
0.22,0.22,0.22,0.22,23.3,64.0,585.0,621.0,0.2213295,9,15,3,0,,,,0.84466666,0.0,0.0,0.0,389.85834
0.54,0.22,0.22,0.54,22.8,69.0,390.0,507.0,0.2165211,9,16,3,0,,,,1.6216333,0.0,0.0,0.0,323.825
0.54,0.22,0.22,0.54,22.2,68.0,181.0,307.0,0.22185694,9,17,3,0,,,,1.3967667,0.0,0.0,0.0,167.82083
0.54,0.22,0.22,0.54,20.0,78.0,38.0,31.0,0.22797984,9,18,3,0,,,,0.3419,0.0,0.0,0.0,12.491667
0.54,0.22,0.22,0.54,18.9,84.0,0.0,0.0,0.22758874,9,19,3,0,,,,1.0908,0.0,0.0,0.0,0.0
0.54,0.22,0.22,0.54,18.3,87.0,0.0,0.0,0.22533774,9,20,3,0,,,,1.6698667,0.0,0.0,0.0,0.0
0.22,0.22,0.22,0.22,18.3,90.0,0.0,0.0,0.21498863,9,21,3,0,,,,1.0714,0.0,0.0,0.0,0.0
0.22,0.22,0.22,0.22,18.3,90.0,0.0,0.0,0.1951017,9,22,3,0,,,,2.3248832,0.0,0.0,0.0,0.0
0.22,0.22,0.22,0.22,18.3,90.0,0.0,0.0,0.17676456,9,23,3,0,,,,1.4663334,0.0,0.0,0.0,0.0
0.22,0.22,0.22,0.22,17.8,90.0,0.0,0.0,0.17377444,9,24,3,0,,,,1.10655,0.0,0.0,0.0,0.0
0.22,0.22,0.22,0.22,17.2,93.0,0.0,0.0,0.15906209,9,1,4,0,,,,0.41901666,0.0,0.0,0.0,0.0
0.22,0.22,0.22,0.22,17.2,90.0,0.0,0.0,0.15796031,9,2,4,0,,,,0.41825,0.0,0.0,0.0,0.0
0.22,0.22,0.22,0.22,16.7,97.0,0.0,0.0,0.15422253,9,3,4,0,,,,0.41771665,0.0,0.0,0.0,0.0
0.22,0.22,0.54,0.22,17.2,97.0,0.0,0.0,0.15443276,9,4,4,0,,,,0.41798332,0.0,0.0,0.0,0.0
0.22,0.22,0.54,0.22,17.2,97.0,0.0,0.0,0.16093478,9,5,4,0,,,,0.41741666,0.0,0.0,0.0,0.0
0.22,0.22,0.54,0.22,17.2,93.0,7.0,3.0,0.16533853,9,6,4,0,,,,0.6085333,0.0,0.0,0.0,0.0
0.22,0.22,0.54,0.22,17.8,90.0,67.0,77.0,0.17391014,9,7,4,0,,,,0.8340167,0.0,0.0,0.0,16.775
0.22,0.22,0.54,0.22,18.9,84.0,199.0,87.0,0.18358131,9,8,4,0,,,,0.41563332,0.0,0.0,0.0,76.4375
0.22,0.22,0.22,0.22,20.0,78.0,368.0,168.0,0.19784601,9,9,4,0,,,,0.26628333,0.0,0.0,0.0,178.50833
0.22,0.54,0.22,0.22,21.1,76.0,651.0,767.0,0.19688292,9,10,4,0,,,,0.26413333,0.0,0.0,0.0,304.4125
0.22,0.54,0.22,0.22,21.7,71.0,803.0,853.0,0.20205323,9,11,4,0,,,,0.27166668,0.0,0.0,0.0,434.94583
0.22,0.54,0.22,0.22,22.2,66.0,852.0,861.0,0.2055286,9,12,4,0,,,,0.28016666,0.0,0.0,0.0,472.10834
0.22,0.54,0.22,0.22,22.2,66.0,842.0,864.0,0.2103209,9,13,4,0,,,,0.27531666,0.0,0.0,0.0,506.9
0.22,0.54,0.22,0.22,22.2,66.0,763.0,847.0,0.21363837,9,14,4,0,,,,0.26798335,0.0,0.0,0.0,535.9583
0.22,0.22,0.22,0.22,21.7,68.0,580.0,751.0,0.21762353,9,15,4,0,,,,0.26565,0.0,0.0,0.0,484.00833
0.54,0.22,0.22,0.54,20.6,71.0,383.0,378.0,0.21701974,9,16,4,0,,,,1.0618334,0.0,0.0,0.0,71.025
0.54,0.22,0.22,0.54,19.4,76.0,142.0,124.0,0.21715324,9,17,4,0,,,,1.9969333,0.0,0.0,0.0,60.7875
0.54,0.22,0.22,0.54,18.9,81.0,28.0,12.0,0.21553873,9,18,4,0,,,,0.5821,0.0,0.0,0.0,13.920834
0.54,0.22,0.22,0.54,18.9,81.0,0.0,0.0,0.21576215,9,19,4,0,,,,0.45501667,0.0,0.0,0.0,0.0
0.54,0.22,0.22,0.54,18.3,84.0,0.0,0.0,0.2089233,9,20,4,0,,,,0.7194833,0.0,0.0,0.0,0.0
0.22,0.22,0.22,0.22,18.3,87.0,0.0,0.0,0.19628815,9,21,4,0,,,,3.3366168,0.0,0.0,0.0,0.0
0.22,0.22,0.22,0.22,18.3,87.0,0.0,0.0,0.190248,9,22,4,0,,,,1.3253666,0.0,0.0,0.0,0.0
0.22,0.22,0.22,0.22,17.8,90.0,0.0,0.0,0.17650327,9,23,4,0,,,,2.1788,0.0,0.0,0.0,0.0
0.22,0.22,0.22,0.22,17.8,87.0,0.0,0.0,0.16903426,9,24,4,0,,,,0.5178583,0.0,0.0,0.0,0.0
0.22,0.22,0.22,0.22,17.2,90.0,0.0,0.0,0.16168152,9,1,5,0,,,,0.46446666,0.0,0.0,0.0,0.0
0.22,0.22,0.22,0.22,17.2,90.0,0.0,0.0,0.15707833,9,2,5,0,,,,0.46496665,0.0,0.0,0.0,0.0
0.22,0.22,0.22,0.22,17.2,90.0,0.0,0.0,0.15667412,9,3,5,0,,,,0.46495,0.0,0.0,0.0,0.0
0.22,0.22,0.54,0.22,17.2,90.0,0.0,0.0,0.15191127,9,4,5,0,,,,0.46428335,0.0,0.0,0.0,0.0
0.22,0.22,0.54,0.22,17.2,90.0,0.0,0.0,0.15304688,9,5,5,0,,,,0.4607,0.0,0.0,0.0,0.0
0.22,0.22,0.54,0.22,17.8,87.0,1.0,0.0,0.15755555,9,6,5,0,,,,0.46513334,0.0,0.0,0.0,0.0
0.22,0.22,0.54,0.22,17.8,87.0,73.0,24.0,0.15728246,9,7,5,0,,,,0.5588167,0.0,0.0,0.0,15.725
0.22,0.22,0.54,0.22,18.9,84.0,238.0,237.0,0.15957935,9,8,5,0,,,,0.62615,0.0,0.0,0.0,44.7875
0.22,0.22,0.22,0.22,21.1,79.0,339.0,252.0,0.17077169,9,9,5,0,,,,0.6364167,0.0,0.0,0.0,155.23334
0.22,0.54,0.22,0.22,21.7,71.0,463.0,257.0,0.1757893,9,10,5,0,,,,0.31213334,0.0,0.0,0.0,306.07083
0.22,0.54,0.22,0.22,21.1,73.0,442.0,87.0,0.18313476,9,11,5,0,,,,0.31391665,0.0,0.0,0.0,431.74167
0.22,0.54,0.22,0.22,21.7,71.0,494.0,150.0,0.18863693,9,12,5,0,,,,0.32338333,0.0,0.0,0.0,529.0292
0.22,0.54,0.22,0.22,20.6,73.0,520.0,131.0,0.1951013,9,13,5,0,,,,0.2952,0.0,0.0,0.0,571.99585
0.22,0.54,0.22,0.22,21.7,73.0,547.0,242.0,0.20123486,9,14,5,0,,,,0.26683334,0.0,0.0,0.0,567.0125
0.22,0.22,0.22,0.22,21.1,71.0,315.0,78.0,0.20400602,9,15,5,0,,,,0.29585,0.0,0.0,0.0,444.05832
0.54,0.22,0.22,0.4,21.7,66.0,315.0,199.0,0.20169106,9,16,5,0,,,,0.52835,0.0,0.0,0.0,418.325
0.54,0.22,0.22,0.4,20.6,68.0,97.0,21.0,0.20286053,9,17,5,0,,,,0.5660667,0.0,0.0,0.0,259.87918
0.54,0.22,0.22,0.4,19.4,73.0,23.0,3.0,0.20444821,9,18,5,0,,,,0.57085,0.0,0.0,0.0,22.729166
0.54,0.22,0.22,0.4,18.9,81.0,0.0,0.0,0.2040308,9,19,5,0,,,,0.61438334,0.0,0.0,0.0,0.0
0.54,0.22,0.22,0.4,18.3,84.0,0.0,0.0,0.20311211,9,20,5,0,,,,0.8416833,0.0,0.0,0.0,0.0
0.22,0.22,0.22,0.22,18.3,84.0,0.0,0.0,0.19529255,9,21,5,0,,,,0.99905,0.0,0.0,0.0,0.0
0.22,0.22,0.22,0.22,17.8,87.0,0.0,0.0,0.18226795,9,22,5,0,,,,0.9339833,0.0,0.0,0.0,0.0
0.22,0.22,0.22,0.22,17.8,87.0,0.0,0.0,0.17448239,9,23,5,0,,,,0.7658,0.0,0.0,0.0,0.0
0.22,0.22,0.22,0.22,18.3,90.0,0.0,0.0,0.16877103,9,24,5,0,,,,0.931175,0.0,0.0,0.0,0.0
0.22,0.22,0.22,0.22,17.2,90.0,0.0,0.0,0.16311367,9,1,6,0,,,,2.7955167,0.0,0.0,0.0,0.0
0.22,0.22,0.22,0.22,17.2,90.0,0.0,0.0,0.15255092,9,2,6,0,,,,0.7015833,0.0,0.0,0.0,0.0
0.22,0.22,0.22,0.22,16.7,90.0,0.0,0.0,0.15014386,9,3,6,0,,,,0.27401668,0.0,0.0,0.0,0.0
0.22,0.22,0.4,0.22,16.1,93.0,0.0,0.0,0.15139735,9,4,6,0,,,,0.262,0.0,0.0,0.0,0.0
0.22,0.22,0.4,0.22,16.1,93.0,0.0,0.0,0.15021989,9,5,6,0,,,,0.25916666,0.0,0.0,0.0,0.0
0.22,0.22,0.4,0.22,15.6,93.0,5.0,1.0,0.1525509,9,6,6,0,,,,0.25941667,0.0,0.0,0.0,0.0
0.22,0.22,0.4,0.22,16.1,97.0,80.0,183.0,0.14913066,9,7,6,0,,,,0.23965,0.0,0.0,0.0,1.2916666
0.22,0.22,0.4,0.22,19.4,90.0,276.0,509.0,0.1555996,9,8,6,0,,,,0.26568332,0.0,0.0,0.0,35.183334
0.22,0.22,0.22,0.22,21.7,73.0,493.0,685.0,0.16826837,9,9,6,0,,,,0.26165,0.0,0.0,0.0,153.0625
0.22,0.4,0.22,0.22,23.9,62.0,674.0,774.0,0.18435892,9,10,6,0,,,,2.0344167,0.0,0.0,0.0,297.57916
0.22,0.4,0.22,0.22,25.0,56.0,790.0,808.0,0.19317514,9,11,6,0,,,,0.2954,0.0,0.0,0.0,426.09167
0.22,0.4,0.22,0.22,25.6,54.0,844.0,825.0,0.20336746,9,12,6,0,,,,2.3773084,0.0,0.0,0.0,518.98956
0.22,0.4,0.22,0.22,25.0,56.0,830.0,825.0,0.21416873,9,13,6,0,,,,0.57985,0.0,0.0,0.0,563.05414
0.22,0.4,0.22,0.22,24.4,56.0,743.0,798.0,0.22037992,9,14,6,0,,,,0.34691668,0.0,0.0,0.0,558.23334
0.22,0.22,0.22,0.22,23.9,58.0,597.0,743.0,0.22425562,9,15,6,0,,,,0.34426665,0.0,0.0,0.0,505.59167
0.4,0.22,0.22,0.4,23.9,54.0,403.0,645.0,0.22746919,9,16,6,0,,,,1.9606,0.0,0.0,0.0,405.7125
0.4,0.22,0.22,0.4,22.2,62.0,189.0,446.0,0.22770394,9,17,6,0,,,,0.75163335,0.0,0.0,0.0,251.55
0.4,0.22,0.22,0.4,20.0,73.0,38.0,79.0,0.22606973,9,18,6,0,,,,1.0687,0.0,0.0,0.0,20.620832
0.4,0.22,0.22,0.4,19.4,78.0,0.0,0.0,0.22969453,9,19,6,0,,,,0.32908332,0.0,0.0,0.0,0.0
0.4,0.22,0.22,0.4,18.3,87.0,0.0,0.0,0.22776276,9,20,6,0,,,,0.37041667,0.0,0.0,0.0,0.0
0.22,0.22,0.22,0.22,18.3,90.0,0.0,0.0,0.21775156,9,21,6,0,,,,3.5506833,0.0,0.0,0.0,0.0
0.22,0.22,0.22,0.22,18.3,90.0,0.0,0.0,0.2017138,9,22,6,0,,,,2.5014668,0.0,0.0,0.0,0.0
0.22,0.22,0.22,0.22,18.3,90.0,0.0,0.0,0.19104987,9,23,6,0,,,,0.8174,0.0,0.0,0.0,0.0
0.22,0.22,0.22,0.22,20.6,81.0,0.0,0.0,0.18700789,9,24,6,0,,,,1.6311667,0.0,0.0,0.0,0.0
0.22,0.22,0.22,0.22,17.8,93.0,0.0,0.0,0.18058905,9,1,7,0,,,,0.34035,0.0,0.0,0.0,0.0
0.22,0.22,0.22,0.22,17.2,93.0,0.0,0.0,0.17525838,9,2,7,0,,,,0.34163332,0.0,0.0,0.0,0.0
0.22,0.22,0.22,0.22,16.7,93.0,0.0,0.0,0.1732844,9,3,7,0,,,,0.34135,0.0,0.0,0.0,0.0
0.22,0.22,0.4,0.22,16.7,97.0,0.0,0.0,0.17676085,9,4,7,0,,,,1.0169667,0.0,0.0,0.0,0.0
0.22,0.22,0.4,0.22,16.7,97.0,0.0,0.0,0.18360652,9,5,7,0,,,,0.9106333,0.0,0.0,0.0,0.0
0.22,0.22,0.4,0.22,17.2,97.0,4.0,0.0,0.19429137,9,6,7,0,,,,0.34233335,0.0,0.0,0.0,0.0
0.22,0.22,0.4,0.22,18.3,90.0,75.0,132.0,0.19525614,9,7,7,0,,,,0.32275,0.0,0.0,0.0,1.5333333
0.22,0.22,0.4,0.22,20.0,87.0,249.0,241.0,0.2040405,9,8,7,0,,,,1.7599334,0.0,0.0,0.0,36.254166
0.22,0.22,0.22,0.22,21.7,79.0,458.0,488.0,0.21529923,9,9,7,0,,,,0.25666666,0.0,0.0,0.0,157.31667
0.22,0.4,0.22,0.22,23.3,71.0,622.0,581.0,0.22822687,9,10,7,0,,,,0.532,0.0,0.0,0.0,309.02084
0.22,0.4,0.22,0.22,25.0,64.0,747.0,597.0,0.24137579,9,11,7,0,,,,0.6141833,0.0,0.0,0.0,440.12918
0.22,0.4,0.22,0.22,25.6,58.0,635.0,394.0,0.24846737,9,12,7,0,,,,0.8657,0.0,0.0,0.0,528.51666
0.22,0.4,0.22,0.22,26.1,56.0,788.0,640.0,0.25220096,9,13,7,0,,,,4.0691,0.0,0.0,0.0,577.8875
0.22,0.4,0.22,0.22,26.1,58.0,675.0,575.0,0.26013452,9,14,7,0,,,,2.3710833,0.0,0.0,0.0,580.32916
0.22,0.22,0.22,0.22,25.0,60.0,597.0,596.0,0.26146308,9,15,7,0,,,,2.3622832,0.0,0.0,0.0,522.00415
0.4,0.22,0.22,0.54,25.6,60.0,351.0,405.0,0.2641972,9,16,7,0,,,,3.8126667,0.0,0.0,0.0,417.75
0.4,0.22,0.22,0.54,24.4,62.0,173.0,336.0,0.26449528,9,17,7,0,,,,2.9054,0.0,0.0,0.0,263.60416
0.4,0.22,0.22,0.54,22.8,66.0,31.0,5.0,0.26562044,9,18,7,0,,,,1.78375,0.0,0.0,0.0,18.3875
0.4,0.22,0.22,0.54,22.2,71.0,0.0,0.0,0.26022407,9,19,7,0,,,,2.9662333,0.0,0.0,0.0,0.0
0.4,0.22,0.22,0.54,21.7,73.0,0.0,0.0,0.25969732,9,20,7,0,,,,2.2257166,0.0,0.0,0.0,0.0
0.22,0.22,0.22,0.22,21.1,76.0,0.0,0.0,0.24770948,9,21,7,0,,,,2.0969667,0.0,0.0,0.0,0.0
0.22,0.22,0.22,0.22,21.1,79.0,0.0,0.0,0.23242849,9,22,7,0,,,,1.2381667,0.0,0.0,0.0,0.0
0.22,0.22,0.22,0.22,21.1,79.0,0.0,0.0,0.22158717,9,23,7,0,,,,2.77245,0.0,0.0,0.0,0.0
0.22,0.22,0.22,0.22,18.9,90.0,0.0,0.0,0.19796105,9,24,7,0,,,,3.0481083,0.0,0.0,0.0,0.0
0.22,0.22,0.22,0.22,20.0,84.0,0.0,0.0,0.1914154,9,1,1,0,,,,3.1621,0.0,0.0,0.0,0.0
0.22,0.22,0.22,0.22,20.0,87.0,0.0,0.0,0.18892275,9,2,1,0,,,,0.44858333,0.0,0.0,0.0,0.0
0.22,0.22,0.22,0.22,20.0,87.0,0.0,0.0,0.18916453,9,3,1,0,,,,0.44893333,0.0,0.0,0.0,0.0
0.22,0.22,0.54,0.22,20.0,84.0,0.0,0.0,0.19120401,9,4,1,0,,,,0.44643334,0.0,0.0,0.0,0.0
0.22,0.22,0.54,0.22,19.4,87.0,0.0,0.0,0.19353923,9,5,1,0,,,,2.0319166,0.0,0.0,0.0,0.0
0.22,0.22,0.54,0.22,19.4,87.0,1.0,0.0,0.21200752,9,6,1,0,,,,1.3343834,0.0,0.0,0.0,0.0
0.22,0.22,0.54,0.22,18.9,93.0,38.0,2.0,0.21570596,9,7,1,0,,,,0.57268333,0.0,0.0,0.0,4.1291666
0.22,0.22,0.54,0.22,20.0,90.0,102.0,6.0,0.21620396,9,8,1,0,,,,0.6324,0.0,0.0,0.0,38.808334
0.22,0.22,0.22,0.22,20.6,90.0,310.0,63.0,0.22453661,9,9,1,0,,,,0.35506666,0.0,0.0,0.0,156.525
0.22,0.54,0.22,0.22,22.8,79.0,481.0,145.0,0.23104236,9,10,1,0,,,,0.35448334,0.0,0.0,0.0,298.94583
0.22,0.54,0.22,0.22,24.4,71.0,437.0,86.0,0.2406856,9,11,1,0,,,,0.41493332,0.0,0.0,0.0,423.75418
0.22,0.54,0.22,0.22,23.9,69.0,553.0,225.0,0.24650428,9,12,1,0,,,,0.69561666,0.0,0.0,0.0,506.8375
0.22,0.54,0.22,0.22,22.2,73.0,371.0,37.0,0.24832304,9,13,1,0,,,,0.36773333,0.0,0.0,0.0,550.29584
0.22,0.54,0.22,0.22,21.1,81.0,279.0,0.0,0.24856889,9,14,1,0,,,,0.35856667,0.0,0.0,0.0,543.875
0.22,0.22,0.22,0.22,21.7,79.0,573.0,637.0,0.2500401,9,15,1,0,,,,2.1726665,0.0,0.0,0.0,510.875
0.54,0.22,0.22,0.54,21.7,79.0,281.0,276.0,0.251539,9,16,1,0,,,,2.6960166,0.0,0.0,0.0,394.6875
0.54,0.22,0.22,0.54,20.6,79.0,104.0,49.0,0.25395232,9,17,1,0,,,,3.8139334,0.0,0.0,0.0,240.9625
0.54,0.22,0.22,0.54,19.4,84.0,27.0,11.0,0.25260666,9,18,1,0,,,,2.3674166,0.0,0.0,0.0,11.720834
0.54,0.22,0.22,0.54,18.9,87.0,0.0,0.0,0.24669532,9,19,1,0,,,,0.96566665,0.0,0.0,0.0,0.0
0.54,0.22,0.22,0.54,18.9,90.0,0.0,0.0,0.24647589,9,20,1,0,,,,2.34995,0.0,0.0,0.0,0.0
0.22,0.22,0.22,0.22,18.9,90.0,0.0,0.0,0.23952891,9,21,1,0,,,,4.1652,0.0,0.0,0.0,0.0
0.22,0.22,0.22,0.22,18.9,90.0,0.0,0.0,0.23097174,9,22,1,0,,,,1.74745,0.0,0.0,0.0,0.0
0.22,0.22,0.22,0.22,18.9,90.0,0.0,0.0,0.22613166,9,23,1,0,,,,2.1002834,0.0,0.0,0.0,0.0
0.22,0.22,0.22,0.22,17.2,90.0,0.0,0.0,0.19490297,9,24,1,0,,,,0.62599164,0.0,0.0,0.0,0.0
0.22,0.22,0.22,0.22,18.9,90.0,0.0,0.0,0.19036391,9,1,2,0,,,,0.35958335,0.0,0.0,0.0,0.0
0.22,0.22,0.22,0.22,18.9,90.0,0.0,0.0,0.19029817,9,2,2,0,,,,0.35323334,0.0,0.0,0.0,0.0
0.22,0.22,0.22,0.22,18.9,90.0,0.0,0.0,0.18703647,9,3,2,0,,,,0.34928334,0.0,0.0,0.0,0.0
0.22,0.22,0.54,0.22,18.9,90.0,0.0,0.0,0.18372117,9,4,2,0,,,,0.3489,0.0,0.0,0.0,0.0
0.22,0.22,0.54,0.22,18.9,90.0,0.0,0.0,0.18920052,9,5,2,0,,,,0.34783334,0.0,0.0,0.0,0.0
0.22,0.22,0.54,0.22,18.9,90.0,0.0,1.0,0.19803625,9,6,2,0,,,,1.56625,0.0,0.0,0.0,0.0
0.22,0.22,0.54,0.22,18.9,90.0,43.0,12.0,0.19921474,9,7,2,0,,,,0.48155,0.0,0.0,0.0,15.975
0.22,0.22,0.54,0.22,18.9,90.0,161.0,5.0,0.19650844,9,8,2,0,,,,0.29803333,0.0,0.0,0.0,40.3125
0.22,0.22,0.22,0.22,18.9,90.0,216.0,6.0,0.2037761,9,9,2,0,,,,0.2554,0.0,0.0,0.0,120.55
0.22,0.54,0.22,0.22,20.6,81.0,360.0,2.0,0.2194408,9,10,2,0,,,,0.25433335,0.0,0.0,0.0,273.57083
0.22,0.54,0.22,0.22,22.2,76.0,663.0,528.0,0.23174815,9,11,2,0,,,,0.25893334,0.0,0.0,0.0,353.3125
0.22,0.54,0.22,0.22,23.3,71.0,758.0,656.0,0.2346618,9,12,2,0,,,,0.8660167,0.0,0.0,0.0,540.4167
0.22,0.54,0.22,0.22,23.9,66.0,827.0,910.0,0.23888953,9,13,2,0,,,,1.5727834,0.0,0.0,0.0,557.23334
0.22,0.54,0.22,0.22,23.3,66.0,744.0,891.0,0.24228007,9,14,2,0,,,,2.7016168,0.0,0.0,0.0,386.34167
0.22,0.22,0.22,0.22,22.2,71.0,563.0,729.0,0.24164145,9,15,2,0,,,,2.4505,0.0,0.0,0.0,335.55
0.54,0.22,0.22,0.54,21.1,76.0,407.0,765.0,0.24500245,9,16,2,0,,,,2.9673834,0.0,0.0,0.0,127.15417
0.54,0.22,0.22,0.54,20.0,78.0,196.0,600.0,0.24533743,9,17,2,0,,,,2.4360332,0.0,0.0,0.0,118.42917
0.54,0.22,0.22,0.54,19.4,78.0,41.0,172.0,0.2433204,9,18,2,0,,,,2.4233832,0.0,0.0,0.0,11.266666
0.54,0.22,0.22,0.54,18.9,81.0,0.0,0.0,0.24013026,9,19,2,0,,,,2.2927833,0.0,0.0,0.0,0.0
0.54,0.22,0.22,0.54,18.9,81.0,0.0,0.0,0.23670378,9,20,2,0,,,,0.92293334,0.0,0.0,0.0,0.0
0.22,0.22,0.22,0.22,18.3,84.0,0.0,0.0,0.2286309,9,21,2,0,,,,1.3109167,0.0,0.0,0.0,0.0
0.22,0.22,0.22,0.22,18.3,84.0,0.0,0.0,0.20395154,9,22,2,0,,,,0.7296,0.0,0.0,0.0,0.0
0.22,0.22,0.22,0.22,17.8,87.0,0.0,0.0,0.1855463,9,23,2,0,,,,0.5574833,0.0,0.0,0.0,0.0
0.22,0.22,0.22,0.22,18.9,90.0,0.0,0.0,0.17213002,9,24,2,0,,,,0.5215667,0.0,0.0,0.0,0.0
0.22,0.22,0.22,0.22,17.8,90.0,0.0,0.0,0.17025736,9,1,3,0,,,,0.51748335,0.0,0.0,0.0,0.0
0.22,0.22,0.22,0.22,17.8,93.0,0.0,0.0,0.16722448,9,2,3,0,,,,0.51385,0.0,0.0,0.0,0.0
0.22,0.22,0.22,0.22,17.8,93.0,0.0,0.0,0.16476098,9,3,3,0,,,,0.51385,0.0,0.0,0.0,0.0
0.22,0.22,0.54,0.22,17.8,90.0,0.0,0.0,0.16537116,9,4,3,0,,,,0.51393336,0.0,0.0,0.0,0.0
0.22,0.22,0.54,0.22,17.8,90.0,0.0,0.0,0.1692794,9,5,3,0,,,,0.5112,0.0,0.0,0.0,0.0
0.22,0.22,0.54,0.22,17.8,90.0,3.0,0.0,0.18316965,9,6,3,0,,,,0.5187167,0.0,0.0,0.0,0.0
0.22,0.22,0.54,0.22,18.3,87.0,28.0,5.0,0.18993104,9,7,3,0,,,,0.77748334,0.0,0.0,0.0,8.429167
0.22,0.22,0.54,0.22,18.3,87.0,108.0,2.0,0.19422062,9,8,3,0,,,,0.64321667,0.0,0.0,0.0,87.07917
0.22,0.22,0.22,0.22,18.9,84.0,206.0,2.0,0.19035225,9,9,3,0,,,,0.35981667,0.0,0.0,0.0,171.02083
0.22,0.54,0.22,0.22,20.0,78.0,278.0,3.0,0.19217855,9,10,3,0,,,,0.35805,0.0,0.0,0.0,287.49167
0.22,0.54,0.22,0.22,22.2,73.0,755.0,710.0,0.1932767,9,11,3,0,,,,1.0500333,0.0,0.0,0.0,405.84583
0.22,0.54,0.22,0.22,22.8,69.0,700.0,547.0,0.19144782,9,12,3,0,,,,0.8331,0.0,0.0,0.0,363.5
0.22,0.54,0.22,0.22,22.8,69.0,766.0,671.0,0.19178161,9,13,3,0,,,,1.8083,0.0,0.0,0.0,381.51666
0.22,0.54,0.22,0.22,22.8,69.0,687.0,792.0,0.19203244,9,14,3,0,,,,1.2659333,0.0,0.0,0.0,299.2
0.22,0.22,0.22,0.22,22.2,68.0,549.0,707.0,0.19539037,9,15,3,0,,,,1.3679334,0.0,0.0,0.0,441.0875
0.54,0.22,0.22,0.54,21.7,68.0,360.0,488.0,0.20050684,9,16,3,0,,,,1.54115,0.0,0.0,0.0,246.79584
0.54,0.22,0.22,0.54,21.1,71.0,135.0,271.0,0.20284992,9,17,3,0,,,,1.7274834,0.0,0.0,0.0,14.104167
0.54,0.22,0.22,0.54,20.0,76.0,30.0,79.0,0.20081134,9,18,3,0,,,,1.6578333,0.0,0.0,0.0,7.454167
0.54,0.22,0.22,0.54,19.4,81.0,0.0,0.0,0.1983724,9,19,3,0,,,,0.84213334,0.0,0.0,0.0,0.0
0.54,0.22,0.22,0.54,19.4,84.0,0.0,0.0,0.19142564,9,20,3,0,,,,0.86505,0.0,0.0,0.0,0.0
0.22,0.22,0.22,0.22,19.4,87.0,0.0,0.0,0.18421043,9,21,3,0,,,,2.0760834,0.0,0.0,0.0,0.0
0.22,0.22,0.22,0.22,19.4,87.0,0.0,0.0,0.17302078,9,22,3,0,,,,1.4551333,0.0,0.0,0.0,0.0
0.22,0.22,0.22,0.22,19.4,87.0,0.0,0.0,0.15756673,9,23,3,0,,,,3.1912832,0.0,0.0,0.0,0.0
0.22,0.22,0.22,0.22,18.9,90.0,0.0,0.0,0.13379551,9,24,3,0,,,,0.6699917,0.0,0.0,0.0,0.0
0.22,0.22,0.22,0.22,18.9,93.0,0.0,0.0,0.13132201,9,1,4,0,,,,0.36333334,0.0,0.0,0.0,0.0
0.22,0.22,0.22,0.22,18.9,93.0,0.0,0.0,0.13369966,9,2,4,0,,,,0.35975,0.0,0.0,0.0,0.0
0.22,0.22,0.22,0.22,18.9,90.0,0.0,0.0,0.13452435,9,3,4,0,,,,0.36033332,0.0,0.0,0.0,0.0
0.22,0.22,0.54,0.22,18.9,90.0,0.0,0.0,0.14069052,9,4,4,0,,,,0.353375,0.0,0.0,0.0,0.0
0.22,0.22,0.54,0.22,19.4,87.0,0.0,0.0,0.14621311,9,5,4,0,,,,0.3595,0.0,0.0,0.0,0.0
0.22,0.22,0.54,0.22,19.4,87.0,0.0,0.0,0.15690845,9,6,4,0,,,,0.51275,0.0,0.0,0.0,0.0
0.22,0.22,0.54,0.22,19.4,87.0,46.0,2.0,0.15713769,9,7,4,0,,,,2.0465834,0.0,0.0,0.0,8.304167
0.22,0.22,0.54,0.22,19.4,87.0,109.0,7.0,0.1580943,9,8,4,0,,,,0.49871665,0.0,0.0,0.0,44.054165
0.22,0.22,0.22,0.22,20.0,84.0,195.0,7.0,0.15345798,9,9,4,0,,,,0.3601,0.0,0.0,0.0,178.40834
0.22,0.54,0.22,0.22,21.1,79.0,336.0,9.0,0.15238775,9,10,4,0,,,,0.3629,0.0,0.0,0.0,330.425
0.22,0.54,0.22,0.22,21.7,76.0,305.0,3.0,0.1545998,9,11,4,0,,,,0.3673,0.0,0.0,0.0,458.07083
0.22,0.54,0.22,0.22,22.2,76.0,350.0,1.0,0.15627967,9,12,4,0,,,,1.8417667,0.0,0.0,0.0,548.95416
0.22,0.54,0.22,0.22,23.3,71.0,568.0,325.0,0.15657298,9,13,4,0,,,,1.94985,0.0,0.0,0.0,596.2375
0.22,0.54,0.22,0.22,22.8,71.0,689.0,637.0,0.15778373,9,14,4,0,,,,1.6924666,0.0,0.0,0.0,452.09167
0.22,0.22,0.22,0.22,22.8,69.0,543.0,547.0,0.15676863,9,15,4,0,,,,1.81395,0.0,0.0,0.0,495.49582
0.54,0.22,0.22,0.54,21.7,73.0,307.0,343.0,0.15244807,9,16,4,0,,,,2.2187667,0.0,0.0,0.0,399.07916
0.54,0.22,0.22,0.54,20.6,79.0,81.0,22.0,0.15064596,9,17,4,0,,,,2.2985,0.0,0.0,0.0,180.95416
0.54,0.22,0.22,0.54,19.4,81.0,24.0,5.0,0.14762332,9,18,4,0,,,,1.8204833,0.0,0.0,0.0,10.058333
0.54,0.22,0.22,0.54,19.4,84.0,0.0,0.0,0.15179999,9,19,4,0,,,,1.6360834,0.0,0.0,0.0,0.0
0.54,0.22,0.22,0.54,19.4,84.0,0.0,0.0,0.14297506,9,20,4,0,,,,0.6593,0.0,0.0,0.0,0.0
0.22,0.22,0.22,0.22,18.9,87.0,0.0,0.0,0.13377468,9,21,4,0,,,,0.7442,0.0,0.0,0.0,0.0
0.22,0.22,0.22,0.22,18.9,87.0,0.0,0.0,0.13080135,9,22,4,0,,,,4.9578333,0.0,0.0,0.0,0.0
0.22,0.22,0.22,0.22,18.9,87.0,0.0,0.0,0.12481762,9,23,4,0,,,,1.9356667,0.0,0.0,0.0,0.0
0.22,0.22,0.22,0.21,17.1,87.0,0.0,0.0,0.10920568,9,24,4,0,,,,0.41073334,0.0,0.0,0.0,0.0
0.22,0.22,0.22,0.21,18.9,90.0,0.0,0.0,0.1028159,9,1,5,0,,,,0.94243336,0.0,0.0,0.0,0.0
0.22,0.22,0.22,0.21,18.9,90.0,0.0,0.0,0.10226245,9,2,5,0,,,,0.35931668,0.0,0.0,0.0,0.0
0.22,0.22,0.22,0.21,18.9,90.0,0.0,0.0,0.09849791,9,3,5,0,,,,0.35978332,0.0,0.0,0.0,0.0
0.22,0.22,0.54,0.21,18.3,90.0,0.0,0.0,0.09972523,9,4,5,0,,,,0.35988334,0.0,0.0,0.0,0.0
0.22,0.22,0.54,0.21,18.3,90.0,0.0,0.0,0.10239134,9,5,5,0,,,,0.3587,0.0,0.0,0.0,0.0
0.22,0.22,0.54,0.21,18.9,84.0,4.0,0.0,0.10813721,9,6,5,0,,,,0.41273335,0.0,0.0,0.0,0.0
0.22,0.22,0.54,0.21,18.9,84.0,71.0,102.0,0.11276986,9,7,5,0,,,,0.44695,0.0,0.0,0.0,7.758333
0.22,0.22,0.54,0.21,19.4,84.0,232.0,247.0,0.12070297,9,8,5,0,,,,1.0425667,0.0,0.0,0.0,42.441666
0.22,0.22,0.22,0.21,20.6,76.0,348.0,315.0,0.1322837,9,9,5,0,,,,0.35788333,0.0,0.0,0.0,177.175
0.22,0.54,0.22,0.21,21.1,81.0,369.0,129.0,0.13734147,9,10,5,0,,,,0.35671666,0.0,0.0,0.0,331.99167
0.22,0.54,0.22,0.21,21.7,79.0,645.0,274.0,0.13988744,9,11,5,0,,,,0.3626,0.0,0.0,0.0,457.78333
0.22,0.54,0.21,0.21,22.2,73.0,402.0,67.0,0.13140874,9,12,5,0,,,,0.37745,0.0,0.0,0.0,544.15
0.22,0.54,0.21,0.21,22.8,71.0,743.0,592.0,0.12927128,9,13,5,0,,,,0.58458334,0.0,0.0,0.0,591.69165
0.22,0.54,0.21,0.21,22.8,69.0,684.0,788.0,0.13609822,9,14,5,0,,,,2.0082166,0.0,0.0,0.0,587.0375
0.22,0.22,0.21,0.21,22.2,68.0,571.0,771.0,0.13802977,9,15,5,0,,,,1.7244166,0.0,0.0,0.0,531.55414
0.54,0.22,0.21,0.5,21.7,71.0,376.0,666.0,0.14356089,9,16,5,0,,,,2.8330166,0.0,0.0,0.0,422.11667
0.54,0.22,0.21,0.5,21.1,68.0,168.0,462.0,0.1475617,9,17,5,0,,,,3.6339,0.0,0.0,0.0,256.47916
0.54,0.21,0.21,0.5,18.9,78.0,30.0,69.0,0.15092847,9,18,5,0,,,,1.2211334,0.0,0.0,0.0,12.1625
0.54,0.21,0.21,0.5,18.9,81.0,0.0,0.0,0.16013497,9,19,5,0,,,,1.4443,0.0,0.0,0.0,0.0
0.54,0.21,0.21,0.5,18.9,84.0,0.0,0.0,0.15563251,9,20,5,0,,,,1.7536833,0.0,0.0,0.0,0.0
0.22,0.21,0.21,0.21,18.3,87.0,0.0,0.0,0.14269216,9,21,5,0,,,,1.8003,0.0,0.0,0.0,0.0
0.22,0.21,0.21,0.21,17.9,87.0,0.0,0.0,0.13361956,9,22,5,0,,,,1.1016,0.0,0.0,0.0,0.0
0.22,0.21,0.21,0.21,17.5,87.0,0.0,0.0,0.12968476,9,23,5,0,,,,2.97795,0.0,0.0,0.0,0.0
0.21,0.21,0.21,0.21,18.3,76.0,0.0,0.0,0.1088112,9,24,5,0,,,,3.1827834,0.0,0.0,0.0,0.0
0.21,0.21,0.21,0.21,16.8,84.0,0.0,0.0,0.1000102,10,1,6,0,,,,0.8312,0.0,0.0,0.0,0.0
0.21,0.21,0.21,0.21,16.4,90.0,0.0,0.0,0.097000435,10,2,6,0,,,,0.44745,0.0,0.0,0.0,0.0
0.21,0.21,0.21,0.21,16.0,93.0,0.0,0.0,0.09806078,10,3,6,0,,,,0.44835,0.0,0.0,0.0,0.0
0.21,0.21,0.5,0.21,15.6,93.0,0.0,0.0,0.100789286,10,4,6,0,,,,0.44856668,0.0,0.0,0.0,0.0
0.21,0.21,0.5,0.21,16.1,93.0,0.0,0.0,0.10234993,10,5,6,0,,,,0.44516668,0.0,0.0,0.0,0.0
0.21,0.21,0.5,0.21,15.6,93.0,3.0,0.0,0.10491946,10,6,6,0,,,,0.484975,0.0,0.0,0.0,0.45833334
0.21,0.21,0.5,0.21,16.1,93.0,27.0,4.0,0.10448603,10,7,6,0,,,,0.43286666,0.0,0.0,0.0,7.4375
0.21,0.21,0.5,0.21,17.2,84.0,137.0,34.0,0.107035786,10,8,6,0,,,,0.44998333,0.0,0.0,0.0,41.704166
0.21,0.21,0.21,0.21,19.4,73.0,382.0,336.0,0.12050907,10,9,6,0,,,,0.44961667,0.0,0.0,0.0,177.5875
0.21,0.5,0.21,0.21,21.1,66.0,604.0,662.0,0.12298651,10,10,6,0,,,,1.4034333,0.0,0.0,0.0,335.75
0.21,0.5,0.21,0.21,22.8,57.0,770.0,845.0,0.12479579,10,11,6,0,,,,2.0420833,0.0,0.0,0.0,465.775
0.21,0.5,0.21,0.21,23.3,56.0,822.0,863.0,0.12639078,10,12,6,0,,,,2.0187666,0.0,0.0,0.0,554.325
0.21,0.5,0.21,0.21,23.9,52.0,800.0,853.0,0.12706861,10,13,6,0,,,,2.1548166,0.0,0.0,0.0,605.45416
0.21,0.5,0.21,0.21,22.8,60.0,716.0,832.0,0.124577075,10,14,6,0,,,,2.1054,0.0,0.0,0.0,604.14166
0.21,0.21,0.21,0.21,21.1,66.0,571.0,784.0,0.12777083,10,15,6,0,,,,1.9654833,0.0,0.0,0.0,550.68335
0.5,0.21,0.21,0.5,20.6,66.0,375.0,680.0,0.13842441,10,16,6,0,,,,1.7567166,0.0,0.0,0.0,439.4875
0.5,0.21,0.21,0.5,19.4,70.0,164.0,467.0,0.14963488,10,17,6,0,,,,0.8595,0.0,0.0,0.0,261.7625
0.5,0.21,0.21,0.5,18.3,78.0,27.0,69.0,0.15019257,10,18,6,0,,,,0.96183336,0.0,0.0,0.0,11.6875
0.5,0.21,0.21,0.5,18.3,78.0,0.0,0.0,0.15304664,10,19,6,0,,,,3.5203,0.0,0.0,0.0,0.0
0.5,0.21,0.21,0.5,18.3,73.0,0.0,0.0,0.15362631,10,20,6,0,,,,1.89435,0.0,0.0,0.0,0.0
0.21,0.21,0.21,0.21,17.8,75.0,0.0,0.0,0.14793698,10,21,6,0,,,,0.98478335,0.0,0.0,0.0,0.0
0.21,0.21,0.21,0.21,17.8,75.0,0.0,0.0,0.12746103,10,22,6,0,,,,1.9739333,0.0,0.0,0.0,0.0
0.21,0.21,0.21,0.21,18.3,73.0,0.0,0.0,0.11981563,10,23,6,0,,,,1.0158167,0.0,0.0,0.0,0.0
0.21,0.21,0.21,0.21,17.2,70.0,0.0,0.0,0.11017128,10,24,6,0,,,,2.7876167,0.0,0.0,0.0,0.0
0.21,0.21,0.21,0.21,18.3,73.0,0.0,0.0,0.10575856,10,1,7,0,,,,2.1828833,0.0,0.0,0.0,0.0
0.21,0.21,0.21,0.21,18.3,73.0,0.0,0.0,0.10671361,10,2,7,0,,,,2.1504166,0.0,0.0,0.0,0.0
0.21,0.21,0.21,0.21,18.3,73.0,0.0,0.0,0.11060304,10,3,7,0,,,,0.90141666,0.0,0.0,0.0,0.0
0.21,0.21,0.5,0.21,18.3,70.0,0.0,0.0,0.11517981,10,4,7,0,,,,0.64325,0.0,0.0,0.0,0.0
0.21,0.21,0.5,0.21,17.8,75.0,0.0,0.0,0.1289368,10,5,7,0,,,,0.5603333,0.0,0.0,0.0,0.0
0.21,0.21,0.5,0.21,18.3,73.0,3.0,0.0,0.1421372,10,6,7,0,,,,0.56093335,0.0,0.0,0.0,0.0
0.21,0.21,0.5,0.21,18.9,73.0,46.0,12.0,0.14635876,10,7,7,0,,,,0.7262167,0.0,0.0,0.0,10.141666
0.21,0.21,0.5,0.21,19.4,70.0,205.0,79.0,0.15426527,10,8,7,0,,,,1.6685667,0.0,0.0,0.0,44.404167
0.21,0.21,0.21,0.21,19.4,73.0,278.0,20.0,0.16038758,10,9,7,0,,,,1.1556833,0.0,0.0,0.0,182.1125
0.21,0.5,0.21,0.21,18.3,81.0,173.0,6.0,0.15740938,10,10,7,0,,,,1.0945333,0.0,0.0,0.0,343.3625
0.21,0.5,0.21,0.21,19.4,78.0,294.0,4.0,0.15290204,10,11,7,0,,,,1.3339666,0.0,0.0,0.0,476.6625
0.21,0.5,0.21,0.21,20.6,71.0,594.0,303.0,0.1539891,10,12,7,0,,,,1.4233,0.0,0.0,0.0,569.475
0.21,0.5,0.21,0.21,20.0,71.0,523.0,206.0,0.14955035,10,13,7,0,,,,1.8472333,0.0,0.0,0.0,616.2625
0.21,0.5,0.21,0.21,19.4,73.0,590.0,402.0,0.14831853,10,14,7,0,,,,1.6341,0.0,0.0,0.0,616.3125
0.21,0.21,0.21,0.21,19.4,73.0,312.0,175.0,0.15216757,10,15,7,0,,,,3.1514833,0.0,0.0,0.0,562.7208
0.5,0.21,0.21,0.5,19.4,70.0,255.0,220.0,0.15928675,10,16,7,0,,,,1.77065,0.0,0.0,0.0,443.44168
0.5,0.21,0.21,0.5,18.3,76.0,133.0,220.0,0.15999952,10,17,7,0,,,,1.7900167,0.0,0.0,0.0,249.38333
0.5,0.21,0.21,0.5,17.2,78.0,18.0,15.0,0.15943803,10,18,7,0,,,,0.9769167,0.0,0.0,0.0,11.05
0.5,0.21,0.21,0.5,17.2,78.0,0.0,0.0,0.1633045,10,19,7,0,,,,1.5493166,0.0,0.0,0.0,0.0
0.5,0.21,0.21,0.5,17.2,75.0,0.0,0.0,0.16403958,10,20,7,0,,,,2.7076666,0.0,0.0,0.0,0.0
0.21,0.21,0.21,0.21,17.2,75.0,0.0,0.0,0.14926682,10,21,7,0,,,,1.1517167,0.0,0.0,0.0,0.0
0.21,0.21,0.21,0.21,17.8,73.0,0.0,0.0,0.12910588,10,22,7,0,,,,0.95051664,0.0,0.0,0.0,0.0
0.21,0.21,0.21,0.21,17.8,70.0,0.0,0.0,0.11802933,10,23,7,0,,,,0.76028335,0.0,0.0,0.0,0.0
0.21,0.21,0.21,0.21,16.1,75.0,0.0,0.0,0.10869623,10,24,7,0,,,,0.7328417,0.0,0.0,0.0,0.0
0.21,0.21,0.21,0.21,17.2,70.0,0.0,0.0,0.10691659,10,1,1,0,,,,0.5015333,0.0,0.0,0.0,0.0
0.21,0.21,0.21,0.21,16.7,70.0,0.0,0.0,0.10481484,10,2,1,0,,,,0.40378332,0.0,0.0,0.0,0.0
0.21,0.21,0.21,0.21,16.1,75.0,0.0,0.0,0.105243914,10,3,1,0,,,,0.39695,0.0,0.0,0.0,0.0
0.21,0.21,0.5,0.21,15.6,78.0,0.0,0.0,0.10803252,10,4,1,0,,,,0.39901668,0.0,0.0,0.0,0.0
0.21,0.21,0.5,0.21,15.6,81.0,0.0,0.0,0.12086298,10,5,1,0,,,,0.39693335,0.0,0.0,0.0,0.0
0.21,0.21,0.5,0.21,15.0,84.0,4.0,14.0,0.14085461,10,6,1,0,,,,0.40701666,0.0,0.0,0.0,0.0
0.21,0.21,0.5,0.21,16.1,78.0,58.0,127.0,0.14917383,10,7,1,0,,,,0.45446667,0.0,0.0,0.0,15.954166
0.21,0.21,0.5,0.21,18.9,57.0,299.0,638.0,0.15097325,10,8,1,0,,,,0.8278667,0.0,0.0,0.0,56.758335
0.21,0.21,0.21,0.21,20.0,59.0,399.0,376.0,0.15498406,10,9,1,0,,,,0.5301833,0.0,0.0,0.0,171.06667
0.21,0.5,0.21,0.21,21.1,47.0,616.0,594.0,0.15770417,10,10,1,0,,,,0.40946665,0.0,0.0,0.0,333.175
0.21,0.5,0.21,0.21,21.1,55.0,680.0,452.0,0.15575446,10,11,1,0,,,,0.4169,0.0,0.0,0.0,466.03333
0.21,0.5,0.21,0.21,21.1,57.0,828.0,927.0,0.15673919,10,12,1,0,,,,0.42565,0.0,0.0,0.0,550.225
0.21,0.5,0.21,0.21,20.6,61.0,811.0,927.0,0.16185239,10,13,1,0,,,,0.42015,0.0,0.0,0.0,595.9083
0.21,0.5,0.21,0.21,20.0,61.0,716.0,894.0,0.16246521,10,14,1,0,,,,0.40103334,0.0,0.0,0.0,590.975
0.21,0.21,0.21,0.21,20.0,59.0,575.0,857.0,0.16431701,10,15,1,0,,,,0.36718333,0.0,0.0,0.0,529.73334
0.5,0.21,0.21,0.5,19.4,61.0,382.0,771.0,0.16799814,10,16,1,0,,,,0.36565,0.0,0.0,0.0,410.19583
0.5,0.21,0.21,0.5,18.3,65.0,170.0,584.0,0.17059371,10,17,1,0,,,,0.53003335,0.0,0.0,0.0,214.07083
0.5,0.21,0.21,0.5,17.8,68.0,31.0,124.0,0.17263089,10,18,1,0,,,,1.4027166,0.0,0.0,0.0,8.091666
0.5,0.21,0.21,0.5,17.8,70.0,0.0,0.0,0.17566171,10,19,1,0,,,,0.6634,0.0,0.0,0.0,0.0
0.5,0.21,0.21,0.5,17.8,68.0,0.0,0.0,0.1682738,10,20,1,0,,,,1.2730833,0.0,0.0,0.0,0.0
0.21,0.21,0.21,0.21,17.8,68.0,0.0,0.0,0.14570957,10,21,1,0,,,,1.1665666,0.0,0.0,0.0,0.0
0.21,0.21,0.21,0.21,17.8,65.0,0.0,0.0,0.12349455,10,22,1,0,,,,1.9485333,0.0,0.0,0.0,0.0
0.21,0.21,0.21,0.21,17.2,65.0,0.0,0.0,0.11663485,10,23,1,0,,,,1.3312,0.0,0.0,0.0,0.0
0.21,0.21,0.21,0.21,17.2,75.0,0.0,0.0,0.09961852,10,24,1,0,,,,0.491625,0.0,0.0,0.0,0.0
0.21,0.21,0.21,0.21,16.1,70.0,0.0,0.0,0.09701104,10,1,2,0,,,,0.49026668,0.0,0.0,0.0,0.0
0.21,0.21,0.21,0.21,15.6,75.0,0.0,0.0,0.097388044,10,2,2,0,,,,0.49193335,0.0,0.0,0.0,0.0
0.21,0.21,0.21,0.21,14.4,81.0,0.0,0.0,0.0975603,10,3,2,0,,,,0.48846668,0.0,0.0,0.0,0.0
0.21,0.21,0.5,0.21,14.4,75.0,0.0,0.0,0.10103455,10,4,2,0,,,,0.48763335,0.0,0.0,0.0,0.0
0.21,0.21,0.5,0.21,13.9,78.0,0.0,0.0,0.115508996,10,5,2,0,,,,0.48506665,0.0,0.0,0.0,0.0
0.21,0.21,0.5,0.21,14.4,72.0,2.0,3.0,0.13716538,10,6,2,0,,,,0.5118167,0.0,0.0,0.0,0.0
0.21,0.21,0.5,0.21,16.7,65.0,78.0,296.0,0.14337459,10,7,2,0,,,,0.95026666,0.0,0.0,0.0,10.820833
0.21,0.21,0.5,0.21,18.9,57.0,278.0,622.0,0.15262876,10,8,2,0,,,,0.7492667,0.0,0.0,0.0,41.975
0.21,0.21,0.21,0.21,21.1,47.0,487.0,764.0,0.15835953,10,9,2,0,,,,0.41071665,0.0,0.0,0.0,171.125
0.21,0.5,0.21,0.21,21.7,44.0,658.0,833.0,0.15759775,10,10,2,0,,,,0.41053334,0.0,0.0,0.0,329.825
0.21,0.5,0.21,0.21,21.1,51.0,773.0,868.0,0.15653242,10,11,2,0,,,,0.41718334,0.0,0.0,0.0,459.7875
0.21,0.5,0.21,0.21,22.2,51.0,820.0,879.0,0.15758952,10,12,2,0,,,,0.42451668,0.0,0.0,0.0,543.55
0.21,0.5,0.21,0.21,22.2,57.0,797.0,870.0,0.15858698,10,13,2,0,,,,0.41858333,0.0,0.0,0.0,582.32916
0.21,0.5,0.21,0.21,22.2,50.0,711.0,849.0,0.15737094,10,14,2,0,,,,0.414,0.0,0.0,0.0,565.2708
0.21,0.21,0.21,0.21,21.7,55.0,560.0,793.0,0.16039972,10,15,2,0,,,,0.37348333,0.0,0.0,0.0,503.34167
0.5,0.21,0.21,0.5,21.1,59.0,363.0,686.0,0.16385156,10,16,2,0,,,,0.37651667,0.0,0.0,0.0,390.42084
0.5,0.21,0.21,0.5,20.6,63.0,152.0,462.0,0.16833423,10,17,2,0,,,,0.7219833,0.0,0.0,0.0,194.29584
0.5,0.21,0.21,0.5,19.4,66.0,26.0,58.0,0.16299182,10,18,2,0,,,,0.65178335,0.0,0.0,0.0,6.2625
0.5,0.21,0.21,0.5,20.0,66.0,0.0,0.0,0.16398488,10,19,2,0,,,,0.8141,0.0,0.0,0.0,0.0
0.5,0.21,0.21,0.5,18.9,70.0,0.0,0.0,0.16341175,10,20,2,0,,,,0.96288335,0.0,0.0,0.0,0.0
0.21,0.21,0.21,0.21,18.9,65.0,0.0,0.0,0.14970964,10,21,2,0,,,,2.1146834,0.0,0.0,0.0,0.0
0.21,0.21,0.21,0.21,18.3,70.0,0.0,0.0,0.12939653,10,22,2,0,,,,1.4151,0.0,0.0,0.0,0.0
0.21,0.21,0.21,0.21,17.8,73.0,0.0,0.0,0.12662494,10,23,2,0,,,,1.4075167,0.0,0.0,0.0,0.0
0.21,0.21,0.21,0.21,19.4,73.0,0.0,0.0,0.12252556,10,24,2,0,,,,1.8620083,0.0,0.0,0.0,0.0
0.21,0.21,0.21,0.21,16.7,75.0,0.0,0.0,0.11849389,10,1,3,0,,,,0.49133334,0.0,0.0,0.0,0.0
0.21,0.21,0.21,0.21,16.1,78.0,0.0,0.0,0.11914409,10,2,3,0,,,,0.49243334,0.0,0.0,0.0,0.0
0.21,0.21,0.21,0.21,16.1,75.0,0.0,0.0,0.120099805,10,3,3,0,,,,0.4899,0.0,0.0,0.0,0.0
0.21,0.21,0.5,0.21,16.1,72.0,0.0,0.0,0.121645726,10,4,3,0,,,,0.48893332,0.0,0.0,0.0,0.0
0.21,0.21,0.5,0.21,13.9,81.0,0.0,0.0,0.1343454,10,5,3,0,,,,0.48675,0.0,0.0,0.0,0.0
0.21,0.21,0.5,0.21,15.6,67.0,3.0,5.0,0.1549392,10,6,3,0,,,,0.52045,0.0,0.0,0.0,0.0
0.21,0.21,0.5,0.21,16.1,67.0,79.0,337.0,0.1578222,10,7,3,0,,,,0.48726666,0.0,0.0,0.0,29.004168
0.21,0.21,0.5,0.21,18.3,68.0,280.0,655.0,0.15593842,10,8,3,0,,,,0.9170333,0.0,0.0,0.0,77.55417
0.21,0.21,0.21,0.21,20.6,73.0,484.0,782.0,0.16419846,10,9,3,0,,,,0.48628333,0.0,0.0,0.0,149.90416
0.21,0.5,0.21,0.21,23.3,62.0,652.0,849.0,0.16983263,10,10,3,0,,,,0.40606666,0.0,0.0,0.0,295.04584
0.21,0.5,0.21,0.21,25.0,54.0,765.0,881.0,0.17200464,10,11,3,0,,,,0.41671667,0.0,0.0,0.0,437.35834
0.21,0.5,0.21,0.21,26.1,42.0,818.0,898.0,0.1770448,10,12,3,0,,,,0.42656666,0.0,0.0,0.0,552.20416
0.21,0.5,0.21,0.21,26.7,35.0,800.0,898.0,0.18001579,10,13,3,0,,,,0.41963333,0.0,0.0,0.0,591.9083
0.21,0.5,0.21,0.21,25.6,45.0,707.0,868.0,0.17986701,10,14,3,0,,,,0.5053167,0.0,0.0,0.0,572.7792
0.21,0.21,0.21,0.21,25.0,43.0,561.0,821.0,0.18170244,10,15,3,0,,,,0.60616666,0.0,0.0,0.0,521.5417
0.5,0.21,0.21,0.5,22.8,62.0,362.0,714.0,0.18641946,10,16,3,0,,,,0.6178667,0.0,0.0,0.0,402.3
0.5,0.21,0.21,0.5,21.7,68.0,152.0,496.0,0.18866736,10,17,3,0,,,,0.60295,0.0,0.0,0.0,174.15416
0.5,0.21,0.21,0.5,21.1,66.0,24.0,68.0,0.18790877,10,18,3,0,,,,0.78495,0.0,0.0,0.0,5.116667
0.5,0.21,0.21,0.5,20.0,71.0,0.0,0.0,0.18732892,10,19,3,0,,,,0.69165,0.0,0.0,0.0,0.0
0.5,0.21,0.21,0.5,18.9,84.0,0.0,0.0,0.180905,10,20,3,0,,,,0.6914667,0.0,0.0,0.0,0.0
0.21,0.21,0.21,0.21,18.9,81.0,0.0,0.0,0.17103271,10,21,3,0,,,,1.13475,0.0,0.0,0.0,0.0
0.21,0.21,0.21,0.21,18.9,78.0,0.0,0.0,0.14305423,10,22,3,0,,,,1.3275666,0.0,0.0,0.0,0.0
0.21,0.21,0.21,0.21,19.4,73.0,0.0,0.0,0.1404892,10,23,3,0,,,,1.4094,0.0,0.0,0.0,0.0
0.21,0.21,0.21,0.21,18.3,87.0,0.0,0.0,0.13342054,10,24,3,0,,,,1.7973917,0.0,0.0,0.0,0.0
0.21,0.21,0.21,0.21,18.9,76.0,0.0,0.0,0.11940727,10,1,4,0,,,,0.94658333,0.0,0.0,0.0,0.0
0.21,0.21,0.21,0.21,18.3,78.0,0.0,0.0,0.114999466,10,2,4,0,,,,0.48971668,0.0,0.0,0.0,0.0
0.21,0.21,0.21,0.21,17.8,81.0,0.0,0.0,0.11585135,10,3,4,0,,,,0.49143332,0.0,0.0,0.0,0.0
0.21,0.21,0.5,0.21,17.2,81.0,0.0,0.0,0.12002695,10,4,4,0,,,,0.49108332,0.0,0.0,0.0,0.0
0.21,0.21,0.5,0.21,17.2,81.0,0.0,0.0,0.12837736,10,5,4,0,,,,0.49098334,0.0,0.0,0.0,0.0
0.21,0.21,0.5,0.21,17.2,84.0,0.0,0.0,0.15130593,10,6,4,0,,,,0.6361833,0.0,0.0,0.0,0.0
0.21,0.21,0.5,0.21,18.3,78.0,37.0,5.0,0.16010518,10,7,4,0,,,,1.02635,0.0,0.0,0.0,5.2375
0.21,0.21,0.5,0.21,19.4,76.0,88.0,7.0,0.16645883,10,8,4,0,,,,0.60936666,0.0,0.0,0.0,37.466667
0.21,0.21,0.21,0.21,20.0,73.0,212.0,6.0,0.17336576,10,9,4,0,,,,0.41123334,0.0,0.0,0.0,168.3375
0.21,0.5,0.21,0.21,20.6,71.0,312.0,9.0,0.18124655,10,10,4,0,,,,0.40988332,0.0,0.0,0.0,332.125
0.21,0.5,0.21,0.21,21.7,66.0,558.0,328.0,0.18685819,10,11,4,0,,,,0.41766667,0.0,0.0,0.0,468.65
0.21,0.5,0.21,0.21,22.2,64.0,654.0,532.0,0.19301945,10,12,4,0,,,,0.41113332,0.0,0.0,0.0,559.55835
0.21,0.5,0.21,0.21,21.7,68.0,632.0,496.0,0.19848445,10,13,4,0,,,,0.37061667,0.0,0.0,0.0,598.475
0.21,0.5,0.21,0.21,21.7,68.0,652.0,632.0,0.20304148,10,14,4,0,,,,0.36745,0.0,0.0,0.0,591.75836
0.21,0.21,0.21,0.21,21.1,71.0,523.0,680.0,0.2033017,10,15,4,0,,,,0.36856666,0.0,0.0,0.0,530.4
0.5,0.21,0.21,0.5,20.6,73.0,331.0,560.0,0.20350954,10,16,4,0,,,,0.36363333,0.0,0.0,0.0,415.2625
0.5,0.21,0.21,0.5,19.4,78.0,127.0,307.0,0.19851093,10,17,4,0,,,,1.4061,0.0,0.0,0.0,224.04167
0.5,0.21,0.21,0.5,18.9,84.0,12.0,3.0,0.19497351,10,18,4,0,,,,0.784,0.0,0.0,0.0,3.2916667
0.5,0.21,0.21,0.5,18.9,87.0,0.0,0.0,0.19549434,10,19,4,0,,,,1.8670167,0.0,0.0,0.0,0.0
0.5,0.21,0.21,0.5,18.3,90.0,0.0,0.0,0.19121744,10,20,4,0,,,,3.0578,0.0,0.0,0.0,0.0
0.21,0.21,0.21,0.21,18.3,90.0,0.0,0.0,0.1813953,10,21,4,0,,,,3.0886667,0.0,0.0,0.0,0.0
0.21,0.21,0.21,0.21,18.3,90.0,0.0,0.0,0.15316752,10,22,4,0,,,,1.1570166,0.0,0.0,0.0,0.0
0.21,0.21,0.21,0.21,18.3,87.0,0.0,0.0,0.14376545,10,23,4,0,,,,0.93521667,0.0,0.0,0.0,0.0
0.21,0.21,0.21,0.21,17.8,93.0,0.0,0.0,0.1294783,10,24,4,0,,,,2.0762167,0.0,0.0,0.0,0.0
0.21,0.21,0.21,0.21,18.3,84.0,0.0,0.0,0.11914272,10,1,5,0,,,,0.46698335,0.0,0.0,0.0,0.0
0.21,0.21,0.21,0.21,18.3,84.0,0.0,0.0,0.116125114,10,2,5,0,,,,0.46718332,0.0,0.0,0.0,0.0
0.21,0.21,0.21,0.21,17.8,87.0,0.0,0.0,0.114340276,10,3,5,0,,,,0.46913335,0.0,0.0,0.0,0.0
0.21,0.21,0.5,0.21,17.8,87.0,0.0,0.0,0.11029104,10,4,5,0,,,,0.46771666,0.0,0.0,0.0,0.0
0.21,0.21,0.5,0.21,17.2,90.0,0.0,0.0,0.1135723,10,5,5,0,,,,0.46875,0.0,0.0,0.0,0.0
0.21,0.21,0.5,0.21,16.7,93.0,0.0,0.0,0.119800724,10,6,5,0,,,,0.49733335,0.0,0.0,0.0,0.0
0.21,0.21,0.5,0.21,17.8,90.0,52.0,97.0,0.121333025,10,7,5,0,,,,0.5380167,0.0,0.0,0.0,8.45
0.21,0.21,0.5,0.21,20.0,78.0,228.0,397.0,0.12668985,10,8,5,0,,,,0.47423333,0.0,0.0,0.0,49.745834
0.21,0.21,0.21,0.21,21.1,73.0,418.0,547.0,0.14234932,10,9,5,0,,,,0.37938333,0.0,0.0,0.0,177.25417
0.21,0.5,0.21,0.21,21.1,73.0,607.0,672.0,0.1529798,10,10,5,0,,,,0.6699333,0.0,0.0,0.0,331.01666
0.21,0.5,0.21,0.21,21.7,73.0,719.0,715.0,0.156161,10,11,5,0,,,,0.52215,0.0,0.0,0.0,442.00418
0.21,0.5,0.21,0.21,21.7,76.0,766.0,730.0,0.15890104,10,12,5,0,,,,0.39651668,0.0,0.0,0.0,526.025
0.21,0.5,0.21,0.21,22.2,73.0,744.0,723.0,0.15896285,10,13,5,0,,,,0.39621666,0.0,0.0,0.0,545.20416
0.21,0.5,0.21,0.21,21.7,76.0,656.0,693.0,0.16064593,10,14,5,0,,,,0.3938,0.0,0.0,0.0,494.33334
0.21,0.21,0.21,0.21,21.7,76.0,506.0,622.0,0.16325052,10,15,5,0,,,,0.40208334,0.0,0.0,0.0,514.575
0.5,0.21,0.21,0.5,20.0,84.0,300.0,459.0,0.16892049,10,16,5,0,,,,0.43236667,0.0,0.0,0.0,390.99167
0.5,0.21,0.21,0.5,19.4,90.0,97.0,98.0,0.16647197,10,17,5,0,,,,1.6783,0.0,0.0,0.0,178.12917
0.5,0.21,0.21,0.5,17.8,97.0,12.0,0.0,0.16013286,10,18,5,0,,,,3.5267832,0.0,0.0,0.0,3.175
0.5,0.21,0.21,0.5,18.3,93.0,0.0,0.0,0.16062993,10,19,5,0,,,,1.9174167,0.0,0.0,0.0,0.0
0.5,0.21,0.21,0.5,18.3,93.0,0.0,0.0,0.15077676,10,20,5,0,,,,1.3804333,0.0,0.0,0.0,0.0
0.21,0.21,0.21,0.21,18.3,93.0,0.0,0.0,0.14344701,10,21,5,0,,,,1.3193667,0.0,0.0,0.0,0.0
0.21,0.21,0.21,0.21,18.3,90.0,0.0,0.0,0.12831411,10,22,5,0,,,,1.4185667,0.0,0.0,0.0,0.0
0.21,0.21,0.21,0.21,17.8,93.0,0.0,0.0,0.121776246,10,23,5,0,,,,1.6693333,0.0,0.0,0.0,0.0
0.21,0.21,0.21,0.21,17.2,87.0,0.0,0.0,0.119126715,10,24,5,0,,,,2.5219083,0.0,0.0,0.0,0.0
0.21,0.21,0.21,0.21,17.2,93.0,0.0,0.0,0.11363937,10,1,6,0,,,,0.48933333,0.0,0.0,0.0,0.0
0.21,0.21,0.21,0.21,16.1,97.0,0.0,0.0,0.110507235,10,2,6,0,,,,0.47498333,0.0,0.0,0.0,0.0
0.21,0.21,0.21,0.21,16.1,97.0,0.0,0.0,0.106299184,10,3,6,0,,,,0.46913335,0.0,0.0,0.0,0.0
0.21,0.21,0.5,0.21,15.6,100.0,0.0,0.0,0.105724454,10,4,6,0,,,,0.468,0.0,0.0,0.0,0.0
0.21,0.21,0.5,0.21,13.9,100.0,0.0,0.0,0.10667647,10,5,6,0,,,,0.46641666,0.0,0.0,0.0,0.0
0.21,0.21,0.5,0.21,15.6,100.0,1.0,0.0,0.118454024,10,6,6,0,,,,1.9086167,0.0,0.0,0.0,0.0
0.21,0.21,0.5,0.21,15.6,100.0,28.0,1.0,0.12119982,10,7,6,0,,,,1.4517666,0.0,0.0,0.0,11.129167
0.21,0.21,0.5,0.21,16.1,100.0,113.0,6.0,0.124782965,10,8,6,0,,,,0.47091666,0.0,0.0,0.0,41.733334
0.21,0.21,0.21,0.21,18.3,90.0,462.0,688.0,0.12977451,10,9,6,0,,,,2.6635334,0.0,0.0,0.0,162.00833
0.21,0.5,0.21,0.21,22.2,66.0,610.0,779.0,0.13911399,10,10,6,0,,,,0.81338334,0.0,0.0,0.0,317.1
0.21,0.5,0.21,0.21,25.0,58.0,715.0,810.0,0.15174007,10,11,6,0,,,,0.5732167,0.0,0.0,0.0,444.49582
0.21,0.5,0.21,0.21,21.7,71.0,777.0,866.0,0.15832816,10,12,6,0,,,,0.5150833,0.0,0.0,0.0,534.475
0.21,0.5,0.21,0.21,21.1,73.0,733.0,834.0,0.16638887,10,13,6,0,,,,0.88481665,0.0,0.0,0.0,576.0
0.21,0.5,0.21,0.21,20.0,78.0,645.0,789.0,0.16401806,10,14,6,0,,,,2.3420167,0.0,0.0,0.0,569.5833
0.21,0.21,0.21,0.21,19.4,81.0,391.0,438.0,0.16802824,10,15,6,0,,,,3.1425333,0.0,0.0,0.0,514.8417
0.5,0.21,0.21,0.5,18.3,87.0,258.0,259.0,0.18032652,10,16,6,0,,,,3.5776167,0.0,0.0,0.0,401.2625
0.5,0.21,0.21,0.5,17.2,93.0,50.0,1.0,0.18971884,10,17,6,0,,,,2.6797,0.0,0.0,0.0,210.35
0.5,0.21,0.21,0.5,16.7,93.0,9.0,1.0,0.19024879,10,18,6,0,,,,2.03645,0.0,0.0,0.0,1.1
0.5,0.21,0.21,0.5,16.7,97.0,0.0,0.0,0.1925749,10,19,6,0,,,,1.6417667,0.0,0.0,0.0,0.0
0.5,0.21,0.21,0.5,16.1,93.0,0.0,0.0,0.18658547,10,20,6,0,,,,2.5241168,0.0,0.0,0.0,0.0
0.21,0.21,0.21,0.21,16.7,90.0,0.0,0.0,0.1745415,10,21,6,0,,,,1.6755834,0.0,0.0,0.0,0.0
0.21,0.21,0.21,0.21,16.7,90.0,0.0,0.0,0.17098498,10,22,6,0,,,,2.3255,0.0,0.0,0.0,0.0
0.21,0.21,0.21,0.21,16.7,90.0,0.0,0.0,0.16429606,10,23,6,0,,,,3.4886832,0.0,0.0,0.0,0.0
0.21,0.21,0.21,0.21,17.8,87.0,0.0,0.0,0.15337913,10,24,6,0,,,,0.77865,0.0,0.0,0.0,0.0
0.21,0.21,0.21,0.21,16.7,90.0,0.0,0.0,0.1434292,10,1,7,0,,,,0.4656,0.0,0.0,0.0,0.0
0.21,0.21,0.21,0.21,17.2,87.0,0.0,0.0,0.13676712,10,2,7,0,,,,0.46831667,0.0,0.0,0.0,0.0
0.21,0.21,0.21,0.21,17.2,87.0,0.0,0.0,0.13258915,10,3,7,0,,,,0.46848333,0.0,0.0,0.0,0.0
0.21,0.21,0.5,0.21,17.2,87.0,0.0,0.0,0.13558426,10,4,7,0,,,,0.46925,0.0,0.0,0.0,0.0
0.21,0.21,0.5,0.21,17.2,87.0,0.0,0.0,0.14374919,10,5,7,0,,,,0.46585,0.0,0.0,0.0,0.0
0.21,0.21,0.5,0.21,17.2,87.0,0.0,0.0,0.1647422,10,6,7,0,,,,0.46865,0.0,0.0,0.0,0.0
0.21,0.21,0.5,0.21,17.2,87.0,51.0,0.0,0.16617179,10,7,7,0,,,,0.4553,0.0,0.0,0.0,8.0125
0.21,0.21,0.5,0.21,18.3,78.0,102.0,1.0,0.17179433,10,8,7,0,,,,0.47488335,0.0,0.0,0.0,39.654167
0.21,0.21,0.21,0.21,19.4,73.0,396.0,389.0,0.18175088,10,9,7,0,,,,0.5204667,0.0,0.0,0.0,155.98334
0.21,0.5,0.21,0.21,22.2,64.0,560.0,546.0,0.1935242,10,10,7,0,,,,0.53475,0.0,0.0,0.0,305.10416
0.21,0.5,0.21,0.21,21.1,68.0,682.0,611.0,0.20582493,10,11,7,0,,,,2.0594666,0.0,0.0,0.0,430.9875
0.21,0.5,0.21,0.21,20.6,71.0,725.0,623.0,0.20770107,10,12,7,0,,,,1.6493833,0.0,0.0,0.0,520.0958
0.21,0.5,0.21,0.21,20.6,71.0,660.0,536.0,0.20849782,10,13,7,0,,,,3.0497334,0.0,0.0,0.0,565.3542
0.21,0.5,0.21,0.21,20.0,73.0,603.0,558.0,0.21179643,10,14,7,0,,,,3.0590334,0.0,0.0,0.0,560.1542
0.21,0.21,0.21,0.21,20.0,76.0,426.0,395.0,0.21332473,10,15,7,0,,,,2.7321,0.0,0.0,0.0,504.4625
0.5,0.21,0.21,0.5,18.9,81.0,229.0,137.0,0.21484286,10,16,7,0,,,,3.6186666,0.0,0.0,0.0,277.68332
0.5,0.21,0.21,0.5,17.8,87.0,88.0,57.0,0.2161678,10,17,7,0,,,,2.8359,0.0,0.0,0.0,119.9375
0.5,0.21,0.21,0.5,17.8,87.0,8.0,0.0,0.21653764,10,18,7,0,,,,1.7832,0.0,0.0,0.0,0.0
0.5,0.21,0.21,0.5,18.3,84.0,0.0,0.0,0.21635738,10,19,7,0,,,,2.3902166,0.0,0.0,0.0,0.0
0.5,0.21,0.21,0.5,18.3,87.0,0.0,0.0,0.21205854,10,20,7,0,,,,1.7962834,0.0,0.0,0.0,0.0
0.21,0.21,0.21,0.21,18.3,87.0,0.0,0.0,0.20733342,10,21,7,0,,,,1.6800667,0.0,0.0,0.0,0.0
0.21,0.21,0.21,0.21,17.8,87.0,0.0,0.0,0.18966724,10,22,7,0,,,,1.3175833,0.0,0.0,0.0,0.0
0.21,0.21,0.21,0.21,17.8,87.0,0.0,0.0,0.16973126,10,23,7,0,,,,0.9245,0.0,0.0,0.0,0.0
0.21,0.21,0.21,0.21,17.2,87.0,0.0,0.0,0.16224234,10,24,7,0,,,,2.5305834,0.0,0.0,0.0,0.0
0.21,0.21,0.21,0.21,17.2,90.0,0.0,0.0,0.14590223,10,1,1,0,,,,1.1646333,0.0,0.0,0.0,0.0
0.21,0.21,0.21,0.21,17.2,87.0,0.0,0.0,0.13954489,10,2,1,0,,,,0.47738335,0.0,0.0,0.0,0.0
0.21,0.21,0.21,0.21,17.2,87.0,0.0,0.0,0.13674112,10,3,1,0,,,,0.47331667,0.0,0.0,0.0,0.0
0.21,0.21,0.5,0.21,17.2,87.0,0.0,0.0,0.13610578,10,4,1,0,,,,0.472,0.0,0.0,0.0,0.0
0.21,0.21,0.5,0.21,17.2,87.0,0.0,0.0,0.14825109,10,5,1,0,,,,0.47191668,0.0,0.0,0.0,0.0
0.21,0.21,0.5,0.21,17.2,87.0,1.0,0.0,0.16350088,10,6,1,0,,,,0.56,0.0,0.0,0.0,0.0
0.21,0.21,0.5,0.21,17.2,84.0,25.0,13.0,0.16718385,10,7,1,0,,,,0.9342667,0.0,0.0,0.0,4.7083335
0.21,0.21,0.5,0.21,17.8,81.0,111.0,6.0,0.17571971,10,8,1,0,,,,0.51995,0.0,0.0,0.0,34.225
0.21,0.21,0.21,0.21,18.3,81.0,181.0,6.0,0.18558328,10,9,1,0,,,,0.45403334,0.0,0.0,0.0,153.54167
0.21,0.5,0.21,0.21,19.4,73.0,248.0,1.0,0.19945285,10,10,1,0,,,,0.37821665,0.0,0.0,0.0,308.48334
0.21,0.5,0.21,0.21,22.8,64.0,421.0,172.0,0.20173366,10,11,1,0,,,,0.38613334,0.0,0.0,0.0,435.4875
0.21,0.5,0.21,0.21,21.7,68.0,747.0,747.0,0.20827861,10,12,1,0,,,,0.39333335,0.0,0.0,0.0,523.51666
0.21,0.5,0.21,0.21,21.7,68.0,622.0,544.0,0.2172219,10,13,1,0,,,,0.38705,0.0,0.0,0.0,545.5875
0.21,0.5,0.21,0.21,20.0,73.0,636.0,708.0,0.21998347,10,14,1,0,,,,0.3813,0.0,0.0,0.0,551.9125
0.21,0.21,0.21,0.21,19.4,76.0,491.0,573.0,0.22103655,10,15,1,0,,,,1.8391,0.0,0.0,0.0,501.44583
0.5,0.21,0.21,0.5,18.9,78.0,346.0,636.0,0.21797997,10,16,1,0,,,,1.71195,0.0,0.0,0.0,333.02917
0.5,0.21,0.21,0.5,17.8,84.0,114.0,159.0,0.2201103,10,17,1,0,,,,1.7525166,0.0,0.0,0.0,193.9125
0.5,0.21,0.21,0.5,17.8,84.0,15.0,21.0,0.22027262,10,18,1,0,,,,0.6810167,0.0,0.0,0.0,0.0
0.5,0.21,0.21,0.5,17.2,87.0,0.0,0.0,0.22297105,10,19,1,0,,,,0.66941667,0.0,0.0,0.0,0.0
0.5,0.21,0.21,0.5,17.2,87.0,0.0,0.0,0.21705525,10,20,1,0,,,,1.98,0.0,0.0,0.0,0.0
0.21,0.21,0.21,0.21,17.2,87.0,0.0,0.0,0.19682696,10,21,1,0,,,,1.2934667,0.0,0.0,0.0,0.0
0.21,0.21,0.21,0.21,17.2,90.0,0.0,0.0,0.17334092,10,22,1,0,,,,1.2612833,0.0,0.0,0.0,0.0
0.21,0.21,0.21,0.21,17.8,84.0,0.0,0.0,0.15863363,10,23,1,0,,,,2.1379166,0.0,0.0,0.0,0.0
0.21,0.21,0.21,0.21,16.7,87.0,0.0,0.0,0.14494048,10,24,1,0,,,,2.284425,0.0,0.0,0.0,0.0
0.21,0.21,0.21,0.21,17.2,90.0,0.0,0.0,0.13856545,10,1,2,0,,,,0.45291665,0.0,0.0,0.0,0.0
0.21,0.21,0.21,0.21,17.2,90.0,0.0,0.0,0.1375556,10,2,2,0,,,,0.48553333,0.0,0.0,0.0,0.0
0.21,0.21,0.21,0.21,17.2,90.0,0.0,0.0,0.13645807,10,3,2,0,,,,0.49585,0.0,0.0,0.0,0.0
0.21,0.21,0.5,0.21,17.2,90.0,0.0,0.0,0.13726924,10,4,2,0,,,,0.4955,0.0,0.0,0.0,0.0
0.21,0.21,0.5,0.21,17.2,87.0,0.0,0.0,0.1427933,10,5,2,0,,,,0.48410833,0.0,0.0,0.0,0.0
0.21,0.21,0.5,0.21,17.2,87.0,0.0,0.0,0.1527689,10,6,2,0,,,,0.719325,0.0,0.0,0.0,0.0
0.21,0.21,0.5,0.21,17.2,87.0,27.0,2.0,0.15639612,10,7,2,0,,,,1.1719333,0.0,0.0,0.0,4.4041667
0.21,0.21,0.5,0.21,17.8,81.0,108.0,10.0,0.16924609,10,8,2,0,,,,0.49336666,0.0,0.0,0.0,33.595833
0.21,0.21,0.21,0.21,19.4,76.0,406.0,517.0,0.1736451,10,9,2,0,,,,0.4133,0.0,0.0,0.0,151.37917
0.21,0.5,0.21,0.21,20.0,76.0,542.0,556.0,0.1781396,10,10,2,0,,,,0.41156667,0.0,0.0,0.0,304.77917
0.21,0.5,0.21,0.21,20.6,73.0,708.0,782.0,0.18086717,10,11,2,0,,,,0.41675,0.0,0.0,0.0,433.025
0.21,0.5,0.21,0.21,20.6,71.0,763.0,816.0,0.18324487,10,12,2,0,,,,0.42236668,0.0,0.0,0.0,523.1042
0.21,0.5,0.21,0.21,20.6,71.0,704.0,727.0,0.18932651,10,13,2,0,,,,0.3723,0.0,0.0,0.0,568.1542
0.21,0.5,0.21,0.21,20.0,76.0,625.0,717.0,0.19122414,10,14,2,0,,,,0.36473334,0.0,0.0,0.0,566.7917
0.21,0.21,0.21,0.21,20.0,76.0,447.0,505.0,0.19154757,10,15,2,0,,,,0.36321667,0.0,0.0,0.0,501.48334
0.5,0.21,0.21,0.5,18.9,81.0,284.0,403.0,0.19242741,10,16,2,0,,,,0.36135,0.0,0.0,0.0,373.6625
0.5,0.21,0.21,0.5,17.8,87.0,84.0,30.0,0.19331603,10,17,2,0,,,,1.2464666,0.0,0.0,0.0,169.0875
0.5,0.21,0.21,0.5,17.8,87.0,2.0,1.0,0.18945311,10,18,2,0,,,,0.58035,0.0,0.0,0.0,0.0
0.5,0.21,0.21,0.5,17.8,87.0,0.0,0.0,0.18992542,10,19,2,0,,,,0.72788334,0.0,0.0,0.0,0.0
0.5,0.21,0.21,0.5,17.8,84.0,0.0,0.0,0.18310042,10,20,2,0,,,,0.63165,0.0,0.0,0.0,0.0
0.21,0.21,0.21,0.21,16.7,90.0,0.0,0.0,0.1638409,10,21,2,0,,,,0.68385,0.0,0.0,0.0,0.0
0.21,0.21,0.21,0.21,16.7,90.0,0.0,0.0,0.14270616,10,22,2,0,,,,1.1720166,0.0,0.0,0.0,0.0
0.21,0.21,0.21,0.21,16.7,90.0,0.0,0.0,0.12294433,10,23,2,0,,,,3.2831333,0.0,0.0,0.0,0.0
0.21,0.21,0.21,0.21,16.1,90.0,0.0,0.0,0.105526276,10,24,2,0,,,,0.95665,0.0,0.0,0.0,0.0
0.21,0.21,0.21,0.21,16.1,87.0,0.0,0.0,0.10020157,10,1,3,0,,,,0.5474,0.0,0.0,0.0,0.0
0.21,0.21,0.21,0.21,16.1,90.0,0.0,0.0,0.10194418,10,2,3,0,,,,0.49711666,0.0,0.0,0.0,0.0
0.21,0.21,0.21,0.21,16.7,84.0,0.0,0.0,0.099927895,10,3,3,0,,,,0.49626666,0.0,0.0,0.0,0.0
0.21,0.21,0.5,0.21,16.7,84.0,0.0,0.0,0.09933832,10,4,3,0,,,,0.49675,0.0,0.0,0.0,0.0
0.21,0.21,0.5,0.21,16.7,84.0,0.0,0.0,0.10887078,10,5,3,0,,,,0.49468333,0.0,0.0,0.0,0.0
0.21,0.21,0.5,0.21,16.7,84.0,1.0,0.0,0.12315138,10,6,3,0,,,,0.54401666,0.0,0.0,0.0,0.0
0.21,0.21,0.5,0.21,17.2,81.0,40.0,1.0,0.13834901,10,7,3,0,,,,0.56895,0.0,0.0,0.0,22.7125
0.21,0.21,0.5,0.21,17.8,78.0,112.0,6.0,0.1434084,10,8,3,0,,,,0.5975,0.0,0.0,0.0,77.754166
0.21,0.21,0.21,0.21,17.8,78.0,203.0,0.0,0.14723143,10,9,3,0,,,,0.4097,0.0,0.0,0.0,146.17084
0.21,0.5,0.21,0.21,20.0,68.0,522.0,409.0,0.1508447,10,10,3,0,,,,0.47611666,0.0,0.0,0.0,219.41667
0.21,0.5,0.21,0.21,19.4,70.0,639.0,531.0,0.14638744,10,11,3,0,,,,0.7996167,0.0,0.0,0.0,221.275
0.21,0.5,0.21,0.21,19.4,73.0,704.0,626.0,0.13983925,10,12,3,0,,,,0.42811668,0.0,0.0,0.0,486.32083
0.21,0.5,0.21,0.21,19.4,70.0,685.0,615.0,0.14270164,10,13,3,0,,,,0.41971666,0.0,0.0,0.0,561.0833
0.21,0.5,0.21,0.21,19.4,73.0,595.0,574.0,0.14344528,10,14,3,0,,,,0.41218334,0.0,0.0,0.0,555.19586
0.21,0.21,0.21,0.21,18.3,78.0,427.0,390.0,0.14365096,10,15,3,0,,,,0.44623333,0.0,0.0,0.0,488.59583
0.5,0.21,0.21,0.5,18.3,78.0,229.0,109.0,0.15098736,10,16,3,0,,,,2.0658166,0.0,0.0,0.0,363.73334
0.5,0.21,0.21,0.5,17.8,84.0,73.0,62.0,0.15234648,10,17,3,0,,,,0.53041667,0.0,0.0,0.0,148.13333
0.5,0.21,0.21,0.5,17.2,87.0,16.0,10.0,0.15160528,10,18,3,0,,,,1.5701833,0.0,0.0,0.0,0.0
0.5,0.21,0.21,0.5,17.2,87.0,0.0,0.0,0.15190272,10,19,3,0,,,,0.87425,0.0,0.0,0.0,0.0
0.5,0.21,0.21,0.5,17.2,87.0,0.0,0.0,0.15047275,10,20,3,0,,,,1.3260833,0.0,0.0,0.0,0.0
0.21,0.21,0.21,0.21,17.2,87.0,0.0,0.0,0.1346681,10,21,3,0,,,,1.3668667,0.0,0.0,0.0,0.0
0.21,0.21,0.21,0.21,16.7,87.0,0.0,0.0,0.11379581,10,22,3,0,,,,1.0325834,0.0,0.0,0.0,0.0
0.21,0.21,0.21,0.21,16.7,87.0,0.0,0.0,0.10536204,10,23,3,0,,,,0.79871666,0.0,0.0,0.0,0.0
0.21,0.21,0.21,0.21,17.2,84.0,0.0,0.0,0.095140815,10,24,3,0,,,,0.5114083,0.0,0.0,0.0,0.0
0.21,0.21,0.21,0.21,16.1,90.0,0.0,0.0,0.09393575,10,1,4,0,,,,0.49648333,0.0,0.0,0.0,0.0
0.21,0.21,0.21,0.21,16.1,90.0,0.0,0.0,0.09518554,10,2,4,0,,,,0.49838334,0.0,0.0,0.0,0.0
0.21,0.21,0.21,0.21,16.1,90.0,0.0,0.0,0.09305757,10,3,4,0,,,,0.49245,0.0,0.0,0.0,0.0
0.21,0.21,0.5,0.21,16.1,90.0,0.0,0.0,0.09569938,10,4,4,0,,,,0.48771667,0.0,0.0,0.0,0.0
0.21,0.21,0.5,0.21,15.6,93.0,0.0,0.0,0.107501134,10,5,4,0,,,,0.48745,0.0,0.0,0.0,0.0
0.21,0.21,0.5,0.21,16.1,90.0,0.0,0.0,0.12877677,10,6,4,0,,,,0.801,0.0,0.0,0.0,0.0
0.21,0.21,0.5,0.21,16.7,87.0,19.0,0.0,0.13735917,10,7,4,0,,,,0.89555,0.0,0.0,0.0,9.225
0.21,0.21,0.5,0.21,17.2,87.0,88.0,49.0,0.14173396,10,8,4,0,,,,0.92901665,0.0,0.0,0.0,36.714584
0.21,0.21,0.21,0.21,17.8,84.0,183.0,9.0,0.14439777,10,9,4,0,,,,0.53103334,0.0,0.0,0.0,148.17291
0.21,0.5,0.21,0.21,20.0,73.0,466.0,196.0,0.1439486,10,10,4,0,,,,0.40635,0.0,0.0,0.0,296.25
0.21,0.5,0.21,0.21,19.4,76.0,471.0,228.0,0.14752112,10,11,4,0,,,,0.41308334,0.0,0.0,0.0,422.95
0.21,0.5,0.21,0.21,18.9,78.0,402.0,111.0,0.14300737,10,12,4,0,,,,0.41743332,0.0,0.0,0.0,522.29584
0.21,0.5,0.21,0.21,20.6,71.0,378.0,129.0,0.13942517,10,13,4,0,,,,0.39946666,0.0,0.0,0.0,530.2083
0.21,0.5,0.21,0.21,20.6,73.0,586.0,477.0,0.13992327,10,14,4,0,,,,0.36858332,0.0,0.0,0.0,508.05832
0.21,0.21,0.21,0.21,19.4,78.0,359.0,246.0,0.13892509,10,15,4,0,,,,0.36488333,0.0,0.0,0.0,362.59583
0.5,0.21,0.21,0.5,18.9,78.0,208.0,175.0,0.13999301,10,16,4,0,,,,0.36485,0.0,0.0,0.0,301.8375
0.5,0.21,0.21,0.5,17.2,87.0,86.0,27.0,0.14267376,10,17,4,0,,,,0.35803333,0.0,0.0,0.0,179.43333
0.5,0.21,0.21,0.5,16.7,87.0,7.0,0.0,0.14598575,10,18,4,0,,,,0.5390667,0.0,0.0,0.0,0.0
0.5,0.21,0.21,0.5,16.7,87.0,0.0,0.0,0.15043277,10,19,4,0,,,,2.5473166,0.0,0.0,0.0,0.0
0.5,0.21,0.21,0.5,16.7,87.0,0.0,0.0,0.13852264,10,20,4,0,,,,2.5064332,0.0,0.0,0.0,0.0
0.21,0.21,0.21,0.21,17.2,87.0,0.0,0.0,0.12851098,10,21,4,0,,,,1.31235,0.0,0.0,0.0,0.0
0.21,0.21,0.21,0.21,17.2,87.0,0.0,0.0,0.108001426,10,22,4,0,,,,1.6739334,0.0,0.0,0.0,0.0
0.21,0.21,0.21,0.21,17.2,84.0,0.0,0.0,0.10174966,10,23,4,0,,,,0.85525,0.0,0.0,0.0,0.0
0.21,0.21,0.21,0.21,16.7,87.0,0.0,0.0,0.095486395,10,24,4,0,,,,0.81296664,0.0,0.0,0.0,0.0
0.21,0.21,0.21,0.21,17.2,81.0,0.0,0.0,0.100384414,10,1,5,0,,,,0.4938,0.0,0.0,0.0,0.0
0.21,0.21,0.21,0.21,17.2,81.0,0.0,0.0,0.0970657,10,2,5,0,,,,0.49313334,0.0,0.0,0.0,0.0
0.21,0.21,0.21,0.21,17.2,78.0,0.0,0.0,0.098891966,10,3,5,0,,,,0.49271667,0.0,0.0,0.0,0.0
0.21,0.21,0.5,0.21,17.2,75.0,0.0,0.0,0.102010995,10,4,5,0,,,,0.49166667,0.0,0.0,0.0,0.0
0.21,0.21,0.5,0.21,17.2,78.0,0.0,0.0,0.10709437,10,5,5,0,,,,0.48896667,0.0,0.0,0.0,0.0
0.21,0.21,0.5,0.21,17.8,75.0,0.0,0.0,0.11320343,10,6,5,0,,,,0.9318333,0.0,0.0,0.0,0.0
0.21,0.21,0.5,0.21,17.8,73.0,41.0,1.0,0.12121626,10,7,5,0,,,,0.5742,0.0,0.0,0.0,10.9
0.21,0.21,0.5,0.21,18.3,68.0,130.0,9.0,0.13211711,10,8,5,0,,,,0.40891665,0.0,0.0,0.0,44.9875
0.21,0.21,0.21,0.21,18.9,68.0,235.0,14.0,0.12557583,10,9,5,0,,,,0.40783334,0.0,0.0,0.0,146.44583
0.21,0.5,0.21,0.21,19.4,63.0,225.0,8.0,0.13655718,10,10,5,0,,,,0.40915,0.0,0.0,0.0,288.98334
0.21,0.5,0.21,0.21,20.6,59.0,281.0,8.0,0.1404621,10,11,5,0,,,,0.41495,0.0,0.0,0.0,414.13333
0.21,0.5,0.21,0.21,19.4,68.0,329.0,3.0,0.1415185,10,12,5,0,,,,0.42378333,0.0,0.0,0.0,499.9125
0.21,0.5,0.21,0.21,19.4,70.0,381.0,2.0,0.140675,10,13,5,0,,,,0.42173332,0.0,0.0,0.0,536.50415
0.21,0.5,0.21,0.21,18.9,73.0,293.0,3.0,0.14244698,10,14,5,0,,,,0.67221665,0.0,0.0,0.0,529.2167
0.21,0.21,0.21,0.21,20.0,68.0,477.0,601.0,0.1420909,10,15,5,0,,,,1.50785,0.0,0.0,0.0,460.2375
0.5,0.21,0.21,0.5,18.9,73.0,262.0,398.0,0.14912394,10,16,5,0,,,,1.6809,0.0,0.0,0.0,327.49167
0.5,0.21,0.21,0.5,18.3,78.0,79.0,39.0,0.15711822,10,17,5,0,,,,0.82636666,0.0,0.0,0.0,138.17084
0.5,0.21,0.21,0.5,17.2,84.0,7.0,0.0,0.16173375,10,18,5,0,,,,0.4428,0.0,0.0,0.0,0.0
0.5,0.21,0.21,0.5,17.2,84.0,0.0,0.0,0.16966087,10,19,5,0,,,,0.42948332,0.0,0.0,0.0,0.0
0.5,0.21,0.21,0.5,17.2,84.0,0.0,0.0,0.16283672,10,20,5,0,,,,0.42805,0.0,0.0,0.0,0.0
0.21,0.21,0.21,0.21,17.2,81.0,0.0,0.0,0.15627445,10,21,5,0,,,,3.5845,0.0,0.0,0.0,0.0
0.21,0.21,0.21,0.21,16.7,81.0,0.0,0.0,0.13697119,10,22,5,0,,,,2.4901834,0.0,0.0,0.0,0.0
0.21,0.21,0.21,0.21,16.7,84.0,0.0,0.0,0.12217865,10,23,5,0,,,,1.0754666,0.0,0.0,0.0,0.0
0.21,0.21,0.21,0.21,15.6,84.0,0.0,0.0,0.119945146,10,24,5,0,,,,0.49921668,0.0,0.0,0.0,0.0
0.21,0.21,0.21,0.21,17.2,81.0,0.0,0.0,0.11450638,10,1,6,0,,,,0.49961665,0.0,0.0,0.0,0.0
0.21,0.21,0.21,0.21,17.2,81.0,0.0,0.0,0.11321709,10,2,6,0,,,,0.49861667,0.0,0.0,0.0,0.0
0.21,0.21,0.21,0.21,17.2,78.0,0.0,0.0,0.11042784,10,3,6,0,,,,0.49746665,0.0,0.0,0.0,0.0
0.21,0.21,0.5,0.21,17.2,78.0,0.0,0.0,0.11298166,10,4,6,0,,,,0.49521667,0.0,0.0,0.0,0.0
0.21,0.21,0.5,0.21,16.7,81.0,0.0,0.0,0.1157293,10,5,6,0,,,,0.49181667,0.0,0.0,0.0,0.0
0.21,0.21,0.5,0.21,16.7,81.0,0.0,0.0,0.1169092,10,6,6,0,,,,0.5254667,0.0,0.0,0.0,0.0
0.21,0.21,0.5,0.21,16.7,81.0,10.0,0.0,0.11481175,10,7,6,0,,,,0.64176667,0.0,0.0,0.0,9.554167
0.21,0.21,0.5,0.21,17.2,78.0,93.0,7.0,0.119642116,10,8,6,0,,,,0.76096666,0.0,0.0,0.0,42.395832
0.21,0.21,0.21,0.21,18.3,73.0,250.0,5.0,0.12742145,10,9,6,0,,,,0.81986666,0.0,0.0,0.0,146.59166
0.21,0.5,0.21,0.21,18.9,68.0,237.0,1.0,0.13073567,10,10,6,0,,,,0.6800333,0.0,0.0,0.0,286.10834
0.21,0.5,0.21,0.21,20.0,66.0,361.0,81.0,0.13272442,10,11,6,0,,,,0.9726167,0.0,0.0,0.0,409.275
0.21,0.5,0.21,0.21,20.0,68.0,727.0,768.0,0.13086802,10,12,6,0,,,,0.67861664,0.0,0.0,0.0,496.64584
0.21,0.5,0.21,0.21,20.0,68.0,707.0,803.0,0.12940261,10,13,6,0,,,,1.0739,0.0,0.0,0.0,532.62915
0.21,0.5,0.21,0.21,20.0,68.0,658.0,886.0,0.13391499,10,14,6,0,,,,1.327,0.0,0.0,0.0,525.75
0.21,0.21,0.21,0.21,19.4,70.0,489.0,766.0,0.14029555,10,15,6,0,,,,2.0142834,0.0,0.0,0.0,460.28333
0.5,0.21,0.21,0.5,18.9,73.0,301.0,624.0,0.1442182,10,16,6,0,,,,2.4617834,0.0,0.0,0.0,320.3375
0.5,0.21,0.21,0.5,17.8,78.0,112.0,417.0,0.15243044,10,17,6,0,,,,2.0823,0.0,0.0,0.0,123.82083
0.5,0.21,0.21,0.5,16.7,84.0,14.0,40.0,0.15761696,10,18,6,0,,,,1.8084834,0.0,0.0,0.0,0.0
0.5,0.21,0.21,0.5,16.7,81.0,0.0,0.0,0.15902755,10,19,6,0,,,,2.8094833,0.0,0.0,0.0,0.0
0.5,0.21,0.21,0.5,16.7,81.0,0.0,0.0,0.15626334,10,20,6,0,,,,1.1110333,0.0,0.0,0.0,0.0
0.21,0.21,0.21,0.21,16.7,81.0,0.0,0.0,0.14635308,10,21,6,0,,,,2.5377667,0.0,0.0,0.0,0.0
0.21,0.21,0.21,0.21,16.7,81.0,0.0,0.0,0.13534656,10,22,6,0,,,,1.2837833,0.0,0.0,0.0,0.0
0.21,0.21,0.21,0.21,15.6,84.0,0.0,0.0,0.12392009,10,23,6,0,,,,1.0739,0.0,0.0,0.0,0.0
0.21,0.21,0.21,0.21,16.7,93.0,0.0,0.0,0.12555745,10,24,6,0,,,,1.1072834,0.0,0.0,0.0,0.0
0.21,0.21,0.21,0.21,15.6,84.0,0.0,0.0,0.12139634,10,1,7,0,,,,0.89416665,0.0,0.0,0.0,0.0
0.21,0.21,0.21,0.21,15.0,87.0,0.0,0.0,0.11438006,10,2,7,0,,,,0.6052333,0.0,0.0,0.0,0.0
0.21,0.21,0.21,0.21,14.4,87.0,0.0,0.0,0.1120802,10,3,7,0,,,,0.60316664,0.0,0.0,0.0,0.0
0.21,0.21,0.5,0.21,13.9,90.0,0.0,0.0,0.1175467,10,4,7,0,,,,0.61378336,0.0,0.0,0.0,0.0
0.21,0.21,0.5,0.21,13.3,93.0,0.0,0.0,0.12402037,10,5,7,0,,,,0.7266833,0.0,0.0,0.0,0.0
0.21,0.21,0.5,0.21,14.4,87.0,0.0,0.0,0.13039397,10,6,7,0,,,,0.713,0.0,0.0,0.0,0.0
0.21,0.21,0.5,0.21,15.0,81.0,59.0,294.0,0.14008053,10,7,7,0,,,,0.7183,0.0,0.0,0.0,0.0
0.21,0.21,0.5,0.21,17.8,73.0,236.0,635.0,0.14331137,10,8,7,0,,,,1.1337167,0.0,0.0,0.0,0.0
0.21,0.21,0.21,0.21,18.9,70.0,447.0,808.0,0.1502291,10,9,7,0,,,,1.2585,0.0,0.0,0.0,20.279167
0.21,0.5,0.21,0.21,20.0,68.0,610.0,874.0,0.15566237,10,10,7,0,,,,0.8915333,0.0,0.0,0.0,218.73334
0.21,0.5,0.21,0.21,20.6,66.0,724.0,913.0,0.15484144,10,11,7,0,,,,0.8136333,0.0,0.0,0.0,143.6375
0.21,0.5,0.21,0.21,20.6,66.0,718.0,843.0,0.15432023,10,12,7,0,,,,0.81708336,0.0,0.0,0.0,232.20833
0.21,0.5,0.21,0.21,20.6,68.0,680.0,813.0,0.15595467,10,13,7,0,,,,0.8107833,0.0,0.0,0.0,123.07083
0.21,0.5,0.21,0.21,20.6,68.0,653.0,885.0,0.15489745,10,14,7,0,,,,0.80011666,0.0,0.0,0.0,114.1
0.21,0.21,0.21,0.21,20.0,73.0,499.0,823.0,0.15302622,10,15,7,0,,,,0.94175,0.0,0.0,0.0,162.6375
0.5,0.21,0.21,0.5,19.4,76.0,314.0,738.0,0.15574673,10,16,7,0,,,,0.9255,0.0,0.0,0.0,77.22083
0.5,0.21,0.21,0.5,17.8,84.0,111.0,485.0,0.16108358,10,17,7,0,,,,2.3252,0.0,0.0,0.0,14.179167
0.5,0.21,0.21,0.5,17.2,90.0,12.0,41.0,0.16946945,10,18,7,0,,,,1.2140334,0.0,0.0,0.0,0.0
0.5,0.21,0.21,0.5,17.2,90.0,0.0,0.0,0.17541912,10,19,7,0,,,,1.3800167,0.0,0.0,0.0,0.0
0.5,0.21,0.21,0.5,17.2,93.0,0.0,0.0,0.17213519,10,20,7,0,,,,3.4510667,0.0,0.0,0.0,0.0
0.21,0.21,0.21,0.21,17.2,93.0,0.0,0.0,0.16392833,10,21,7,0,,,,1.3854834,0.0,0.0,0.0,0.0
0.21,0.21,0.21,0.21,16.7,93.0,0.0,0.0,0.14896575,10,22,7,0,,,,1.30965,0.0,0.0,0.0,0.0
0.21,0.21,0.21,0.21,16.7,93.0,0.0,0.0,0.135513,10,23,7,0,,,,1.0877334,0.0,0.0,0.0,0.0
0.21,0.21,0.21,0.21,16.7,93.0,0.0,0.0,0.12701,10,24,7,0,,,,0.49400833,0.0,0.0,0.0,0.0
0.21,0.21,0.21,0.21,16.1,93.0,0.0,0.0,0.12719025,10,1,1,0,,,,0.49486667,0.0,0.0,0.0,0.0
0.21,0.21,0.21,0.21,15.6,97.0,0.0,0.0,0.12589596,10,2,1,0,,,,0.49303332,0.0,0.0,0.0,0.0
0.21,0.21,0.21,0.21,15.6,93.0,0.0,0.0,0.1276373,10,3,1,0,,,,0.49035,0.0,0.0,0.0,0.0
0.21,0.21,0.5,0.21,15.0,97.0,0.0,0.0,0.13124025,10,4,1,0,,,,0.4915,0.0,0.0,0.0,0.0
0.21,0.21,0.5,0.21,14.4,97.0,0.0,0.0,0.141517,10,5,1,0,,,,0.48718333,0.0,0.0,0.0,0.0
0.21,0.21,0.5,0.21,15.0,97.0,0.0,0.0,0.15367907,10,6,1,0,,,,0.58891666,0.0,0.0,0.0,0.0
0.21,0.21,0.5,0.21,15.6,93.0,47.0,173.0,0.161171,10,7,1,0,,,,0.9823833,0.0,0.0,0.0,0.0
0.21,0.21,0.5,0.21,17.8,84.0,217.0,513.0,0.15799907,10,8,1,0,,,,0.64308333,0.0,0.0,0.0,7.975
0.21,0.21,0.21,0.21,20.0,78.0,407.0,583.0,0.1571707,10,9,1,0,,,,0.39375,0.0,0.0,0.0,61.6375
0.21,0.5,0.21,0.21,21.1,71.0,565.0,754.0,0.15667608,10,10,1,0,,,,0.39773333,0.0,0.0,0.0,101.09167
0.21,0.5,0.21,0.21,20.0,76.0,682.0,767.0,0.14753959,10,11,1,0,,,,0.3978,0.0,0.0,0.0,46.583332
0.21,0.5,0.21,0.21,19.4,81.0,603.0,581.0,0.13901593,10,12,1,0,,,,0.40455,0.0,0.0,0.0,164.12917
0.21,0.5,0.21,0.21,21.1,73.0,680.0,798.0,0.136339,10,13,1,0,,,,0.40081668,0.0,0.0,0.0,137.35
0.21,0.5,0.21,0.21,21.1,73.0,627.0,803.0,0.13872838,10,14,1,0,,,,0.40145,0.0,0.0,0.0,94.19583
0.21,0.21,0.21,0.21,19.4,81.0,482.0,748.0,0.1413465,10,15,1,0,,,,0.40121666,0.0,0.0,0.0,53.608334
0.5,0.21,0.21,0.5,17.2,93.0,135.0,2.0,0.15154383,10,16,1,0,,,,0.5150833,0.0,0.0,0.0,2.4625
0.5,0.21,0.21,0.5,16.7,97.0,35.0,5.0,0.15517841,10,17,1,0,,,,0.6772,0.0,0.0,0.0,0.0
0.5,0.21,0.21,0.5,16.7,97.0,3.0,0.0,0.16105142,10,18,1,0,,,,0.74791664,0.0,0.0,0.0,0.0
0.5,0.21,0.21,0.5,16.7,100.0,0.0,0.0,0.1645906,10,19,1,0,,,,1.1013,0.0,0.0,0.0,0.0
0.5,0.21,0.21,0.5,16.7,97.0,0.0,0.0,0.1604069,10,20,1,0,,,,1.4457,0.0,0.0,0.0,0.0
0.21,0.21,0.21,0.21,16.1,97.0,0.0,0.0,0.150049,10,21,1,0,,,,1.6350167,0.0,0.0,0.0,0.0
0.21,0.21,0.21,0.21,16.1,97.0,0.0,0.0,0.13702177,10,22,1,0,,,,0.99446666,0.0,0.0,0.0,0.0
0.21,0.21,0.21,0.21,16.7,93.0,0.0,0.0,0.117889516,10,23,1,0,,,,0.66323334,0.0,0.0,0.0,0.0
0.21,0.21,0.21,0.21,18.3,81.0,0.0,0.0,0.10991035,10,24,1,0,,,,0.48815,0.0,0.0,0.0,0.0
0.21,0.21,0.21,0.21,15.6,97.0,0.0,0.0,0.10667379,10,1,2,0,,,,0.4907,0.0,0.0,0.0,0.0
0.21,0.21,0.21,0.21,16.1,97.0,0.0,0.0,0.106188715,10,2,2,0,,,,0.49058333,0.0,0.0,0.0,0.0
0.21,0.21,0.21,0.21,15.6,100.0,0.0,0.0,0.10914164,10,3,2,0,,,,0.49105,0.0,0.0,0.0,0.0
0.21,0.21,0.5,0.21,15.6,100.0,0.0,0.0,0.11827925,10,4,2,0,,,,0.48905,0.0,0.0,0.0,0.0
0.21,0.21,0.5,0.21,15.0,100.0,0.0,0.0,0.13222922,10,5,2,0,,,,0.48445,0.0,0.0,0.0,0.0
0.21,0.21,0.5,0.21,14.4,100.0,0.0,0.0,0.15462534,10,6,2,0,,,,0.62168336,0.0,0.0,0.0,0.0
0.21,0.21,0.5,0.21,14.4,100.0,37.0,32.0,0.16598488,10,7,2,0,,,,0.97938335,0.0,0.0,0.0,11.258333
0.21,0.21,0.5,0.21,16.1,90.0,229.0,541.0,0.16648142,10,8,2,0,,,,0.74258333,0.0,0.0,0.0,86.020836
0.21,0.21,0.21,0.21,23.9,52.0,439.0,789.0,0.1690676,10,9,2,0,,,,0.40745,0.0,0.0,0.0,165.05
0.21,0.5,0.21,0.21,21.1,68.0,571.0,791.0,0.16697726,10,10,2,0,,,,0.41041666,0.0,0.0,0.0,327.50418
0.21,0.5,0.21,0.21,20.6,71.0,659.0,750.0,0.16346897,10,11,2,0,,,,0.41606668,0.0,0.0,0.0,445.85834
0.21,0.5,0.21,0.21,19.4,76.0,726.0,879.0,0.16077387,10,12,2,0,,,,0.42558333,0.0,0.0,0.0,529.4708
0.21,0.5,0.21,0.21,18.9,78.0,757.0,820.0,0.16370714,10,13,2,0,,,,0.41978332,0.0,0.0,0.0,570.975
0.21,0.5,0.21,0.21,19.4,76.0,606.0,827.0,0.16370803,10,14,2,0,,,,0.40571666,0.0,0.0,0.0,563.5125
0.21,0.21,0.21,0.21,18.3,84.0,468.0,766.0,0.16778609,10,15,2,0,,,,0.36543334,0.0,0.0,0.0,495.8375
0.5,0.21,0.21,0.5,17.2,93.0,123.0,5.0,0.17186652,10,16,2,0,,,,0.3626,0.0,0.0,0.0,365.7
0.5,0.21,0.21,0.5,17.8,90.0,94.0,379.0,0.17360602,10,17,2,0,,,,0.45206666,0.0,0.0,0.0,143.7125
0.5,0.21,0.21,0.5,17.8,93.0,10.0,21.0,0.17896087,10,18,2,0,,,,0.5006833,0.0,0.0,0.0,0.0
0.5,0.21,0.21,0.5,17.8,93.0,0.0,0.0,0.1815025,10,19,2,0,,,,0.8537167,0.0,0.0,0.0,0.0
0.5,0.21,0.21,0.5,18.3,90.0,0.0,0.0,0.16977379,10,20,2,0,,,,1.0767334,0.0,0.0,0.0,0.0
0.21,0.21,0.21,0.21,17.8,90.0,0.0,0.0,0.15320955,10,21,2,0,,,,1.04135,0.0,0.0,0.0,0.0
0.21,0.21,0.21,0.21,18.3,87.0,0.0,0.0,0.13245405,10,22,2,0,,,,0.8020833,0.0,0.0,0.0,0.0
0.21,0.21,0.21,0.21,18.3,84.0,0.0,0.0,0.11931229,10,23,2,0,,,,0.84723336,0.0,0.0,0.0,0.0
0.21,0.21,0.21,0.21,18.9,76.0,0.0,0.0,0.11617145,10,24,2,0,,,,1.34785,0.0,0.0,0.0,0.0
0.21,0.21,0.21,0.21,20.0,53.0,0.0,0.0,0.12462945,10,1,3,0,,,,0.44876668,0.0,0.0,0.0,0.0
0.21,0.21,0.21,0.21,17.2,73.0,0.0,0.0,0.10980278,10,2,3,0,,,,0.44851667,0.0,0.0,0.0,0.0
0.21,0.21,0.21,0.21,18.9,53.0,0.0,0.0,0.11032019,10,3,3,0,,,,0.44805,0.0,0.0,0.0,0.0
0.21,0.21,0.5,0.21,19.4,37.0,0.0,0.0,0.112920925,10,4,3,0,,,,0.44843334,0.0,0.0,0.0,0.0
0.21,0.21,0.5,0.21,16.1,58.0,0.0,0.0,0.12254488,10,5,3,0,,,,0.4454,0.0,0.0,0.0,0.0
0.21,0.21,0.5,0.21,18.9,33.0,0.0,0.0,0.13487406,10,6,3,0,,,,0.45448333,0.0,0.0,0.0,0.0
0.21,0.21,0.5,0.21,20.0,29.0,40.0,34.0,0.14020154,10,7,3,0,,,,0.80841666,0.0,0.0,0.0,4.6375
0.21,0.21,0.5,0.21,22.8,23.0,226.0,387.0,0.14037664,10,8,3,0,,,,0.46571666,0.0,0.0,0.0,30.2625
0.21,0.21,0.21,0.21,24.4,22.0,414.0,441.0,0.14184076,10,9,3,0,,,,0.47813332,0.0,0.0,0.0,155.41667
0.21,0.5,0.21,0.21,27.8,18.0,498.0,450.0,0.14105874,10,10,3,0,,,,0.36723334,0.0,0.0,0.0,326.89166
0.21,0.5,0.21,0.21,30.6,12.0,570.0,426.0,0.13806361,10,11,3,0,,,,0.37273332,0.0,0.0,0.0,464.65833
0.21,0.5,0.21,0.21,26.7,47.0,601.0,421.0,0.13858159,10,12,3,0,,,,0.38185,0.0,0.0,0.0,555.7125
0.21,0.5,0.21,0.21,25.0,50.0,612.0,396.0,0.14185202,10,13,3,0,,,,0.37251666,0.0,0.0,0.0,595.9042
0.21,0.5,0.21,0.21,24.4,52.0,523.0,425.0,0.14320636,10,14,3,0,,,,0.3671,0.0,0.0,0.0,584.5125
0.21,0.21,0.21,0.21,24.4,54.0,269.0,141.0,0.14433211,10,15,3,0,,,,0.36546665,0.0,0.0,0.0,521.3458
0.5,0.21,0.21,0.5,20.0,84.0,217.0,213.0,0.14790879,10,16,3,0,,,,1.8266333,0.0,0.0,0.0,396.59167
0.5,0.21,0.21,0.5,17.8,93.0,60.0,34.0,0.15259576,10,17,3,0,,,,1.34835,0.0,0.0,0.0,165.46666
0.5,0.21,0.21,0.5,17.2,93.0,1.0,1.0,0.15733032,10,18,3,0,,,,1.4899167,0.0,0.0,0.0,0.0
0.5,0.21,0.21,0.5,18.3,90.0,0.0,0.0,0.16332184,10,19,3,0,,,,1.5049167,0.0,0.0,0.0,0.0
0.5,0.21,0.21,0.5,19.4,78.0,0.0,0.0,0.16467409,10,20,3,0,,,,1.0227333,0.0,0.0,0.0,0.0
0.21,0.21,0.21,0.21,19.4,78.0,0.0,0.0,0.15112299,10,21,3,0,,,,1.2249833,0.0,0.0,0.0,0.0
0.21,0.21,0.21,0.21,18.9,81.0,0.0,0.0,0.13399942,10,22,3,0,,,,1.3292333,0.0,0.0,0.0,0.0
0.21,0.21,0.21,0.21,18.9,78.0,0.0,0.0,0.125406,10,23,3,0,,,,2.5613666,0.0,0.0,0.0,0.0
0.21,0.21,0.21,0.21,18.3,73.0,0.0,0.0,0.108738236,10,24,3,0,,,,1.7797084,0.0,0.0,0.0,0.0
0.21,0.21,0.21,0.21,18.9,76.0,0.0,0.0,0.10624552,10,1,4,0,,,,0.35656667,0.0,0.0,0.0,0.0
0.21,0.21,0.21,0.21,18.9,76.0,0.0,0.0,0.10657183,10,2,4,0,,,,0.3491,0.0,0.0,0.0,0.0
0.21,0.21,0.21,0.21,18.9,76.0,0.0,0.0,0.11020215,10,3,4,0,,,,0.34913334,0.0,0.0,0.0,0.0
0.21,0.21,0.5,0.21,18.9,76.0,0.0,0.0,0.115515254,10,4,4,0,,,,0.3525,0.0,0.0,0.0,0.0
0.21,0.21,0.5,0.21,18.9,76.0,0.0,0.0,0.12649742,10,5,4,0,,,,0.3506,0.0,0.0,0.0,0.0
0.21,0.21,0.5,0.21,18.9,76.0,0.0,0.0,0.13956371,10,6,4,0,,,,0.5466667,0.0,0.0,0.0,0.0
0.21,0.21,0.5,0.21,18.9,76.0,29.0,0.0,0.14346051,10,7,4,0,,,,0.40775,0.0,0.0,0.0,3.9458334
0.21,0.21,0.5,0.21,18.9,76.0,56.0,4.0,0.14146395,10,8,4,0,,,,0.26756668,0.0,0.0,0.0,28.55
0.21,0.21,0.21,0.21,18.9,76.0,98.0,4.0,0.14126639,10,9,4,0,,,,0.26616666,0.0,0.0,0.0,153.5
0.21,0.5,0.21,0.21,18.3,81.0,173.0,2.0,0.14229688,10,10,4,0,,,,0.3201,0.0,0.0,0.0,325.79166
0.21,0.5,0.21,0.21,18.3,81.0,187.0,4.0,0.14497103,10,11,4,0,,,,0.6501833,0.0,0.0,0.0,463.54584
0.21,0.5,0.21,0.21,17.8,87.0,200.0,4.0,0.14550969,10,12,4,0,,,,0.36891666,0.0,0.0,0.0,553.9708
0.21,0.5,0.21,0.21,20.6,73.0,368.0,2.0,0.15097892,10,13,4,0,,,,0.2727,0.0,0.0,0.0,594.50836
0.21,0.5,0.21,0.21,22.8,55.0,461.0,315.0,0.15177542,10,14,4,0,,,,0.26406667,0.0,0.0,0.0,582.2875
0.21,0.21,0.21,0.21,21.7,55.0,252.0,67.0,0.15318029,10,15,4,0,,,,1.4094,0.0,0.0,0.0,515.975
0.5,0.21,0.21,0.5,20.0,63.0,122.0,34.0,0.165082,10,16,4,0,,,,3.1109333,0.0,0.0,0.0,389.8125
0.5,0.21,0.21,0.5,20.0,55.0,41.0,2.0,0.16092727,10,17,4,0,,,,1.5825666,0.0,0.0,0.0,161.60834
0.5,0.21,0.21,0.5,18.9,65.0,1.0,0.0,0.16182303,10,18,4,0,,,,1.5394666,0.0,0.0,0.0,0.0
0.5,0.21,0.21,0.5,18.3,73.0,0.0,0.0,0.1600907,10,19,4,0,,,,3.6206334,0.0,0.0,0.0,0.0
0.5,0.21,0.21,0.5,18.9,61.0,0.0,0.0,0.15157321,10,20,4,0,,,,1.2991,0.0,0.0,0.0,0.0
0.21,0.21,0.21,0.21,18.3,63.0,0.0,0.0,0.13937065,10,21,4,0,,,,1.1300334,0.0,0.0,0.0,0.0
0.21,0.21,0.21,0.21,18.3,63.0,0.0,0.0,0.11667342,10,22,4,0,,,,2.4669333,0.0,0.0,0.0,0.0
0.21,0.21,0.21,0.21,18.3,68.0,0.0,0.0,0.110368736,10,23,4,0,,,,1.6616167,0.0,0.0,0.0,0.0
0.21,0.21,0.21,0.21,18.3,78.0,0.0,0.0,0.10732334,10,24,4,0,,,,0.435375,0.0,0.0,0.0,0.0
0.21,0.21,0.21,0.21,18.3,78.0,0.0,0.0,0.106168896,10,1,5,0,,,,0.5078833,0.0,0.0,0.0,0.0
0.21,0.21,0.21,0.21,18.3,78.0,0.0,0.0,0.10860244,10,2,5,0,,,,0.56575,0.0,0.0,0.0,0.0
0.21,0.21,0.21,0.21,16.1,90.0,0.0,0.0,0.10759296,10,3,5,0,,,,0.43783334,0.0,0.0,0.0,0.0
0.21,0.21,0.5,0.21,16.7,84.0,0.0,0.0,0.10671879,10,4,5,0,,,,0.4365,0.0,0.0,0.0,0.0
0.21,0.21,0.5,0.21,16.7,81.0,0.0,0.0,0.108061336,10,5,5,0,,,,0.6340333,0.0,0.0,0.0,0.0
0.21,0.21,0.5,0.21,16.7,90.0,0.0,0.0,0.110129535,10,6,5,0,,,,2.1349666,0.0,0.0,0.0,0.0
0.21,0.21,0.5,0.21,16.1,93.0,20.0,9.0,0.11235607,10,7,5,0,,,,0.66321665,0.0,0.0,0.0,3.9666667
0.21,0.21,0.5,0.21,16.7,87.0,165.0,198.0,0.123680495,10,8,5,0,,,,0.3306,0.0,0.0,0.0,28.483334
0.21,0.21,0.21,0.21,18.3,78.0,237.0,175.0,0.13449515,10,9,5,0,,,,0.25958332,0.0,0.0,0.0,147.74583
0.21,0.5,0.21,0.21,19.4,70.0,294.0,8.0,0.14041206,10,10,5,0,,,,0.3443,0.0,0.0,0.0,308.41666
0.21,0.5,0.21,0.21,20.0,66.0,261.0,12.0,0.14214988,10,11,5,0,,,,0.5046833,0.0,0.0,0.0,434.9
0.21,0.5,0.21,0.21,21.1,59.0,388.0,3.0,0.14145239,10,12,5,0,,,,1.4029666,0.0,0.0,0.0,519.7792
0.21,0.5,0.21,0.21,21.1,64.0,339.0,10.0,0.13997483,10,13,5,0,,,,2.0558167,0.0,0.0,0.0,561.8625
0.21,0.5,0.21,0.21,20.6,66.0,250.0,9.0,0.13687074,10,14,5,0,,,,3.8477833,0.0,0.0,0.0,553.25836
0.21,0.21,0.21,0.21,21.1,61.0,233.0,7.0,0.134351,10,15,5,0,,,,3.0263,0.0,0.0,0.0,489.85834
0.5,0.21,0.21,0.5,20.6,63.0,201.0,91.0,0.14630431,10,16,5,0,,,,2.8902166,0.0,0.0,0.0,370.05417
0.5,0.21,0.21,0.5,20.0,68.0,68.0,21.0,0.15321614,10,17,5,0,,,,1.7831334,0.0,0.0,0.0,96.78333
0.5,0.21,0.21,0.5,20.0,68.0,4.0,0.0,0.14939195,10,18,5,0,,,,1.37095,0.0,0.0,0.0,0.0
0.5,0.21,0.21,0.5,18.3,81.0,0.0,0.0,0.1483066,10,19,5,0,,,,1.46335,0.0,0.0,0.0,0.0
0.5,0.21,0.21,0.5,17.8,87.0,0.0,0.0,0.1402587,10,20,5,0,,,,0.8269333,0.0,0.0,0.0,0.0
0.21,0.21,0.21,0.21,18.3,84.0,0.0,0.0,0.13142167,10,21,5,0,,,,0.91961664,0.0,0.0,0.0,0.0
0.21,0.21,0.21,0.21,18.3,81.0,0.0,0.0,0.12149419,10,22,5,0,,,,1.6844833,0.0,0.0,0.0,0.0
0.21,0.21,0.21,0.21,18.3,78.0,0.0,0.0,0.118677124,10,23,5,0,,,,2.6754334,0.0,0.0,0.0,0.0
0.21,0.21,0.21,0.21,18.9,90.0,0.0,0.0,0.11859234,10,24,5,0,,,,0.54885834,0.0,0.0,0.0,0.0
0.21,0.21,0.21,0.21,18.3,76.0,0.0,0.0,0.116960295,10,1,6,0,,,,0.54291666,0.0,0.0,0.0,0.0
0.21,0.21,0.21,0.21,18.3,76.0,0.0,0.0,0.119001694,10,2,6,0,,,,0.5071167,0.0,0.0,0.0,0.0
0.21,0.21,0.21,0.21,18.3,78.0,0.0,0.0,0.118444115,10,3,6,0,,,,0.43871668,0.0,0.0,0.0,0.0
0.21,0.21,0.5,0.21,18.3,81.0,0.0,0.0,0.119065545,10,4,6,0,,,,0.44661668,0.0,0.0,0.0,0.0
0.21,0.21,0.5,0.21,17.8,87.0,0.0,0.0,0.11906941,10,5,6,0,,,,0.4763,0.0,0.0,0.0,0.0
0.21,0.21,0.5,0.21,17.2,93.0,0.0,0.0,0.11910429,10,6,6,0,,,,0.47621667,0.0,0.0,0.0,0.0
0.21,0.21,0.5,0.21,17.2,90.0,22.0,0.0,0.1212316,10,7,6,0,,,,0.4121,0.0,0.0,0.0,4.5958333
0.21,0.21,0.5,0.21,17.2,97.0,71.0,8.0,0.11995615,10,8,6,0,,,,0.37243333,0.0,0.0,0.0,28.6875
0.21,0.21,0.21,0.21,17.2,97.0,109.0,0.0,0.123822905,10,9,6,0,,,,1.1244667,0.0,0.0,0.0,148.12083
0.21,0.5,0.21,0.21,17.8,97.0,143.0,11.0,0.13391078,10,10,6,0,,,,2.5072,0.0,0.0,0.0,314.42917
0.21,0.5,0.21,0.21,17.8,97.0,166.0,8.0,0.13838662,10,11,6,0,,,,1.30885,0.0,0.0,0.0,442.70416
0.21,0.5,0.21,0.21,18.9,93.0,171.0,3.0,0.14059328,10,12,6,0,,,,0.42306668,0.0,0.0,0.0,528.6125
0.21,0.5,0.21,0.21,21.7,81.0,398.0,136.0,0.14204721,10,13,6,0,,,,0.26216668,0.0,0.0,0.0,555.8333
0.21,0.5,0.21,0.21,22.8,76.0,466.0,204.0,0.14554067,10,14,6,0,,,,0.45503333,0.0,0.0,0.0,557.12915
0.21,0.21,0.21,0.21,21.1,79.0,266.0,77.0,0.1439357,10,15,6,0,,,,0.50075,0.0,0.0,0.0,501.25418
0.5,0.21,0.21,0.5,20.6,84.0,190.0,46.0,0.1461172,10,16,6,0,,,,2.2965,0.0,0.0,0.0,377.27084
0.5,0.21,0.21,0.5,19.4,87.0,32.0,11.0,0.14357872,10,17,6,0,,,,2.7595167,0.0,0.0,0.0,148.875
0.5,0.21,0.21,0.5,18.9,93.0,0.0,0.0,0.14825158,10,18,6,0,,,,1.5092167,0.0,0.0,0.0,0.0
0.5,0.21,0.21,0.5,18.9,90.0,0.0,0.0,0.15426537,10,19,6,0,,,,1.23195,0.0,0.0,0.0,0.0
0.5,0.21,0.21,0.5,18.9,93.0,0.0,0.0,0.14681333,10,20,6,0,,,,0.6831667,0.0,0.0,0.0,0.0
0.21,0.21,0.21,0.21,19.4,87.0,0.0,0.0,0.13724656,10,21,6,0,,,,0.7980833,0.0,0.0,0.0,0.0
0.21,0.21,0.21,0.21,19.4,87.0,0.0,0.0,0.120138526,10,22,6,0,,,,0.70178336,0.0,0.0,0.0,0.0
0.21,0.21,0.21,0.21,19.4,87.0,0.0,0.0,0.11371729,10,23,6,0,,,,0.7086,0.0,0.0,0.0,0.0
0.21,0.21,0.21,0.21,16.7,93.0,0.0,0.0,0.11068119,10,24,6,0,,,,0.7053667,0.0,0.0,0.0,0.0
0.21,0.21,0.21,0.21,18.9,90.0,0.0,0.0,0.107643634,10,1,7,0,,,,0.57196665,0.0,0.0,0.0,0.0
0.21,0.21,0.21,0.21,18.3,97.0,0.0,0.0,0.108744994,10,2,7,0,,,,0.39956668,0.0,0.0,0.0,0.0
0.21,0.21,0.21,0.21,18.3,93.0,0.0,0.0,0.10932158,10,3,7,0,,,,0.40146667,0.0,0.0,0.0,0.0
0.21,0.21,0.5,0.21,17.8,97.0,0.0,0.0,0.11472615,10,4,7,0,,,,0.40436667,0.0,0.0,0.0,0.0
0.21,0.21,0.5,0.21,17.2,100.0,0.0,0.0,0.12212915,10,5,7,0,,,,0.40345,0.0,0.0,0.0,0.0
0.21,0.21,0.5,0.21,17.2,97.0,0.0,0.0,0.1372974,10,6,7,0,,,,0.40198332,0.0,0.0,0.0,0.0
0.21,0.21,0.5,0.21,17.2,97.0,33.0,0.0,0.1539505,10,7,7,0,,,,0.3994,0.0,0.0,0.0,7.7375
0.21,0.21,0.5,0.21,17.8,93.0,96.0,11.0,0.15954298,10,8,7,0,,,,0.40791667,0.0,0.0,0.0,75.7875
0.21,0.21,0.21,0.21,18.3,90.0,154.0,68.0,0.16283391,10,9,7,0,,,,0.40318334,0.0,0.0,0.0,181.925
0.21,0.5,0.21,0.21,19.4,84.0,435.0,346.0,0.16754484,10,10,7,0,,,,0.49371666,0.0,0.0,0.0,221.98334
0.21,0.5,0.21,0.21,18.9,87.0,500.0,336.0,0.17129104,10,11,7,0,,,,0.98683333,0.0,0.0,0.0,276.40833
0.21,0.5,0.21,0.21,20.0,76.0,660.0,634.0,0.17270254,10,12,7,0,,,,0.6573167,0.0,0.0,0.0,81.57083
0.21,0.5,0.21,0.21,20.0,76.0,656.0,700.0,0.17798112,10,13,7,0,,,,0.6800333,0.0,0.0,0.0,156.19167
0.21,0.5,0.21,0.21,20.6,71.0,554.0,617.0,0.17856231,10,14,7,0,,,,0.7755,0.0,0.0,0.0,172.94167
0.21,0.21,0.21,0.21,19.4,78.0,412.0,556.0,0.17737631,10,15,7,0,,,,0.63603336,0.0,0.0,0.0,77.675
0.5,0.21,0.21,0.5,18.9,78.0,239.0,446.0,0.1769601,10,16,7,0,,,,0.62021667,0.0,0.0,0.0,10.745833
0.5,0.21,0.21,0.5,17.8,84.0,65.0,139.0,0.17444834,10,17,7,0,,,,0.62945,0.0,0.0,0.0,0.0
0.5,0.21,0.21,0.5,17.2,87.0,3.0,0.0,0.17887415,10,18,7,0,,,,0.7248667,0.0,0.0,0.0,0.0
0.5,0.21,0.21,0.5,17.2,87.0,0.0,0.0,0.17940222,10,19,7,0,,,,0.9647,0.0,0.0,0.0,0.0
0.5,0.21,0.21,0.5,17.2,90.0,0.0,0.0,0.1683248,10,20,7,0,,,,1.2525,0.0,0.0,0.0,0.0
0.21,0.21,0.21,0.21,17.2,93.0,0.0,0.0,0.15231082,10,21,7,0,,,,1.5340667,0.0,0.0,0.0,0.0
0.21,0.21,0.21,0.21,17.2,93.0,0.0,0.0,0.13870725,10,22,7,0,,,,1.3041333,0.0,0.0,0.0,0.0
0.21,0.21,0.21,0.21,17.2,90.0,0.0,0.0,0.13043617,10,23,7,0,,,,0.9896333,0.0,0.0,0.0,0.0
0.21,0.21,0.21,0.21,16.1,93.0,0.0,0.0,0.12673618,10,24,7,0,,,,0.43135,0.0,0.0,0.0,0.0
0.21,0.21,0.21,0.21,16.1,93.0,0.0,0.0,0.11744947,10,1,1,0,,,,0.42753333,0.0,0.0,0.0,0.0
0.21,0.21,0.21,0.21,15.6,93.0,0.0,0.0,0.11664561,10,2,1,0,,,,0.41053334,0.0,0.0,0.0,0.0
0.21,0.21,0.21,0.21,15.6,87.0,0.0,0.0,0.11672731,10,3,1,0,,,,0.39738333,0.0,0.0,0.0,0.0
0.21,0.21,0.5,0.21,14.4,93.0,0.0,0.0,0.11658019,10,4,1,0,,,,0.39588332,0.0,0.0,0.0,0.0
0.21,0.21,0.5,0.21,14.4,97.0,0.0,0.0,0.12885265,10,5,1,0,,,,0.39503333,0.0,0.0,0.0,0.0
0.21,0.21,0.5,0.21,14.4,93.0,0.0,0.0,0.15329017,10,6,1,0,,,,0.43025,0.0,0.0,0.0,0.0
0.21,0.21,0.5,0.21,15.6,87.0,19.0,4.0,0.15499854,10,7,1,0,,,,0.4248,0.0,0.0,0.0,0.0
0.21,0.21,0.5,0.21,17.2,81.0,113.0,60.0,0.1624444,10,8,1,0,,,,0.30693334,0.0,0.0,0.0,2.2708333
0.21,0.21,0.21,0.21,18.3,78.0,244.0,89.0,0.17541352,10,9,1,0,,,,0.3094,0.0,0.0,0.0,81.041664
0.21,0.5,0.21,0.21,20.6,68.0,158.0,2.0,0.17561828,10,10,1,0,,,,0.30723333,0.0,0.0,0.0,164.34584
0.21,0.5,0.21,0.21,20.6,73.0,595.0,555.0,0.18478622,10,11,1,0,,,,0.53456664,0.0,0.0,0.0,68.8
0.21,0.5,0.21,0.21,21.1,73.0,613.0,491.0,0.19265385,10,12,1,0,,,,0.55135,0.0,0.0,0.0,95.67917
0.21,0.5,0.21,0.21,20.6,76.0,618.0,557.0,0.18834841,10,13,1,0,,,,0.30656666,0.0,0.0,0.0,129.025
0.21,0.5,0.21,0.21,19.4,81.0,371.0,166.0,0.18615119,10,14,1,0,,,,0.30823332,0.0,0.0,0.0,154.87917
0.21,0.21,0.21,0.21,18.9,84.0,259.0,75.0,0.18452223,10,15,1,0,,,,0.53038335,0.0,0.0,0.0,20.566668
0.5,0.21,0.21,0.5,18.9,84.0,152.0,141.0,0.18824226,10,16,1,0,,,,0.59896666,0.0,0.0,0.0,23.616667
0.5,0.21,0.21,0.5,17.8,90.0,39.0,2.0,0.1881543,10,17,1,0,,,,0.53103334,0.0,0.0,0.0,1.6833333
0.5,0.21,0.21,0.5,17.2,93.0,2.0,0.0,0.19267558,10,18,1,0,,,,0.70995,0.0,0.0,0.0,0.0
0.5,0.21,0.21,0.5,17.2,93.0,0.0,0.0,0.19548224,10,19,1,0,,,,1.00965,0.0,0.0,0.0,0.0
0.5,0.21,0.21,0.5,17.8,93.0,0.0,0.0,0.18941146,10,20,1,0,,,,1.3852834,0.0,0.0,0.0,0.0
0.21,0.21,0.21,0.21,17.8,90.0,0.0,0.0,0.17466658,10,21,1,0,,,,1.4523833,0.0,0.0,0.0,0.0
0.21,0.21,0.21,0.21,17.8,90.0,0.0,0.0,0.14939539,10,22,1,0,,,,1.3361167,0.0,0.0,0.0,0.0
0.21,0.21,0.21,0.21,17.8,87.0,0.0,0.0,0.13915652,10,23,1,0,,,,0.59445,0.0,0.0,0.0,0.0
0.21,0.21,0.21,0.21,16.1,40.0,0.0,0.0,0.13087778,10,24,1,0,,,,0.403125,0.0,0.0,0.0,0.0
0.21,0.21,0.21,0.21,17.2,87.0,0.0,0.0,0.124053106,10,1,2,0,,,,0.40285,0.0,0.0,0.0,0.0
0.21,0.21,0.21,0.21,16.7,90.0,0.0,0.0,0.1224474,10,2,2,0,,,,0.39928332,0.0,0.0,0.0,0.0
0.21,0.21,0.21,0.21,17.2,84.0,0.0,0.0,0.1224903,10,3,2,0,,,,0.3961,0.0,0.0,0.0,0.0
0.21,0.21,0.5,0.21,16.7,84.0,0.0,0.0,0.12224566,10,4,2,0,,,,0.39458334,0.0,0.0,0.0,0.0
0.21,0.21,0.5,0.21,16.1,84.0,0.0,0.0,0.13013321,10,5,2,0,,,,0.39433333,0.0,0.0,0.0,0.0
0.21,0.21,0.5,0.21,15.6,78.0,0.0,0.0,0.14038604,10,6,2,0,,,,0.57061666,0.0,0.0,0.0,0.0
0.21,0.21,0.5,0.21,16.7,65.0,33.0,55.0,0.15484054,10,7,2,0,,,,0.7872667,0.0,0.0,0.0,5.366667
0.21,0.21,0.5,0.21,17.2,63.0,194.0,385.0,0.15718482,10,8,2,0,,,,0.55373335,0.0,0.0,0.0,27.891666
0.21,0.21,0.21,0.21,17.8,58.0,353.0,522.0,0.1689548,10,9,2,0,,,,0.36798334,0.0,0.0,0.0,137.2625
0.21,0.5,0.21,0.21,18.9,53.0,526.0,620.0,0.17702486,10,10,2,0,,,,0.31116667,0.0,0.0,0.0,304.04166
0.21,0.5,0.21,0.21,18.9,57.0,580.0,600.0,0.18159801,10,11,2,0,,,,0.31453332,0.0,0.0,0.0,430.1375
0.21,0.5,0.21,0.21,18.9,59.0,689.0,745.0,0.17853698,10,12,2,0,,,,0.32203335,0.0,0.0,0.0,512.375
0.21,0.5,0.21,0.21,19.4,55.0,654.0,722.0,0.1795526,10,13,2,0,,,,0.31803334,0.0,0.0,0.0,536.875
0.21,0.5,0.21,0.21,18.9,61.0,567.0,690.0,0.18422338,10,14,2,0,,,,0.3097,0.0,0.0,0.0,514.525
0.21,0.21,0.21,0.21,18.3,61.0,421.0,615.0,0.18494736,10,15,2,0,,,,0.30968332,0.0,0.0,0.0,444.45416
0.5,0.21,0.21,0.5,17.8,68.0,234.0,455.0,0.18318528,10,16,2,0,,,,0.5122,0.0,0.0,0.0,323.3875
0.5,0.21,0.21,0.5,17.8,65.0,60.0,137.0,0.18455763,10,17,2,0,,,,0.53316665,0.0,0.0,0.0,96.64167
0.5,0.21,0.21,0.5,17.8,63.0,1.0,0.0,0.1880541,10,18,2,0,,,,0.5462833,0.0,0.0,0.0,0.0
0.5,0.21,0.21,0.5,18.3,47.0,0.0,0.0,0.18755174,10,19,2,0,,,,0.98651665,0.0,0.0,0.0,0.0
0.5,0.21,0.21,0.5,17.8,38.0,0.0,0.0,0.17741464,10,20,2,0,,,,1.2194333,0.0,0.0,0.0,0.0
0.21,0.21,0.21,0.21,17.8,36.0,0.0,0.0,0.16115595,10,21,2,0,,,,1.4817166,0.0,0.0,0.0,0.0
0.21,0.21,0.21,0.21,17.2,35.0,0.0,0.0,0.13954362,10,22,2,0,,,,1.0659167,0.0,0.0,0.0,0.0
0.21,0.21,0.21,0.21,16.1,40.0,0.0,0.0,0.136275,10,23,2,0,,,,0.39285,0.0,0.0,0.0,0.0
0.21,0.21,0.21,0.21,13.9,75.0,0.0,0.0,0.12822855,10,24,2,0,,,,0.39914167,0.0,0.0,0.0,0.0
0.21,0.21,0.21,0.21,15.0,42.0,0.0,0.0,0.12701422,10,1,3,0,,,,0.39893332,0.0,0.0,0.0,0.0
0.21,0.21,0.21,0.21,15.0,41.0,0.0,0.0,0.12607382,10,2,3,0,,,,0.39323333,0.0,0.0,0.0,0.0
0.21,0.21,0.21,0.21,13.9,44.0,0.0,0.0,0.12623301,10,3,3,0,,,,0.39375,0.0,0.0,0.0,0.0
0.21,0.21,0.5,0.21,13.3,45.0,0.0,0.0,0.12700464,10,4,3,0,,,,0.39303333,0.0,0.0,0.0,0.0
0.21,0.21,0.5,0.21,12.2,51.0,0.0,0.0,0.1373085,10,5,3,0,,,,0.39058334,0.0,0.0,0.0,0.0
0.21,0.21,0.5,0.21,12.2,53.0,0.0,0.0,0.15651508,10,6,3,0,,,,0.53195,0.0,0.0,0.0,0.0
0.21,0.21,0.5,0.21,13.3,47.0,40.0,108.0,0.16576914,10,7,3,0,,,,0.71861666,0.0,0.0,0.0,6.429167
0.21,0.21,0.5,0.21,16.1,43.0,198.0,493.0,0.16663848,10,8,3,0,,,,0.30585,0.0,0.0,0.0,33.325
0.21,0.21,0.21,0.21,17.8,37.0,396.0,684.0,0.16917697,10,9,3,0,,,,0.30858332,0.0,0.0,0.0,136.64583
0.21,0.5,0.21,0.21,19.4,33.0,562.0,775.0,0.17238195,10,10,3,0,,,,0.30723333,0.0,0.0,0.0,298.8
0.21,0.5,0.21,0.21,21.1,32.0,670.0,817.0,0.17034133,10,11,3,0,,,,0.3127,0.0,0.0,0.0,422.72083
0.21,0.5,0.21,0.21,20.6,46.0,708.0,825.0,0.16957302,10,12,3,0,,,,0.31903332,0.0,0.0,0.0,485.10416
0.21,0.5,0.21,0.21,19.4,49.0,682.0,816.0,0.16788593,10,13,3,0,,,,0.28923333,0.0,0.0,0.0,500.53333
0.21,0.5,0.21,0.21,18.9,51.0,590.0,782.0,0.16720362,10,14,3,0,,,,0.32835,0.0,0.0,0.0,381.9125
0.21,0.21,0.21,0.21,18.9,51.0,437.0,704.0,0.16521566,10,15,3,0,,,,0.65283334,0.0,0.0,0.0,372.0375
0.5,0.21,0.21,0.5,18.3,52.0,246.0,550.0,0.16723874,10,16,3,0,,,,1.5285167,0.0,0.0,0.0,138.94583
0.5,0.21,0.21,0.5,16.7,63.0,64.0,210.0,0.17119217,10,17,3,0,,,,1.0043334,0.0,0.0,0.0,57.05
0.5,0.21,0.21,0.5,16.1,67.0,1.0,1.0,0.17804067,10,18,3,0,,,,1.6223667,0.0,0.0,0.0,0.0
0.5,0.21,0.21,0.5,16.1,72.0,0.0,0.0,0.17564754,10,19,3,0,,,,0.65753335,0.0,0.0,0.0,0.0
0.5,0.21,0.21,0.5,16.1,70.0,0.0,0.0,0.1725894,10,20,3,0,,,,1.0052167,0.0,0.0,0.0,0.0
0.21,0.21,0.21,0.21,16.7,43.0,0.0,0.0,0.1597344,10,21,3,0,,,,1.79715,0.0,0.0,0.0,0.0
0.21,0.21,0.21,0.21,16.1,48.0,0.0,0.0,0.1376456,10,22,3,0,,,,1.0752833,0.0,0.0,0.0,0.0
0.21,0.21,0.21,0.21,14.4,62.0,0.0,0.0,0.12527502,10,23,3,0,,,,0.7732667,0.0,0.0,0.0,0.0
0.21,0.21,0.21,0.21,13.3,87.0,0.0,0.0,0.11975277,10,24,3,0,,,,0.3753,0.0,0.0,0.0,0.0
0.21,0.21,0.21,0.21,13.3,78.0,0.0,0.0,0.11092371,10,1,4,0,,,,0.36805,0.0,0.0,0.0,0.0
0.21,0.21,0.21,0.21,12.2,80.0,0.0,0.0,0.10900905,10,2,4,0,,,,0.36408332,0.0,0.0,0.0,0.0
0.21,0.21,0.21,0.21,11.7,74.0,0.0,0.0,0.10969847,10,3,4,0,,,,0.40326667,0.0,0.0,0.0,0.0
0.21,0.21,0.5,0.21,11.7,72.0,0.0,0.0,0.11229342,10,4,4,0,,,,0.4058,0.0,0.0,0.0,0.0
0.21,0.21,0.5,0.21,12.2,64.0,0.0,0.0,0.123370826,10,5,4,0,,,,0.40493333,0.0,0.0,0.0,0.0
0.21,0.21,0.5,0.21,10.6,69.0,0.0,0.0,0.14995913,10,6,4,0,,,,0.47103333,0.0,0.0,0.0,0.0
0.21,0.21,0.5,0.21,12.2,59.0,35.0,35.0,0.16410257,10,7,4,0,,,,0.40335,0.0,0.0,0.0,10.383333
0.21,0.21,0.5,0.21,14.4,53.0,172.0,329.0,0.15775958,10,8,4,0,,,,0.7313667,0.0,0.0,0.0,76.6
0.21,0.21,0.21,0.21,16.7,52.0,362.0,532.0,0.16019839,10,9,4,0,,,,0.53955,0.0,0.0,0.0,180.92084
0.21,0.5,0.21,0.21,19.4,44.0,526.0,639.0,0.15913536,10,10,4,0,,,,0.5348167,0.0,0.0,0.0,235.67917
0.21,0.5,0.21,0.21,18.9,63.0,631.0,685.0,0.16076891,10,11,4,0,,,,0.69876665,0.0,0.0,0.0,326.42917
0.21,0.5,0.21,0.21,19.4,57.0,677.0,705.0,0.15400617,10,12,4,0,,,,0.70635,0.0,0.0,0.0,336.15417
0.21,0.5,0.21,0.21,19.4,63.0,649.0,692.0,0.15402433,10,13,4,0,,,,0.5029333,0.0,0.0,0.0,277.8
0.21,0.5,0.21,0.21,19.4,59.0,556.0,651.0,0.15392655,10,14,4,0,,,,0.8658,0.0,0.0,0.0,290.80832
0.21,0.21,0.21,0.21,19.4,55.0,404.0,561.0,0.15371522,10,15,4,0,,,,0.84258336,0.0,0.0,0.0,150.85
0.5,0.21,0.21,0.5,18.3,61.0,217.0,388.0,0.15498263,10,16,4,0,,,,1.3302,0.0,0.0,0.0,65.775
0.5,0.21,0.21,0.5,16.7,70.0,53.0,86.0,0.16000827,10,17,4,0,,,,1.02215,0.0,0.0,0.0,16.55
0.5,0.21,0.21,0.5,15.6,78.0,1.0,0.0,0.1705206,10,18,4,0,,,,0.70155,0.0,0.0,0.0,0.0
0.5,0.21,0.21,0.5,15.6,87.0,0.0,0.0,0.16942894,10,19,4,0,,,,0.78351665,0.0,0.0,0.0,0.0
0.5,0.21,0.21,0.5,15.0,87.0,0.0,0.0,0.16022898,10,20,4,0,,,,1.5816667,0.0,0.0,0.0,0.0
0.21,0.21,0.21,0.21,14.4,87.0,0.0,0.0,0.14705269,10,21,4,0,,,,1.1976,0.0,0.0,0.0,0.0
0.21,0.21,0.21,0.21,14.4,90.0,0.0,0.0,0.12746574,10,22,4,0,,,,1.88795,0.0,0.0,0.0,0.0
0.21,0.21,0.21,0.21,14.4,90.0,0.0,0.0,0.11377729,10,23,4,0,,,,0.88311666,0.0,0.0,0.0,0.0
0.21,0.21,0.21,0.21,15.0,78.0,0.0,0.0,0.105097294,10,24,4,0,,,,1.1787167,0.0,0.0,0.0,0.0
0.21,0.21,0.21,0.21,12.8,90.0,0.0,0.0,0.099908724,10,1,5,0,,,,1.7824,0.0,0.0,0.0,0.0
0.21,0.21,0.21,0.21,12.2,93.0,0.0,0.0,0.09803376,10,2,5,0,,,,0.35146666,0.0,0.0,0.0,0.0
0.21,0.21,0.21,0.21,12.2,93.0,0.0,0.0,0.102894664,10,3,5,0,,,,0.34828332,0.0,0.0,0.0,0.0
0.21,0.21,0.5,0.21,11.1,90.0,0.0,0.0,0.09758351,10,4,5,0,,,,0.38205,0.0,0.0,0.0,0.0
0.21,0.21,0.5,0.21,11.1,83.0,0.0,0.0,0.10034553,10,5,5,0,,,,0.38961667,0.0,0.0,0.0,0.0
0.21,0.21,0.5,0.21,11.1,80.0,0.0,0.0,0.10556579,10,6,5,0,,,,0.62198335,0.0,0.0,0.0,0.0
0.21,0.21,0.5,0.21,12.2,72.0,44.0,189.0,0.10657347,10,7,5,0,,,,0.69953334,0.0,0.0,0.0,15.520833
0.21,0.21,0.5,0.21,13.9,67.0,205.0,603.0,0.11890982,10,8,5,0,,,,0.30143332,0.0,0.0,0.0,55.4625
0.21,0.21,0.21,0.21,17.2,50.0,402.0,773.0,0.11900215,10,9,5,0,,,,0.4281,0.0,0.0,0.0,99.4625
0.21,0.5,0.21,0.21,19.4,40.0,567.0,854.0,0.11589282,10,10,5,0,,,,0.30458334,0.0,0.0,0.0,165.54584
0.21,0.5,0.21,0.21,21.7,29.0,679.0,897.0,0.11911413,10,11,5,0,,,,0.30878332,0.0,0.0,0.0,109.3875
0.21,0.5,0.21,0.21,22.8,27.0,721.0,909.0,0.11519792,10,12,5,0,,,,0.30568334,0.0,0.0,0.0,190.19167
0.21,0.5,0.21,0.21,22.2,38.0,690.0,894.0,0.1103793,10,13,5,0,,,,0.31305,0.0,0.0,0.0,103.28333
0.21,0.5,0.21,0.21,19.4,66.0,590.0,843.0,0.110073544,10,14,5,0,,,,0.30473334,0.0,0.0,0.0,138.4875
0.21,0.21,0.21,0.21,18.3,68.0,441.0,777.0,0.11520806,10,15,5,0,,,,0.3205,0.0,0.0,0.0,153.84584
0.5,0.21,0.21,0.5,18.3,61.0,254.0,634.0,0.12504977,10,16,5,0,,,,0.5445,0.0,0.0,0.0,176.275
0.5,0.21,0.21,0.5,17.2,65.0,66.0,289.0,0.13621026,10,17,5,0,,,,0.5411,0.0,0.0,0.0,35.275
0.5,0.21,0.21,0.5,16.7,78.0,2.0,2.0,0.15686814,10,18,5,0,,,,0.65005,0.0,0.0,0.0,0.0
0.5,0.21,0.21,0.5,16.7,67.0,0.0,0.0,0.15451619,10,19,5,0,,,,0.7792,0.0,0.0,0.0,0.0
0.5,0.21,0.21,0.5,16.7,70.0,0.0,0.0,0.14547902,10,20,5,0,,,,0.9514,0.0,0.0,0.0,0.0
0.21,0.21,0.21,0.21,15.6,84.0,0.0,0.0,0.1294551,10,21,5,0,,,,0.9696,0.0,0.0,0.0,0.0
0.21,0.21,0.21,0.21,15.0,81.0,0.0,0.0,0.1180141,10,22,5,0,,,,0.88713336,0.0,0.0,0.0,0.0
0.21,0.21,0.21,0.21,15.0,78.0,0.0,0.0,0.11200189,10,23,5,0,,,,0.9931833,0.0,0.0,0.0,0.0
0.21,0.21,0.21,0.21,15.0,24.0,0.0,0.0,0.11028864,10,24,5,0,,,,1.3742,0.0,0.0,0.0,0.0
0.21,0.21,0.21,0.21,13.9,81.0,0.0,0.0,0.11600363,10,1,6,0,,,,0.39818335,0.0,0.0,0.0,0.0
0.21,0.21,0.21,0.21,13.9,78.0,0.0,0.0,0.13167828,10,2,6,0,,,,0.39996666,0.0,0.0,0.0,0.0
0.21,0.21,0.21,0.21,13.3,78.0,0.0,0.0,0.13015035,10,3,6,0,,,,0.4054,0.0,0.0,0.0,0.0
0.21,0.21,0.5,0.21,13.3,72.0,0.0,0.0,0.11017527,10,4,6,0,,,,0.40343332,0.0,0.0,0.0,0.0
0.21,0.21,0.5,0.21,11.7,77.0,0.0,0.0,0.10750802,10,5,6,0,,,,0.39818335,0.0,0.0,0.0,0.0
0.21,0.21,0.5,0.21,10.6,83.0,0.0,0.0,0.111531205,10,6,6,0,,,,0.6134667,0.0,0.0,0.0,0.0
0.21,0.21,0.5,0.21,11.7,77.0,37.0,84.0,0.11390232,10,7,6,0,,,,0.66075,0.0,0.0,0.0,12.3625
0.21,0.21,0.5,0.21,16.1,50.0,184.0,456.0,0.123720184,10,8,6,0,,,,0.39686668,0.0,0.0,0.0,82.07917
0.21,0.21,0.21,0.21,18.9,28.0,381.0,663.0,0.13888106,10,9,6,0,,,,0.39078334,0.0,0.0,0.0,165.79584
0.21,0.5,0.21,0.21,21.7,20.0,549.0,763.0,0.13198812,10,10,6,0,,,,0.5341167,0.0,0.0,0.0,275.575
0.21,0.5,0.21,0.21,23.3,15.0,662.0,815.0,0.13595995,10,11,6,0,,,,1.2538167,0.0,0.0,0.0,342.42084
0.21,0.5,0.21,0.21,25.0,13.0,707.0,831.0,0.14680956,10,12,6,0,,,,1.1591667,0.0,0.0,0.0,457.1
0.21,0.5,0.21,0.21,25.0,13.0,680.0,821.0,0.15357691,10,13,6,0,,,,0.73948336,0.0,0.0,0.0,361.19583
0.21,0.5,0.21,0.21,25.6,10.0,587.0,786.0,0.15071239,10,14,6,0,,,,0.5898833,0.0,0.0,0.0,314.92084
0.21,0.21,0.21,0.21,25.6,13.0,429.0,699.0,0.15169784,10,15,6,0,,,,0.74565,0.0,0.0,0.0,216.29167
0.5,0.21,0.21,0.5,23.3,21.0,225.0,488.0,0.15018138,10,16,6,0,,,,0.7270667,0.0,0.0,0.0,106.65417
0.5,0.21,0.21,0.5,21.7,23.0,49.0,131.0,0.15323587,10,17,6,0,,,,1.3330667,0.0,0.0,0.0,17.1625
0.5,0.21,0.21,0.5,19.4,24.0,0.0,0.0,0.15633048,10,18,6,0,,,,2.14015,0.0,0.0,0.0,0.0
0.5,0.21,0.21,0.5,20.0,22.0,0.0,0.0,0.14998697,10,19,6,0,,,,0.8473833,0.0,0.0,0.0,0.0
0.5,0.21,0.21,0.5,18.9,16.0,0.0,0.0,0.15516198,10,20,6,0,,,,0.9338,0.0,0.0,0.0,0.0
0.21,0.21,0.21,0.21,18.3,14.0,0.0,0.0,0.14823467,10,21,6,0,,,,0.9769833,0.0,0.0,0.0,0.0
0.21,0.21,0.21,0.21,16.7,24.0,0.0,0.0,0.12670569,10,22,6,0,,,,0.9593833,0.0,0.0,0.0,0.0
0.21,0.21,0.21,0.21,17.8,19.0,0.0,0.0,0.11761831,10,23,6,0,,,,0.9450667,0.0,0.0,0.0,0.0
0.21,0.21,0.21,0.21,16.7,34.0,0.0,0.0,0.110773,10,24,6,0,,,,1.2491083,0.0,0.0,0.0,0.0
0.21,0.21,0.21,0.21,15.6,20.0,0.0,0.0,0.10670754,10,1,7,0,,,,1.3527334,0.0,0.0,0.0,0.0
0.21,0.21,0.21,0.21,15.0,19.0,0.0,0.0,0.10647798,10,2,7,0,,,,0.52033335,0.0,0.0,0.0,0.0
0.21,0.21,0.21,0.21,13.9,22.0,0.0,0.0,0.106757835,10,3,7,0,,,,0.5161333,0.0,0.0,0.0,0.0
0.21,0.21,0.5,0.21,13.9,23.0,0.0,0.0,0.10797783,10,4,7,0,,,,0.50946665,0.0,0.0,0.0,0.0
0.21,0.21,0.5,0.21,12.2,26.0,0.0,0.0,0.11337999,10,5,7,0,,,,0.50795,0.0,0.0,0.0,0.0
0.21,0.21,0.5,0.21,12.2,26.0,0.0,0.0,0.12241605,10,6,7,0,,,,0.5066,0.0,0.0,0.0,0.0
0.21,0.21,0.5,0.21,13.9,23.0,40.0,81.0,0.13466051,10,7,7,0,,,,0.5067,0.0,0.0,0.0,0.0
0.21,0.21,0.5,0.21,17.8,18.0,167.0,326.0,0.1304248,10,8,7,0,,,,0.50705,0.0,0.0,0.0,31.720833
0.21,0.21,0.21,0.21,21.1,13.0,336.0,521.0,0.12937249,10,9,7,0,,,,0.55376667,0.0,0.0,0.0,61.954166
0.21,0.5,0.21,0.21,22.8,12.0,513.0,586.0,0.12462482,10,10,7,0,,,,0.9670333,0.0,0.0,0.0,91.291664
0.21,0.5,0.21,0.21,24.4,11.0,626.0,695.0,0.12163563,10,11,7,0,,,,1.2102833,0.0,0.0,0.0,240.825
0.21,0.5,0.21,0.21,26.1,11.0,598.0,549.0,0.12174464,10,12,7,0,,,,1.2970667,0.0,0.0,0.0,177.89166
0.21,0.5,0.21,0.21,26.7,10.0,602.0,595.0,0.119891405,10,13,7,0,,,,0.9314833,0.0,0.0,0.0,93.85833
0.21,0.5,0.21,0.21,25.0,13.0,347.0,144.0,0.11778694,10,14,7,0,,,,0.9213833,0.0,0.0,0.0,53.541668
0.21,0.21,0.21,0.21,22.2,29.0,353.0,216.0,0.12233717,10,15,7,0,,,,0.81818336,0.0,0.0,0.0,17.358334
0.5,0.21,0.21,0.5,20.6,36.0,185.0,118.0,0.1292427,10,16,7,0,,,,0.82988334,0.0,0.0,0.0,0.99583334
0.5,0.21,0.21,0.5,19.4,37.0,43.0,48.0,0.13893035,10,17,7,0,,,,1.0775,0.0,0.0,0.0,0.0
0.5,0.21,0.21,0.5,18.9,37.0,0.0,0.0,0.14441939,10,18,7,0,,,,1.4414667,0.0,0.0,0.0,0.0
0.5,0.21,0.21,0.5,18.3,47.0,0.0,0.0,0.14551781,10,19,7,0,,,,1.5478,0.0,0.0,0.0,0.0
0.5,0.21,0.21,0.5,17.2,50.0,0.0,0.0,0.14528398,10,20,7,0,,,,2.6866834,0.0,0.0,0.0,0.0
0.21,0.21,0.21,0.21,17.2,54.0,0.0,0.0,0.13265511,10,21,7,0,,,,1.0010333,0.0,0.0,0.0,0.0
0.21,0.21,0.21,0.21,17.8,52.0,0.0,0.0,0.116278134,10,22,7,0,,,,0.74558336,0.0,0.0,0.0,0.0
0.21,0.21,0.21,0.21,17.2,37.0,0.0,0.0,0.105706595,10,23,7,0,,,,0.4896,0.0,0.0,0.0,0.0
0.21,0.21,0.21,0.21,16.6,78.0,0.0,0.0,0.106157,10,24,7,0,,,,0.4016,0.0,0.0,0.0,0.0
0.21,0.21,0.21,0.21,15.6,41.0,0.0,0.0,0.09934802,10,1,1,0,,,,0.40028334,0.0,0.0,0.0,0.0
0.21,0.21,0.21,0.21,16.1,37.0,0.0,0.0,0.09697533,10,2,1,0,,,,0.40023333,0.0,0.0,0.0,0.0
0.21,0.21,0.21,0.21,15.6,30.0,0.0,0.0,0.096773565,10,3,1,0,,,,0.39783335,0.0,0.0,0.0,0.0
0.21,0.21,0.5,0.21,14.4,36.0,0.0,0.0,0.099420615,10,4,1,0,,,,0.39638335,0.0,0.0,0.0,0.0
0.21,0.21,0.5,0.21,13.9,32.0,0.0,0.0,0.11602573,10,5,1,0,,,,0.39441666,0.0,0.0,0.0,0.0
0.21,0.21,0.5,0.21,13.3,30.0,0.0,0.0,0.13190097,10,6,1,0,,,,0.4213,0.0,0.0,0.0,0.0
0.21,0.21,0.5,0.21,13.9,28.0,38.0,108.0,0.14028192,10,7,1,0,,,,0.46608335,0.0,0.0,0.0,9.479167
0.21,0.21,0.5,0.21,18.3,21.0,180.0,438.0,0.14971007,10,8,1,0,,,,0.45096666,0.0,0.0,0.0,54.575
0.21,0.21,0.21,0.21,21.7,17.0,316.0,424.0,0.15242025,10,9,1,0,,,,0.78938335,0.0,0.0,0.0,170.24167
0.21,0.5,0.21,0.21,23.9,13.0,464.0,576.0,0.14463803,10,10,1,0,,,,0.31011668,0.0,0.0,0.0,234.49167
0.21,0.5,0.21,0.21,23.3,25.0,673.0,871.0,0.14076903,10,11,1,0,,,,0.31485,0.0,0.0,0.0,326.14584
0.21,0.5,0.21,0.21,21.7,29.0,612.0,662.0,0.14264019,10,12,1,0,,,,0.32096666,0.0,0.0,0.0,438.05
0.21,0.5,0.21,0.21,21.7,29.0,650.0,829.0,0.14164345,10,13,1,0,,,,0.30946666,0.0,0.0,0.0,231.27916
0.21,0.5,0.21,0.21,21.7,30.0,586.0,883.0,0.13722226,10,14,1,0,,,,0.31181666,0.0,0.0,0.0,254.37083
0.21,0.21,0.21,0.21,21.1,29.0,439.0,823.0,0.13631716,10,15,1,0,,,,0.31203333,0.0,0.0,0.0,246.53334
0.5,0.21,0.21,0.5,21.1,31.0,248.0,685.0,0.14538744,10,16,1,0,,,,0.36708334,0.0,0.0,0.0,57.254166
0.5,0.21,0.21,0.5,18.3,40.0,64.0,349.0,0.1528361,10,17,1,0,,,,0.6368333,0.0,0.0,0.0,9.345834
0.5,0.21,0.21,0.5,16.7,63.0,0.0,0.0,0.15165794,10,18,1,0,,,,0.87123334,0.0,0.0,0.0,0.0
0.5,0.21,0.21,0.5,16.1,70.0,0.0,0.0,0.15363277,10,19,1,0,,,,0.96585,0.0,0.0,0.0,0.0
0.5,0.21,0.21,0.5,16.7,65.0,0.0,0.0,0.15298136,10,20,1,0,,,,0.8896833,0.0,0.0,0.0,0.0
0.21,0.21,0.21,0.21,16.1,72.0,0.0,0.0,0.14686143,10,21,1,0,,,,1.0525833,0.0,0.0,0.0,0.0
0.21,0.21,0.21,0.21,16.3,72.0,0.0,0.0,0.12997518,10,22,1,0,,,,1.0745667,0.0,0.0,0.0,0.0
0.21,0.21,0.21,0.21,16.4,75.0,0.0,0.0,0.116835505,10,23,1,0,,,,0.8269333,0.0,0.0,0.0,0.0
0.21,0.21,0.21,0.21,17.2,90.0,0.0,0.0,0.105028346,10,24,1,0,,,,0.54025835,0.0,0.0,0.0,0.0
0.21,0.21,0.21,0.21,16.7,100.0,0.0,0.0,0.09926665,11,1,2,0,,,,0.39996666,0.0,0.0,0.0,0.0
0.21,0.21,0.21,0.21,16.9,97.0,0.0,0.0,0.097904086,11,2,2,0,,,,0.39808333,0.0,0.0,0.0,0.0
0.21,0.21,0.21,0.21,17.0,93.0,0.0,0.0,0.09832714,11,3,2,0,,,,0.39743334,0.0,0.0,0.0,0.0
0.21,0.21,0.5,0.21,17.2,100.0,0.0,0.0,0.10148187,11,4,2,0,,,,0.3978,0.0,0.0,0.0,0.0
0.21,0.21,0.5,0.21,17.2,97.0,0.0,0.0,0.1140596,11,5,2,0,,,,0.39353332,0.0,0.0,0.0,0.0
0.21,0.21,0.5,0.21,17.2,93.0,0.0,0.0,0.13327453,11,6,2,0,,,,0.53286666,0.0,0.0,0.0,0.0
0.21,0.21,0.5,0.21,17.8,87.0,25.0,0.0,0.1464681,11,7,2,0,,,,0.8109,0.0,0.0,0.0,9.0125
0.21,0.21,0.5,0.21,18.3,84.0,94.0,63.0,0.15481737,11,8,2,0,,,,0.46936667,0.0,0.0,0.0,48.179165
0.21,0.21,0.21,0.21,18.9,81.0,235.0,118.0,0.14918856,11,9,2,0,,,,0.30986667,0.0,0.0,0.0,71.49167
0.21,0.5,0.21,0.21,19.4,78.0,293.0,82.0,0.15196969,11,10,2,0,,,,0.30913332,0.0,0.0,0.0,168.9875
0.21,0.5,0.21,0.21,18.3,84.0,285.0,192.0,0.15484281,11,11,2,0,,,,0.30786666,0.0,0.0,0.0,242.14166
0.21,0.5,0.21,0.21,19.4,87.0,397.0,202.0,0.15522458,11,12,2,0,,,,0.31405,0.0,0.0,0.0,301.48334
0.21,0.5,0.21,0.21,20.0,76.0,369.0,112.0,0.15680969,11,13,2,0,,,,0.30803335,0.0,0.0,0.0,250.7
0.21,0.5,0.21,0.21,19.4,81.0,379.0,233.0,0.14804941,11,14,2,0,,,,0.4381,0.0,0.0,0.0,215.23334
0.21,0.21,0.21,0.21,20.6,81.0,361.0,409.0,0.14995548,11,15,2,0,,,,0.69215,0.0,0.0,0.0,114.3875
0.5,0.21,0.21,0.5,18.9,87.0,154.0,94.0,0.16144028,11,16,2,0,,,,0.95455,0.0,0.0,0.0,290.15
0.5,0.21,0.21,0.5,18.9,90.0,27.0,10.0,0.1610166,11,17,2,0,,,,0.92583334,0.0,0.0,0.0,66.691666
0.5,0.21,0.21,0.5,18.3,93.0,0.0,0.0,0.16167414,11,18,2,0,,,,0.99815,0.0,0.0,0.0,0.0
0.5,0.21,0.21,0.5,18.3,93.0,0.0,0.0,0.16597402,11,19,2,0,,,,3.0787833,0.0,0.0,0.0,0.0
0.5,0.21,0.21,0.5,17.8,97.0,0.0,0.0,0.16071454,11,20,2,0,,,,1.33245,0.0,0.0,0.0,0.0
0.21,0.21,0.21,0.21,17.8,93.0,0.0,0.0,0.1506775,11,21,2,0,,,,1.2396166,0.0,0.0,0.0,0.0
0.21,0.21,0.21,0.21,17.2,93.0,0.0,0.0,0.12926596,11,22,2,0,,,,0.8456,0.0,0.0,0.0,0.0
0.21,0.21,0.21,0.21,17.2,90.0,0.0,0.0,0.1168271,11,23,2,0,,,,0.62093335,0.0,0.0,0.0,0.0
0.21,0.21,0.21,0.21,15.6,75.0,0.0,0.0,0.10051913,11,24,2,0,,,,0.3969,0.0,0.0,0.0,0.0
0.21,0.21,0.21,0.21,17.2,90.0,0.0,0.0,0.10166865,11,1,3,0,,,,0.39695,0.0,0.0,0.0,0.0
0.21,0.21,0.21,0.21,16.7,90.0,0.0,0.0,0.098063454,11,2,3,0,,,,0.39681667,0.0,0.0,0.0,0.0
0.21,0.21,0.21,0.21,16.7,84.0,0.0,0.0,0.09986822,11,3,3,0,,,,0.39696667,0.0,0.0,0.0,0.0
0.21,0.21,0.5,0.21,16.7,84.0,0.0,0.0,0.1043732,11,4,3,0,,,,0.3963,0.0,0.0,0.0,0.0
0.21,0.21,0.5,0.21,16.7,84.0,0.0,0.0,0.111163214,11,5,3,0,,,,0.39488333,0.0,0.0,0.0,0.0
0.21,0.21,0.5,0.21,16.7,81.0,0.0,0.0,0.12193326,11,6,3,0,,,,0.47718334,0.0,0.0,0.0,0.0
0.21,0.21,0.5,0.21,16.7,81.0,23.0,2.0,0.1316293,11,7,3,0,,,,0.42866668,0.0,0.0,0.0,1.0833334
0.21,0.21,0.5,0.21,17.2,78.0,112.0,36.0,0.13446309,11,8,3,0,,,,0.32516667,0.0,0.0,0.0,22.870832
0.21,0.21,0.21,0.21,17.2,81.0,205.0,122.0,0.13767833,11,9,3,0,,,,0.7189,0.0,0.0,0.0,122.1625
0.21,0.5,0.21,0.21,17.2,78.0,344.0,254.0,0.13449825,11,10,3,0,,,,0.49281666,0.0,0.0,0.0,295.20416
0.21,0.5,0.21,0.21,18.3,73.0,612.0,765.0,0.13994578,11,11,3,0,,,,0.31883332,0.0,0.0,0.0,435.62082
0.21,0.5,0.21,0.21,17.2,75.0,600.0,671.0,0.14571151,11,12,3,0,,,,0.32176667,0.0,0.0,0.0,525.8958
0.21,0.5,0.21,0.21,17.8,70.0,591.0,638.0,0.14453419,11,13,3,0,,,,0.32931668,0.0,0.0,0.0,565.07086
0.21,0.5,0.21,0.21,18.3,65.0,490.0,605.0,0.14497535,11,14,3,0,,,,0.31546667,0.0,0.0,0.0,553.3958
0.21,0.21,0.21,0.21,17.8,65.0,365.0,475.0,0.14754972,11,15,3,0,,,,0.31378335,0.0,0.0,0.0,481.9875
0.5,0.21,0.21,0.5,17.8,68.0,152.0,239.0,0.15372159,11,16,3,0,,,,0.47436666,0.0,0.0,0.0,346.82083
0.5,0.21,0.21,0.5,17.2,65.0,47.0,80.0,0.14967896,11,17,3,0,,,,0.5678,0.0,0.0,0.0,101.691666
0.5,0.21,0.21,0.5,16.7,70.0,0.0,0.0,0.1502498,11,18,3,0,,,,0.6310833,0.0,0.0,0.0,0.0
0.5,0.21,0.21,0.5,16.7,67.0,0.0,0.0,0.14827603,11,19,3,0,,,,0.80305,0.0,0.0,0.0,0.0
0.5,0.21,0.21,0.5,16.7,73.0,0.0,0.0,0.14039132,11,20,3,0,,,,0.7349,0.0,0.0,0.0,0.0
0.21,0.21,0.21,0.21,16.1,72.0,0.0,0.0,0.1299875,11,21,3,0,,,,2.4362166,0.0,0.0,0.0,0.0
0.21,0.21,0.21,0.21,15.0,78.0,0.0,0.0,0.11006513,11,22,3,0,,,,1.09315,0.0,0.0,0.0,0.0
0.21,0.21,0.21,0.21,15.6,75.0,0.0,0.0,0.101493426,11,23,3,0,,,,0.56876665,0.0,0.0,0.0,0.0
0.21,0.21,0.21,0.21,16.1,87.0,0.0,0.0,0.09384502,11,24,3,0,,,,0.40635,0.0,0.0,0.0,0.0
0.21,0.21,0.21,0.21,15.0,75.0,0.0,0.0,0.09157096,11,1,4,0,,,,0.40165,0.0,0.0,0.0,0.0
0.21,0.21,0.21,0.21,14.4,72.0,0.0,0.0,0.090757325,11,2,4,0,,,,0.40371665,0.0,0.0,0.0,0.0
0.21,0.21,0.21,0.21,13.9,78.0,0.0,0.0,0.092322804,11,3,4,0,,,,0.40175,0.0,0.0,0.0,0.0
0.21,0.21,0.5,0.21,14.4,78.0,0.0,0.0,0.098015286,11,4,4,0,,,,0.40101665,0.0,0.0,0.0,0.0
0.21,0.21,0.5,0.21,13.3,80.0,0.0,0.0,0.11113345,11,5,4,0,,,,0.40033334,0.0,0.0,0.0,0.0
0.21,0.21,0.5,0.21,13.3,80.0,0.0,0.0,0.1281118,11,6,4,0,,,,0.46631667,0.0,0.0,0.0,0.0
0.21,0.21,0.5,0.21,13.3,83.0,34.0,98.0,0.1423789,11,7,4,0,,,,0.80231667,0.0,0.0,0.0,3.1458333
0.21,0.21,0.5,0.21,15.0,75.0,174.0,498.0,0.14067845,11,8,4,0,,,,0.7324333,0.0,0.0,0.0,23.920834
0.21,0.21,0.21,0.21,17.2,61.0,361.0,687.0,0.14694315,11,9,4,0,,,,0.3193,0.0,0.0,0.0,116.45417
0.21,0.5,0.21,0.21,18.9,57.0,524.0,785.0,0.14531006,11,10,4,0,,,,0.31155,0.0,0.0,0.0,282.14166
0.21,0.5,0.21,0.21,19.4,53.0,629.0,828.0,0.14310937,11,11,4,0,,,,0.31925,0.0,0.0,0.0,416.29166
0.21,0.5,0.21,0.21,18.3,54.0,633.0,681.0,0.14269365,11,12,4,0,,,,0.321425,0.0,0.0,0.0,504.93542
0.21,0.5,0.21,0.21,20.6,53.0,618.0,777.0,0.14382225,11,13,4,0,,,,0.31591666,0.0,0.0,0.0,545.0875
0.21,0.5,0.21,0.21,18.9,63.0,554.0,797.0,0.14543074,11,14,4,0,,,,0.30913332,0.0,0.0,0.0,531.29584
0.21,0.21,0.21,0.21,18.3,68.0,391.0,678.0,0.13558291,11,15,4,0,,,,0.30158332,0.0,0.0,0.0,460.525
0.5,0.21,0.21,0.5,18.3,68.0,218.0,555.0,0.13432173,11,16,4,0,,,,0.47181666,0.0,0.0,0.0,326.42084
0.5,0.21,0.21,0.5,16.7,75.0,51.0,190.0,0.13577907,11,17,4,0,,,,1.40635,0.0,0.0,0.0,84.879166
0.5,0.21,0.21,0.5,16.1,78.0,0.0,0.0,0.14337131,11,18,4,0,,,,0.36123332,0.0,0.0,0.0,0.0
0.5,0.21,0.21,0.5,16.1,78.0,0.0,0.0,0.14657216,11,19,4,0,,,,0.76035,0.0,0.0,0.0,0.0
0.5,0.21,0.21,0.5,16.1,78.0,0.0,0.0,0.15224135,11,20,4,0,,,,2.4514832,0.0,0.0,0.0,0.0
0.21,0.21,0.21,0.21,15.6,84.0,0.0,0.0,0.15563096,11,21,4,0,,,,1.1652666,0.0,0.0,0.0,0.0
0.21,0.21,0.21,0.21,16.1,84.0,0.0,0.0,0.13260965,11,22,4,0,,,,2.71555,0.0,0.0,0.0,0.0
0.21,0.21,0.21,0.21,16.1,84.0,0.0,0.0,0.121353164,11,23,4,0,,,,0.27183333,0.0,0.0,0.0,0.0
0.21,0.21,0.21,0.21,14.4,84.0,0.0,0.0,0.09971992,11,24,4,0,,,,0.27438334,0.0,0.0,0.0,0.0
0.21,0.21,0.21,0.21,15.6,90.0,0.0,0.0,0.09815923,11,1,5,0,,,,0.27505,0.0,0.0,0.0,0.0
0.21,0.21,0.21,0.21,15.0,90.0,0.0,0.0,0.10011573,11,2,5,0,,,,0.26878333,0.0,0.0,0.0,0.0
0.21,0.21,0.21,0.21,15.0,93.0,0.0,0.0,0.10028706,11,3,5,0,,,,0.26971668,0.0,0.0,0.0,0.0
0.21,0.21,0.5,0.21,14.4,93.0,0.0,0.0,0.10348778,11,4,5,0,,,,0.2687,0.0,0.0,0.0,0.0
0.21,0.21,0.5,0.21,14.4,97.0,0.0,0.0,0.105043374,11,5,5,0,,,,0.26756668,0.0,0.0,0.0,0.0
0.21,0.21,0.5,0.21,14.4,97.0,0.0,0.0,0.11040598,11,6,5,0,,,,0.39946666,0.0,0.0,0.0,0.0
0.21,0.21,0.5,0.21,14.4,97.0,30.0,6.0,0.11962337,11,7,5,0,,,,0.5008,0.0,0.0,0.0,1.325
0.21,0.21,0.5,0.21,15.6,87.0,91.0,14.0,0.12248303,11,8,5,0,,,,0.57075,0.0,0.0,0.0,22.466667
0.21,0.21,0.21,0.21,16.1,87.0,175.0,1.0,0.14069323,11,9,5,0,,,,0.30641666,0.0,0.0,0.0,110.870834
0.21,0.5,0.21,0.21,16.7,84.0,185.0,6.0,0.1323558,11,10,5,0,,,,0.26706666,0.0,0.0,0.0,269.88333
0.21,0.5,0.21,0.21,17.8,75.0,438.0,159.0,0.13295376,11,11,5,0,,,,0.27293333,0.0,0.0,0.0,398.025
0.21,0.5,0.21,0.21,18.9,68.0,497.0,274.0,0.13230415,11,12,5,0,,,,0.27715,0.0,0.0,0.0,482.79584
0.21,0.5,0.21,0.21,19.4,66.0,263.0,92.0,0.13096842,11,13,5,0,,,,0.27735,0.0,0.0,0.0,525.44165
0.21,0.5,0.21,0.21,18.9,73.0,354.0,240.0,0.130622,11,14,5,0,,,,0.27148333,0.0,0.0,0.0,509.1875
0.21,0.21,0.21,0.21,18.3,76.0,209.0,65.0,0.12685491,11,15,5,0,,,,2.34615,0.0,0.0,0.0,438.27917
0.5,0.21,0.21,0.5,17.8,78.0,114.0,55.0,0.12783752,11,16,5,0,,,,2.0386333,0.0,0.0,0.0,273.65417
0.5,0.21,0.21,0.5,17.2,81.0,25.0,1.0,0.13335866,11,17,5,0,,,,1.0509833,0.0,0.0,0.0,78.32917
0.5,0.21,0.21,0.5,17.2,84.0,0.0,0.0,0.13871866,11,18,5,0,,,,0.9999667,0.0,0.0,0.0,0.0
0.5,0.21,0.21,0.5,16.7,84.0,0.0,0.0,0.14075154,11,19,5,0,,,,1.2384167,0.0,0.0,0.0,0.0
0.5,0.21,0.21,0.5,15.0,93.0,0.0,0.0,0.12765008,11,20,5,0,,,,1.6482333,0.0,0.0,0.0,0.0
0.21,0.21,0.21,0.21,14.4,93.0,0.0,0.0,0.119328156,11,21,5,0,,,,0.99808335,0.0,0.0,0.0,0.0
0.21,0.21,0.21,0.21,14.4,87.0,0.0,0.0,0.10996071,11,22,5,0,,,,0.97655,0.0,0.0,0.0,0.0
0.21,0.21,0.21,0.21,14.4,84.0,0.0,0.0,0.09515195,11,23,5,0,,,,2.2903166,0.0,0.0,0.0,0.0
0.21,0.21,0.21,0.21,13.3,87.0,0.0,0.0,0.096663706,11,24,5,0,,,,1.0557916,0.0,0.0,0.0,0.0
0.21,0.21,0.21,0.21,14.4,84.0,0.0,0.0,0.110307075,11,1,6,0,,,,1.15745,0.0,0.0,0.0,0.0
0.21,0.21,0.21,0.21,14.4,81.0,0.0,0.0,0.09318528,11,2,6,0,,,,0.5944833,0.0,0.0,0.0,0.0
0.21,0.21,0.21,0.21,13.9,90.0,0.0,0.0,0.07890798,11,3,6,0,,,,0.5507,0.0,0.0,0.0,0.0
0.21,0.21,0.5,0.21,13.9,87.0,0.0,0.0,0.078261845,11,4,6,0,,,,0.44375,0.0,0.0,0.0,0.0
0.21,0.21,0.5,0.21,13.9,90.0,0.0,0.0,0.08296663,11,5,6,0,,,,0.31853333,0.0,0.0,0.0,0.0
0.21,0.21,0.5,0.21,13.9,97.0,0.0,0.0,0.086419985,11,6,6,0,,,,0.31608334,0.0,0.0,0.0,0.0
0.21,0.21,0.5,0.21,13.9,87.0,22.0,2.0,0.08893488,11,7,6,0,,,,0.30743334,0.0,0.0,0.0,1.8791667
0.21,0.21,0.5,0.21,15.0,78.0,49.0,0.0,0.09472293,11,8,6,0,,,,0.31143335,0.0,0.0,0.0,22.833334
0.21,0.21,0.21,0.21,15.6,75.0,111.0,5.0,0.09848027,11,9,6,0,,,,0.31071666,0.0,0.0,0.0,108.675
0.21,0.5,0.21,0.21,15.6,75.0,132.0,6.0,0.10325308,11,10,6,0,,,,0.43296668,0.0,0.0,0.0,266.17084
0.21,0.5,0.21,0.21,16.1,75.0,407.0,190.0,0.10600384,11,11,6,0,,,,1.0967,0.0,0.0,0.0,396.4625
0.21,0.5,0.21,0.21,17.8,68.0,324.0,47.0,0.10595551,11,12,6,0,,,,1.4063667,0.0,0.0,0.0,483.9
0.21,0.5,0.21,0.21,18.3,65.0,220.0,46.0,0.10582671,11,13,6,0,,,,0.80798334,0.0,0.0,0.0,522.63336
0.21,0.5,0.21,0.21,14.4,87.0,108.0,0.0,0.10748715,11,14,6,0,,,,0.69985,0.0,0.0,0.0,509.12082
0.21,0.21,0.21,0.21,16.1,84.0,164.0,96.0,0.11407742,11,15,6,0,,,,0.33836666,0.0,0.0,0.0,443.55417
0.5,0.21,0.21,0.5,15.6,81.0,85.0,18.0,0.12708664,11,16,6,0,,,,1.429,0.0,0.0,0.0,306.96667
0.5,0.21,0.21,0.5,15.0,84.0,33.0,7.0,0.13621522,11,17,6,0,,,,0.26456666,0.0,0.0,0.0,73.57083
0.5,0.21,0.21,0.5,13.9,90.0,0.0,0.0,0.13031834,11,18,6,0,,,,0.268,0.0,0.0,0.0,0.0
0.5,0.21,0.21,0.5,13.9,87.0,0.0,0.0,0.124609746,11,19,6,0,,,,0.26111665,0.0,0.0,0.0,0.0
0.5,0.21,0.21,0.5,13.3,90.0,0.0,0.0,0.118185505,11,20,6,0,,,,1.76195,0.0,0.0,0.0,0.0
0.21,0.21,0.21,0.21,13.3,90.0,0.0,0.0,0.11098892,11,21,6,0,,,,0.70201665,0.0,0.0,0.0,0.0
0.21,0.21,0.21,0.21,13.3,90.0,0.0,0.0,0.0956308,11,22,6,0,,,,0.7043167,0.0,0.0,0.0,0.0
0.21,0.21,0.21,0.21,13.3,87.0,0.0,0.0,0.09176156,11,23,6,0,,,,0.7076167,0.0,0.0,0.0,0.0
0.21,0.21,0.21,0.21,14.4,84.0,0.0,0.0,0.07478041,11,24,6,0,,,,0.7473583,0.0,0.0,0.0,0.0
0.21,0.21,0.21,0.21,13.3,83.0,0.0,0.0,0.07038287,11,1,7,0,,,,0.4069,0.0,0.0,0.0,0.0
0.21,0.21,0.21,0.21,13.3,80.0,0.0,0.0,0.07973184,11,2,7,0,,,,0.40856665,0.0,0.0,0.0,0.0
0.21,0.21,0.21,0.21,13.3,83.0,0.0,0.0,0.08148672,11,3,7,0,,,,0.40095,0.0,0.0,0.0,0.0
0.21,0.21,0.5,0.21,13.3,87.0,0.0,0.0,0.08217973,11,4,7,0,,,,0.4079,0.0,0.0,0.0,0.0
0.21,0.21,0.5,0.21,12.8,90.0,0.0,0.0,0.10310178,11,5,7,0,,,,0.40838334,0.0,0.0,0.0,0.0
0.21,0.21,0.5,0.21,12.8,87.0,0.0,0.0,0.12879905,11,6,7,0,,,,0.3646,0.0,0.0,0.0,0.0
0.21,0.21,0.5,0.21,12.8,90.0,31.0,101.0,0.149943,11,7,7,0,,,,0.4011,0.0,0.0,0.0,25.620832
0.21,0.21,0.5,0.21,15.0,78.0,167.0,517.0,0.15304722,11,8,7,0,,,,0.44095,0.0,0.0,0.0,108.25
0.21,0.21,0.21,0.21,16.7,73.0,353.0,708.0,0.16027828,11,9,7,0,,,,1.1289667,0.0,0.0,0.0,266.6375
0.21,0.5,0.21,0.21,17.8,70.0,481.0,664.0,0.1610603,11,10,7,0,,,,0.62593335,0.0,0.0,0.0,394.07916
0.21,0.5,0.21,0.21,18.3,68.0,576.0,683.0,0.15969154,11,11,7,0,,,,0.55805,0.0,0.0,0.0,476.35416
0.21,0.5,0.21,0.21,18.9,65.0,639.0,776.0,0.16128728,11,12,7,0,,,,0.86361665,0.0,0.0,0.0,515.05414
0.21,0.5,0.21,0.21,18.9,65.0,541.0,621.0,0.16229472,11,13,7,0,,,,1.7855667,0.0,0.0,0.0,493.10416
0.21,0.5,0.21,0.21,18.9,65.0,536.0,682.0,0.16593781,11,14,7,0,,,,1.5671,0.0,0.0,0.0,417.34583
0.21,0.21,0.21,0.21,17.8,73.0,357.0,526.0,0.16123408,11,15,7,0,,,,0.7638,0.0,0.0,0.0,196.72917
0.5,0.21,0.21,0.5,17.2,73.0,158.0,252.0,0.17178552,11,16,7,0,,,,1.22255,0.0,0.0,0.0,27.875
0.5,0.21,0.21,0.5,16.7,75.0,44.0,72.0,0.1773752,11,17,7,0,,,,1.6906667,0.0,0.0,0.0,0.0
0.5,0.21,0.21,0.5,16.1,97.0,0.0,0.0,0.17486437,11,18,7,0,,,,0.96278334,0.0,0.0,0.0,0.0
0.5,0.21,0.21,0.5,16.1,78.0,0.0,0.0,0.17063408,11,19,7,0,,,,0.6350667,0.0,0.0,0.0,0.0
0.5,0.21,0.21,0.5,16.7,78.0,0.0,0.0,0.15914075,11,20,7,0,,,,1.06975,0.0,0.0,0.0,0.0
0.21,0.21,0.21,0.21,15.6,81.0,0.0,0.0,0.14444388,11,21,7,0,,,,2.1968668,0.0,0.0,0.0,0.0
0.21,0.21,0.21,0.21,15.6,84.0,0.0,0.0,0.12401194,11,22,7,0,,,,1.5205834,0.0,0.0,0.0,0.0
0.21,0.21,0.21,0.21,15.6,81.0,0.0,0.0,0.114303,11,23,7,0,,,,2.0405166,0.0,0.0,0.0,0.0
0.21,0.21,0.21,0.21,15.6,93.0,0.0,0.0,0.11901699,11,24,7,0,,,,0.38943332,0.0,0.0,0.0,0.0
0.21,0.21,0.21,0.21,13.9,90.0,0.0,0.0,0.11938268,11,1,1,0,,,,0.40611666,0.0,0.0,0.0,0.0
0.21,0.21,0.21,0.21,13.9,87.0,0.0,0.0,0.11359271,11,2,1,0,,,,0.40135,0.0,0.0,0.0,0.0
0.21,0.21,0.21,0.21,13.3,90.0,0.0,0.0,0.11021115,11,3,1,0,,,,0.40005,0.0,0.0,0.0,0.0
0.21,0.21,0.5,0.21,13.3,90.0,0.0,0.0,0.11809481,11,4,1,0,,,,0.40023333,0.0,0.0,0.0,0.0
0.21,0.21,0.5,0.21,12.2,93.0,0.0,0.0,0.1351738,11,5,1,0,,,,0.39685,0.0,0.0,0.0,0.0
0.21,0.21,0.5,0.21,12.2,96.0,0.0,0.0,0.15316452,11,6,1,0,,,,0.73695,0.0,0.0,0.0,0.0
0.21,0.21,0.5,0.21,11.7,96.0,22.0,11.0,0.1686129,11,7,1,0,,,,0.7948,0.0,0.0,0.0,22.1125
0.21,0.21,0.5,0.21,14.4,87.0,131.0,219.0,0.16951725,11,8,1,0,,,,0.38911667,0.0,0.0,0.0,103.725
0.21,0.21,0.21,0.21,16.1,78.0,313.0,502.0,0.17050546,11,9,1,0,,,,0.43743333,0.0,0.0,0.0,259.1625
0.21,0.5,0.21,0.21,17.8,75.0,461.0,600.0,0.16884191,11,10,1,0,,,,0.3211,0.0,0.0,0.0,385.925
0.21,0.5,0.21,0.21,18.9,68.0,478.0,348.0,0.17754178,11,11,1,0,,,,0.32041666,0.0,0.0,0.0,463.7
0.21,0.5,0.21,0.21,18.9,73.0,505.0,485.0,0.17793292,11,12,1,0,,,,0.27475,0.0,0.0,0.0,498.78333
0.21,0.5,0.21,0.21,18.9,70.0,597.0,686.0,0.18482786,11,13,1,0,,,,0.27236667,0.0,0.0,0.0,487.8375
0.21,0.5,0.21,0.21,18.9,70.0,502.0,634.0,0.1787772,11,14,1,0,,,,0.27235,0.0,0.0,0.0,417.10834
0.21,0.21,0.21,0.21,18.9,73.0,355.0,539.0,0.17995822,11,15,1,0,,,,0.31946668,0.0,0.0,0.0,240.98334
0.5,0.21,0.21,0.5,18.3,78.0,179.0,353.0,0.18406512,11,16,1,0,,,,0.42375,0.0,0.0,0.0,10.558333
0.5,0.21,0.21,0.5,16.7,84.0,39.0,54.0,0.19201458,11,17,1,0,,,,0.7561833,0.0,0.0,0.0,0.0
0.5,0.21,0.21,0.5,16.7,87.0,0.0,0.0,0.19468276,11,18,1,0,,,,0.9658833,0.0,0.0,0.0,0.0
0.5,0.21,0.21,0.5,16.1,90.0,0.0,0.0,0.19620754,11,19,1,0,,,,0.5096667,0.0,0.0,0.0,0.0
0.5,0.21,0.21,0.5,16.7,87.0,0.0,0.0,0.18480477,11,20,1,0,,,,0.6923,0.0,0.0,0.0,0.0
0.21,0.21,0.21,0.21,16.7,90.0,0.0,0.0,0.17235327,11,21,1,0,,,,0.97323334,0.0,0.0,0.0,0.0
0.21,0.21,0.21,0.21,16.1,90.0,0.0,0.0,0.14840232,11,22,1,0,,,,1.1382,0.0,0.0,0.0,0.0
0.21,0.21,0.21,0.21,15.6,93.0,0.0,0.0,0.13092081,11,23,1,0,,,,2.6655667,0.0,0.0,0.0,0.0
0.21,0.21,0.21,0.21,15.6,93.0,0.0,0.0,0.11945535,11,24,1,0,,,,2.2838416,0.0,0.0,0.0,0.0
0.21,0.21,0.21,0.21,14.4,97.0,0.0,0.0,0.1246311,11,1,2,0,,,,0.36405,0.0,0.0,0.0,0.0
0.21,0.21,0.21,0.21,13.9,100.0,0.0,0.0,0.109552525,11,2,2,0,,,,0.36045,0.0,0.0,0.0,0.0
0.21,0.21,0.21,0.21,13.3,97.0,0.0,0.0,0.11321314,11,3,2,0,,,,0.35728332,0.0,0.0,0.0,0.0
0.21,0.21,0.5,0.21,13.3,97.0,0.0,0.0,0.12101552,11,4,2,0,,,,0.35763332,0.0,0.0,0.0,0.0
0.21,0.21,0.5,0.21,12.8,100.0,0.0,0.0,0.13986208,11,5,2,0,,,,0.35555,0.0,0.0,0.0,0.0
0.21,0.21,0.5,0.21,12.2,100.0,0.0,0.0,0.16135852,11,6,2,0,,,,0.48813334,0.0,0.0,0.0,0.0
0.21,0.21,0.5,0.21,11.7,100.0,26.0,49.0,0.17686772,11,7,2,0,,,,0.6727333,0.0,0.0,0.0,17.9
0.21,0.21,0.5,0.21,13.9,93.0,152.0,390.0,0.18407765,11,8,2,0,,,,0.27203333,0.0,0.0,0.0,98.754166
0.21,0.21,0.21,0.21,17.2,81.0,337.0,703.0,0.18941262,11,9,2,0,,,,0.2717,0.0,0.0,0.0,255.00417
0.21,0.5,0.21,0.21,18.3,78.0,505.0,812.0,0.19168435,11,10,2,0,,,,0.27828333,0.0,0.0,0.0,388.14166
0.21,0.5,0.21,0.21,20.6,68.0,610.0,854.0,0.18939725,11,11,2,0,,,,0.28306666,0.0,0.0,0.0,477.41666
0.21,0.5,0.21,0.21,20.0,73.0,648.0,863.0,0.18291476,11,12,2,0,,,,0.2859,0.0,0.0,0.0,509.7375
0.21,0.5,0.21,0.21,19.4,76.0,619.0,848.0,0.17765519,11,13,2,0,,,,0.2761,0.0,0.0,0.0,500.2625
0.21,0.5,0.21,0.21,19.4,78.0,532.0,817.0,0.17551152,11,14,2,0,,,,0.27395,0.0,0.0,0.0,430.8
0.21,0.21,0.21,0.21,18.9,81.0,389.0,747.0,0.175079,11,15,2,0,,,,1.9324833,0.0,0.0,0.0,296.48334
0.5,0.21,0.21,0.5,18.3,84.0,207.0,589.0,0.18226293,11,16,2,0,,,,0.39716667,0.0,0.0,0.0,69.65
0.5,0.21,0.21,0.5,17.8,87.0,41.0,116.0,0.19411102,11,17,2,0,,,,1.5982833,0.0,0.0,0.0,0.0
0.5,0.21,0.21,0.5,17.2,87.0,0.0,0.0,0.19617897,11,18,2,0,,,,0.6636,0.0,0.0,0.0,0.0
0.5,0.21,0.21,0.5,17.2,93.0,0.0,0.0,0.19421895,11,19,2,0,,,,2.47865,0.0,0.0,0.0,0.0
0.5,0.21,0.21,0.5,17.2,90.0,0.0,0.0,0.1925978,11,20,2,0,,,,1.8618166,0.0,0.0,0.0,0.0
0.21,0.21,0.21,0.21,17.2,90.0,0.0,0.0,0.17942777,11,21,2,0,,,,1.86735,0.0,0.0,0.0,0.0
0.21,0.21,0.21,0.21,16.7,93.0,0.0,0.0,0.16052511,11,22,2,0,,,,1.3708167,0.0,0.0,0.0,0.0
0.21,0.21,0.21,0.21,16.1,93.0,0.0,0.0,0.14086112,11,23,2,0,,,,2.5554,0.0,0.0,0.0,0.0
0.21,0.21,0.21,0.21,17.8,65.0,0.0,0.0,0.13126092,11,24,2,0,,,,1.5966333,0.0,0.0,0.0,0.0
0.21,0.21,0.21,0.21,15.0,97.0,0.0,0.0,0.12691426,11,1,3,0,,,,0.46211666,0.0,0.0,0.0,0.0
0.21,0.21,0.21,0.21,13.9,97.0,0.0,0.0,0.12451739,11,2,3,0,,,,0.45801666,0.0,0.0,0.0,0.0
0.21,0.21,0.21,0.21,14.4,97.0,0.0,0.0,0.12832332,11,3,3,0,,,,0.45738333,0.0,0.0,0.0,0.0
0.21,0.21,0.5,0.21,13.3,100.0,0.0,0.0,0.12971936,11,4,3,0,,,,0.46058333,0.0,0.0,0.0,0.0
0.21,0.21,0.5,0.21,12.8,100.0,0.0,0.0,0.14812425,11,5,3,0,,,,0.45873332,0.0,0.0,0.0,0.0
0.21,0.21,0.5,0.21,12.8,97.0,0.0,0.0,0.16841325,11,6,3,0,,,,0.5298667,0.0,0.0,0.0,0.0
0.21,0.21,0.5,0.21,13.9,87.0,25.0,39.0,0.1774027,11,7,3,0,,,,0.40161666,0.0,0.0,0.0,20.570833
0.21,0.21,0.5,0.21,15.6,78.0,145.0,384.0,0.18076225,11,8,3,0,,,,0.37243333,0.0,0.0,0.0,105.775
0.21,0.21,0.21,0.21,19.4,61.0,292.0,399.0,0.17312929,11,9,3,0,,,,1.0101666,0.0,0.0,0.0,254.9125
0.21,0.5,0.21,0.21,21.7,51.0,428.0,417.0,0.16321446,11,10,3,0,,,,0.55843335,0.0,0.0,0.0,368.37918
0.21,0.5,0.21,0.21,23.9,39.0,455.0,362.0,0.15891401,11,11,3,0,,,,0.37691668,0.0,0.0,0.0,452.15417
0.21,0.5,0.21,0.21,21.1,64.0,562.0,405.0,0.15394787,11,12,3,0,,,,0.38118333,0.0,0.0,0.0,504.49167
0.21,0.5,0.21,0.21,20.6,71.0,576.0,530.0,0.15480596,11,13,3,0,,,,0.37603334,0.0,0.0,0.0,499.24582
0.21,0.5,0.21,0.21,20.6,66.0,437.0,382.0,0.15470956,11,14,3,0,,,,1.8686833,0.0,0.0,0.0,435.56668
0.21,0.21,0.21,0.21,21.1,61.0,328.0,360.0,0.16538504,11,15,3,0,,,,0.9574,0.0,0.0,0.0,303.87918
0.5,0.21,0.21,0.5,19.4,78.0,172.0,310.0,0.17605744,11,16,3,0,,,,1.0406333,0.0,0.0,0.0,67.191666
0.5,0.21,0.21,0.5,18.9,76.0,39.0,56.0,0.18760712,11,17,3,0,,,,1.4168833,0.0,0.0,0.0,0.0
0.5,0.21,0.21,0.5,17.8,87.0,0.0,0.0,0.17801069,11,18,3,0,,,,0.70465,0.0,0.0,0.0,0.0
0.5,0.21,0.21,0.5,17.8,87.0,0.0,0.0,0.16097271,11,19,3,0,,,,2.2885168,0.0,0.0,0.0,0.0
0.5,0.21,0.21,0.5,18.3,87.0,0.0,0.0,0.14830631,11,20,3,0,,,,2.4632666,0.0,0.0,0.0,0.0
0.21,0.21,0.21,0.21,17.8,87.0,0.0,0.0,0.1382978,11,21,3,0,,,,1.4657167,0.0,0.0,0.0,0.0
0.21,0.21,0.21,0.21,17.2,87.0,0.0,0.0,0.12728986,11,22,3,0,,,,1.0344334,0.0,0.0,0.0,0.0
0.21,0.21,0.21,0.21,17.2,84.0,0.0,0.0,0.11947481,11,23,3,0,,,,1.7519166,0.0,0.0,0.0,0.0
0.21,0.21,0.21,0.21,18.9,53.0,0.0,0.0,0.11777743,11,24,3,0,,,,0.7894833,0.0,0.0,0.0,0.0
0.21,0.21,0.21,0.21,17.2,65.0,0.0,0.0,0.11554748,11,1,4,0,,,,0.36978334,0.0,0.0,0.0,0.0
0.21,0.21,0.21,0.21,16.1,67.0,0.0,0.0,0.1164787,11,2,4,0,,,,0.35853332,0.0,0.0,0.0,0.0
0.21,0.21,0.21,0.21,16.1,65.0,0.0,0.0,0.11244517,11,3,4,0,,,,0.35628334,0.0,0.0,0.0,0.0
0.21,0.21,0.5,0.21,14.4,70.0,0.0,0.0,0.11740203,11,4,4,0,,,,0.35746667,0.0,0.0,0.0,0.0
0.21,0.21,0.5,0.21,15.0,67.0,0.0,0.0,0.13531153,11,5,4,0,,,,0.35655,0.0,0.0,0.0,0.0
0.21,0.21,0.5,0.21,17.2,56.0,0.0,0.0,0.16335806,11,6,4,0,,,,0.38616666,0.0,0.0,0.0,0.0
0.21,0.21,0.5,0.21,16.1,60.0,23.0,35.0,0.1723319,11,7,4,0,,,,0.4187,0.0,0.0,0.0,19.308332
0.21,0.21,0.5,0.21,18.3,56.0,141.0,383.0,0.16771111,11,8,4,0,,,,0.5606667,0.0,0.0,0.0,95.9625
0.21,0.21,0.21,0.21,22.2,43.0,322.0,607.0,0.16923928,11,9,4,0,,,,0.6526667,0.0,0.0,0.0,252.175
0.21,0.5,0.21,0.21,23.9,34.0,454.0,575.0,0.15259144,11,10,4,0,,,,0.2782,0.0,0.0,0.0,381.60416
0.21,0.5,0.21,0.21,26.7,29.0,570.0,531.0,0.14311148,11,11,4,0,,,,0.28371668,0.0,0.0,0.0,467.20834
0.21,0.5,0.21,0.21,28.3,23.0,492.0,344.0,0.14363687,11,12,4,0,,,,0.28631666,0.0,0.0,0.0,501.72083
0.21,0.5,0.21,0.21,28.9,21.0,478.0,392.0,0.14346278,11,13,4,0,,,,0.27861667,0.0,0.0,0.0,482.275
0.21,0.5,0.21,0.21,27.2,33.0,458.0,496.0,0.14329089,11,14,4,0,,,,0.5142,0.0,0.0,0.0,413.0125
0.21,0.21,0.21,0.21,25.6,35.0,318.0,289.0,0.14363804,11,15,4,0,,,,1.4413834,0.0,0.0,0.0,282.84583
0.5,0.21,0.21,0.5,23.3,38.0,145.0,166.0,0.15571517,11,16,4,0,,,,1.6985166,0.0,0.0,0.0,60.529167
0.5,0.21,0.21,0.5,21.1,53.0,36.0,48.0,0.16490085,11,17,4,0,,,,1.1563166,0.0,0.0,0.0,0.0
0.5,0.21,0.21,0.5,20.6,63.0,0.0,0.0,0.16842829,11,18,4,0,,,,2.02155,0.0,0.0,0.0,0.0
0.5,0.21,0.21,0.5,20.6,66.0,0.0,0.0,0.16904843,11,19,4,0,,,,1.2580667,0.0,0.0,0.0,0.0
0.5,0.21,0.21,0.5,21.1,59.0,0.0,0.0,0.16273612,11,20,4,0,,,,1.92225,0.0,0.0,0.0,0.0
0.21,0.21,0.21,0.21,21.7,46.0,0.0,0.0,0.150948,11,21,4,0,,,,1.0519,0.0,0.0,0.0,0.0
0.21,0.21,0.21,0.21,20.6,51.0,0.0,0.0,0.14573514,11,22,4,0,,,,1.57175,0.0,0.0,0.0,0.0
0.21,0.21,0.21,0.21,20.0,49.0,0.0,0.0,0.13836478,11,23,4,0,,,,3.1791832,0.0,0.0,0.0,0.0
0.21,0.21,0.21,0.21,16.7,73.0,0.0,0.0,0.12956847,11,24,4,0,,,,0.5848,0.0,0.0,0.0,0.0
0.21,0.21,0.21,0.21,19.4,49.0,0.0,0.0,0.12427866,11,1,5,0,,,,0.46583334,0.0,0.0,0.0,0.0
0.21,0.21,0.21,0.21,18.3,49.0,0.0,0.0,0.12322447,11,2,5,0,,,,0.46425,0.0,0.0,0.0,0.0
0.21,0.21,0.21,0.21,17.8,50.0,0.0,0.0,0.12538889,11,3,5,0,,,,0.4595,0.0,0.0,0.0,0.0
0.21,0.21,0.5,0.21,16.7,54.0,0.0,0.0,0.13129571,11,4,5,0,,,,0.45778334,0.0,0.0,0.0,0.0
0.21,0.21,0.5,0.21,16.7,52.0,0.0,0.0,0.138588,11,5,5,0,,,,0.4611,0.0,0.0,0.0,0.0
0.21,0.21,0.5,0.21,16.7,48.0,0.0,0.0,0.13872029,11,6,5,0,,,,0.48963332,0.0,0.0,0.0,0.0
0.21,0.21,0.5,0.21,16.7,52.0,27.0,85.0,0.1487238,11,7,5,0,,,,0.44151667,0.0,0.0,0.0,19.058332
0.21,0.21,0.5,0.21,18.9,47.0,158.0,556.0,0.14970662,11,8,5,0,,,,0.4006,0.0,0.0,0.0,93.833336
0.21,0.21,0.21,0.21,21.7,40.0,341.0,744.0,0.15052277,11,9,5,0,,,,0.34696665,0.0,0.0,0.0,250.08333
0.21,0.5,0.21,0.21,25.0,31.0,500.0,837.0,0.1501486,11,10,5,0,,,,0.30593333,0.0,0.0,0.0,379.47083
0.21,0.5,0.21,0.21,27.2,25.0,610.0,884.0,0.14379036,11,11,5,0,,,,0.28415,0.0,0.0,0.0,464.79584
0.21,0.5,0.21,0.21,27.8,36.0,643.0,884.0,0.14276993,11,12,5,0,,,,0.66535,0.0,0.0,0.0,498.64166
0.21,0.5,0.21,0.21,26.7,34.0,583.0,803.0,0.14161907,11,13,5,0,,,,0.68405,0.0,0.0,0.0,482.1625
0.21,0.5,0.21,0.21,24.4,39.0,497.0,772.0,0.14011133,11,14,5,0,,,,0.5190333,0.0,0.0,0.0,413.4625
0.21,0.21,0.21,0.21,23.9,42.0,383.0,761.0,0.14362495,11,15,5,0,,,,1.8287667,0.0,0.0,0.0,284.5125
0.5,0.21,0.21,0.5,22.2,55.0,204.0,615.0,0.15399157,11,16,5,0,,,,1.4061333,0.0,0.0,0.0,59.208332
0.5,0.21,0.21,0.5,20.0,68.0,46.0,222.0,0.16727981,11,17,5,0,,,,2.3872,0.0,0.0,0.0,0.0
0.5,0.21,0.21,0.5,19.4,63.0,0.0,0.0,0.174109,11,18,5,0,,,,1.4385,0.0,0.0,0.0,0.0
0.5,0.21,0.21,0.5,19.4,66.0,0.0,0.0,0.16433491,11,19,5,0,,,,1.3768667,0.0,0.0,0.0,0.0
0.5,0.21,0.21,0.5,18.3,73.0,0.0,0.0,0.16127902,11,20,5,0,,,,0.5768667,0.0,0.0,0.0,0.0
0.21,0.21,0.21,0.21,19.4,73.0,0.0,0.0,0.1514446,11,21,5,0,,,,0.6663333,0.0,0.0,0.0,0.0
0.21,0.21,0.21,0.21,18.3,70.0,0.0,0.0,0.13660894,11,22,5,0,,,,0.7144667,0.0,0.0,0.0,0.0
0.21,0.21,0.21,0.21,17.8,68.0,0.0,0.0,0.12256858,11,23,5,0,,,,0.9479333,0.0,0.0,0.0,0.0
0.21,0.21,0.21,0.21,16.7,100.0,0.0,0.0,0.11964177,11,24,5,0,,,,0.48875833,0.0,0.0,0.0,0.0
0.21,0.21,0.21,0.21,16.7,65.0,0.0,0.0,0.11805652,11,1,6,0,,,,0.4039,0.0,0.0,0.0,0.0
0.21,0.21,0.21,0.21,16.7,58.0,0.0,0.0,0.11332279,11,2,6,0,,,,0.36701667,0.0,0.0,0.0,0.0
0.21,0.21,0.21,0.21,15.0,67.0,0.0,0.0,0.11623049,11,3,6,0,,,,0.37121665,0.0,0.0,0.0,0.0
0.21,0.21,0.5,0.21,15.6,62.0,0.0,0.0,0.119678065,11,4,6,0,,,,0.40178335,0.0,0.0,0.0,0.0
0.21,0.21,0.5,0.21,15.0,65.0,0.0,0.0,0.12135962,11,5,6,0,,,,0.40175,0.0,0.0,0.0,0.0
0.21,0.21,0.5,0.21,15.0,62.0,0.0,0.0,0.122921646,11,6,6,0,,,,0.37898332,0.0,0.0,0.0,0.0
0.21,0.21,0.5,0.21,14.4,65.0,29.0,119.0,0.13096662,11,7,6,0,,,,0.408,0.0,0.0,0.0,47.575
0.21,0.21,0.5,0.21,17.2,56.0,140.0,490.0,0.13962898,11,8,6,0,,,,0.43576667,0.0,0.0,0.0,126.09583
0.21,0.21,0.21,0.21,20.6,42.0,337.0,665.0,0.14943588,11,9,6,0,,,,0.5489,0.0,0.0,0.0,178.24167
0.21,0.5,0.21,0.21,22.2,40.0,498.0,864.0,0.14098036,11,10,6,0,,,,0.5549333,0.0,0.0,0.0,281.05
0.21,0.5,0.21,0.21,23.9,39.0,584.0,870.0,0.13904797,11,11,6,0,,,,0.74813336,0.0,0.0,0.0,278.33334
0.21,0.5,0.21,0.21,21.7,64.0,636.0,901.0,0.13684079,11,12,6,0,,,,0.82235,0.0,0.0,0.0,352.51666
0.21,0.5,0.21,0.21,21.7,59.0,620.0,906.0,0.13541111,11,13,6,0,,,,1.558,0.0,0.0,0.0,412.36667
0.21,0.5,0.21,0.21,21.7,59.0,503.0,821.0,0.13735183,11,14,6,0,,,,1.6857667,0.0,0.0,0.0,247.95
0.21,0.21,0.21,0.21,20.6,73.0,365.0,719.0,0.14158484,11,15,6,0,,,,1.2041833,0.0,0.0,0.0,139.1125
0.5,0.21,0.21,0.5,20.0,66.0,192.0,556.0,0.15982682,11,16,6,0,,,,0.6461833,0.0,0.0,0.0,22.066668
0.5,0.21,0.21,0.5,18.3,84.0,48.0,166.0,0.17833935,11,17,6,0,,,,0.7069167,0.0,0.0,0.0,0.0
0.5,0.21,0.21,0.5,17.2,97.0,0.0,0.0,0.17580928,11,18,6,0,,,,0.25251666,0.0,0.0,0.0,0.0
0.5,0.21,0.21,0.5,16.7,100.0,0.0,0.0,0.17246518,11,19,6,0,,,,0.25801668,0.0,0.0,0.0,0.0
0.5,0.21,0.21,0.5,17.2,97.0,0.0,0.0,0.16827534,11,20,6,0,,,,0.2675,0.0,0.0,0.0,0.0
0.21,0.21,0.21,0.21,16.7,100.0,0.0,0.0,0.15507393,11,21,6,0,,,,0.28211668,0.0,0.0,0.0,0.0
0.21,0.21,0.21,0.21,16.7,100.0,0.0,0.0,0.1368849,11,22,6,0,,,,0.74118334,0.0,0.0,0.0,0.0
0.21,0.21,0.21,0.21,16.7,100.0,0.0,0.0,0.11106942,11,23,6,0,,,,0.7068667,0.0,0.0,0.0,0.0
0.21,0.21,0.21,0.21,16.7,87.0,0.0,0.0,0.11590868,11,24,6,0,,,,2.5918918,0.0,0.0,0.0,0.0
0.21,0.21,0.21,0.21,16.7,97.0,0.0,0.0,0.10885843,11,1,7,0,,,,0.36246666,0.0,0.0,0.0,0.0
0.21,0.21,0.21,0.21,16.1,97.0,0.0,0.0,0.10998021,11,2,7,0,,,,0.36256668,0.0,0.0,0.0,0.0
0.21,0.21,0.21,0.21,15.6,100.0,0.0,0.0,0.116965495,11,3,7,0,,,,0.36078334,0.0,0.0,0.0,0.0
0.21,0.21,0.5,0.21,16.1,90.0,0.0,0.0,0.115076944,11,4,7,0,,,,0.36016667,0.0,0.0,0.0,0.0
0.21,0.21,0.5,0.21,16.1,90.0,0.0,0.0,0.12673989,11,5,7,0,,,,0.36046666,0.0,0.0,0.0,0.0
0.21,0.21,0.5,0.21,16.1,87.0,0.0,0.0,0.15314075,11,6,7,0,,,,0.35316667,0.0,0.0,0.0,0.0
0.21,0.21,0.5,0.21,16.1,87.0,16.0,0.0,0.17042628,11,7,7,0,,,,0.36513335,0.0,0.0,0.0,18.3125
0.21,0.21,0.5,0.21,16.7,84.0,50.0,3.0,0.17697524,11,8,7,0,,,,0.36225,0.0,0.0,0.0,88.85
0.21,0.21,0.21,0.21,17.2,78.0,130.0,1.0,0.17301738,11,9,7,0,,,,0.42898333,0.0,0.0,0.0,244.09584
0.21,0.5,0.21,0.21,17.2,78.0,185.0,5.0,0.18139008,11,10,7,0,,,,0.8501,0.0,0.0,0.0,376.475
0.21,0.5,0.21,0.21,17.8,78.0,297.0,7.0,0.18674044,11,11,7,0,,,,0.86523336,0.0,0.0,0.0,464.14584
0.21,0.5,0.21,0.21,18.3,73.0,290.0,0.0,0.18727346,11,12,7,0,,,,1.5829,0.0,0.0,0.0,500.3125
0.21,0.5,0.21,0.21,18.3,73.0,226.0,3.0,0.18437637,11,13,7,0,,,,1.4261167,0.0,0.0,0.0,490.49167
0.21,0.5,0.21,0.21,18.3,76.0,352.0,150.0,0.18605097,11,14,7,0,,,,1.6966166,0.0,0.0,0.0,422.50833
0.21,0.21,0.21,0.21,17.8,78.0,157.0,15.0,0.18367636,11,15,7,0,,,,1.0753666,0.0,0.0,0.0,284.5125
0.5,0.21,0.21,0.5,17.2,84.0,125.0,134.0,0.18564837,11,16,7,0,,,,0.54903334,0.0,0.0,0.0,52.529167
0.5,0.21,0.21,0.5,17.2,84.0,24.0,1.0,0.19665505,11,17,7,0,,,,2.4048166,0.0,0.0,0.0,0.0
0.5,0.21,0.21,0.5,17.2,81.0,0.0,0.0,0.19821139,11,18,7,0,,,,0.8573,0.0,0.0,0.0,0.0
0.5,0.21,0.21,0.5,17.2,87.0,0.0,0.0,0.19588026,11,19,7,0,,,,1.0642166,0.0,0.0,0.0,0.0
0.5,0.21,0.21,0.5,17.2,90.0,0.0,0.0,0.19079253,11,20,7,0,,,,1.1768334,0.0,0.0,0.0,0.0
0.21,0.21,0.21,0.21,17.2,93.0,0.0,0.0,0.17761107,11,21,7,0,,,,0.89015,0.0,0.0,0.0,0.0
0.21,0.21,0.21,0.21,17.2,97.0,0.0,0.0,0.16020305,11,22,7,0,,,,0.7299,0.0,0.0,0.0,0.0
0.21,0.21,0.21,0.21,17.2,93.0,0.0,0.0,0.13658783,11,23,7,0,,,,2.5435,0.0,0.0,0.0,0.0
0.21,0.21,0.21,0.21,15.6,38.0,0.0,0.0,0.13183641,11,24,7,0,,,,2.1112084,0.0,0.0,0.0,0.0
0.21,0.21,0.21,0.21,17.2,78.0,0.0,0.0,0.13009399,11,1,1,0,,,,0.3824,0.0,0.0,0.0,0.0
0.21,0.21,0.21,0.21,16.7,93.0,0.0,0.0,0.13142052,11,2,1,0,,,,0.3761,0.0,0.0,0.0,0.0
0.21,0.21,0.21,0.21,16.1,84.0,0.0,0.0,0.1293861,11,3,1,0,,,,0.37615,0.0,0.0,0.0,0.0
0.21,0.21,0.5,0.21,15.6,84.0,0.0,0.0,0.13475706,11,4,1,0,,,,0.37388334,0.0,0.0,0.0,0.0
0.21,0.21,0.5,0.21,16.1,58.0,0.0,0.0,0.1442224,11,5,1,0,,,,0.37246665,0.0,0.0,0.0,0.0
0.21,0.21,0.5,0.21,15.6,52.0,0.0,0.0,0.16560657,11,6,1,0,,,,0.796,0.0,0.0,0.0,0.0
0.21,0.21,0.5,0.21,15.6,50.0,27.0,123.0,0.17826006,11,7,1,0,,,,0.7706,0.0,0.0,0.0,18.1375
0.21,0.21,0.5,0.21,17.2,45.0,147.0,566.0,0.18370008,11,8,1,0,,,,0.5320167,0.0,0.0,0.0,86.566666
0.21,0.21,0.21,0.21,18.3,40.0,337.0,783.0,0.18622063,11,9,1,0,,,,0.64998335,0.0,0.0,0.0,237.85
0.21,0.5,0.21,0.21,20.6,35.0,494.0,865.0,0.1832435,11,10,1,0,,,,1.6055334,0.0,0.0,0.0,367.2
0.21,0.5,0.21,0.21,21.1,32.0,598.0,904.0,0.18116808,11,11,1,0,,,,0.40646666,0.0,0.0,0.0,451.5375
0.21,0.5,0.21,0.21,19.4,49.0,639.0,915.0,0.17727332,11,12,1,0,,,,2.3189666,0.0,0.0,0.0,488.28333
0.21,0.5,0.21,0.21,18.9,59.0,613.0,905.0,0.17917924,11,13,1,0,,,,1.6291833,0.0,0.0,0.0,476.45834
0.21,0.5,0.21,0.21,18.3,63.0,525.0,873.0,0.17625508,11,14,1,0,,,,1.5853167,0.0,0.0,0.0,412.725
0.21,0.21,0.21,0.21,18.3,61.0,382.0,807.0,0.17894952,11,15,1,0,,,,2.6275167,0.0,0.0,0.0,284.82916
0.5,0.21,0.21,0.5,17.8,70.0,202.0,655.0,0.1850017,11,16,1,0,,,,0.5826833,0.0,0.0,0.0,57.570835
0.5,0.21,0.21,0.5,17.2,78.0,46.0,253.0,0.1938592,11,17,1,0,,,,1.9681166,0.0,0.0,0.0,0.0
0.5,0.21,0.21,0.5,17.2,43.0,0.0,0.0,0.19227715,11,18,1,0,,,,0.77085,0.0,0.0,0.0,0.0
0.5,0.21,0.21,0.5,16.7,45.0,0.0,0.0,0.18870357,11,19,1,0,,,,2.6281834,0.0,0.0,0.0,0.0
0.5,0.21,0.21,0.5,16.1,41.0,0.0,0.0,0.18000558,11,20,1,0,,,,1.8624667,0.0,0.0,0.0,0.0
0.21,0.21,0.21,0.21,17.2,34.0,0.0,0.0,0.1728758,11,21,1,0,,,,1.24155,0.0,0.0,0.0,0.0
0.21,0.21,0.21,0.21,14.4,42.0,0.0,0.0,0.15218332,11,22,1,0,,,,0.88025,0.0,0.0,0.0,0.0
0.21,0.21,0.21,0.21,15.6,38.0,0.0,0.0,0.12713917,11,23,1,0,,,,0.5349,0.0,0.0,0.0,0.0
0.21,0.21,0.21,0.21,13.9,60.0,0.0,0.0,0.113410674,11,24,1,0,,,,0.396,0.0,0.0,0.0,0.0
0.21,0.21,0.21,0.21,13.3,39.0,0.0,0.0,0.108473144,11,1,2,0,,,,0.39161667,0.0,0.0,0.0,0.0
0.21,0.21,0.21,0.21,13.3,57.0,0.0,0.0,0.10649315,11,2,2,0,,,,0.39028335,0.0,0.0,0.0,0.0
0.21,0.21,0.21,0.21,11.7,66.0,0.0,0.0,0.106999494,11,3,2,0,,,,0.43058333,0.0,0.0,0.0,0.0
0.21,0.21,0.5,0.21,12.2,69.0,0.0,0.0,0.11258764,11,4,2,0,,,,0.42723334,0.0,0.0,0.0,0.0
0.21,0.21,0.5,0.21,11.7,57.0,0.0,0.0,0.12943466,11,5,2,0,,,,0.4248,0.0,0.0,0.0,0.0
0.21,0.21,0.5,0.21,10.6,69.0,0.0,0.0,0.1528631,11,6,2,0,,,,0.7100833,0.0,0.0,0.0,0.0
0.21,0.21,0.5,0.21,10.6,69.0,17.0,8.0,0.16389127,11,7,2,0,,,,0.96133333,0.0,0.0,0.0,22.408333
0.21,0.21,0.5,0.21,13.3,57.0,113.0,239.0,0.16408238,11,8,2,0,,,,0.37915,0.0,0.0,0.0,90.941666
0.21,0.21,0.21,0.21,17.2,40.0,285.0,483.0,0.16584109,11,9,2,0,,,,0.32923332,0.0,0.0,0.0,246.275
0.21,0.5,0.21,0.21,18.3,34.0,443.0,610.0,0.16058753,11,10,2,0,,,,0.3309,0.0,0.0,0.0,327.73334
0.21,0.5,0.21,0.21,19.4,37.0,550.0,670.0,0.15566991,11,11,2,0,,,,0.33278334,0.0,0.0,0.0,428.675
0.21,0.5,0.21,0.21,20.0,38.0,558.0,634.0,0.15539432,11,12,2,0,,,,0.29615,0.0,0.0,0.0,476.7625
0.21,0.5,0.21,0.21,20.6,38.0,544.0,625.0,0.14922242,11,13,2,0,,,,0.28548333,0.0,0.0,0.0,310.95416
0.21,0.5,0.21,0.21,20.0,39.0,476.0,626.0,0.14886704,11,14,2,0,,,,0.28498334,0.0,0.0,0.0,228.6625
0.21,0.21,0.21,0.21,19.4,40.0,328.0,516.0,0.16371834,11,15,2,0,,,,0.29885,0.0,0.0,0.0,66.8375
0.5,0.21,0.21,0.5,18.3,43.0,159.0,322.0,0.16732462,11,16,2,0,,,,0.58905,0.0,0.0,0.0,4.883333
0.5,0.21,0.21,0.5,17.2,56.0,33.0,35.0,0.17345622,11,17,2,0,,,,0.64055,0.0,0.0,0.0,0.0
0.5,0.21,0.21,0.5,16.7,67.0,0.0,0.0,0.17375967,11,18,2,0,,,,1.4074667,0.0,0.0,0.0,0.0
0.5,0.21,0.21,0.5,16.7,73.0,0.0,0.0,0.1713317,11,19,2,0,,,,1.2207667,0.0,0.0,0.0,0.0
0.5,0.21,0.21,0.5,16.1,63.0,0.0,0.0,0.16353685,11,20,2,0,,,,1.3565333,0.0,0.0,0.0,0.0
0.21,0.21,0.21,0.21,16.1,56.0,0.0,0.0,0.14710933,11,21,2,0,,,,1.26655,0.0,0.0,0.0,0.0
0.21,0.21,0.21,0.21,15.0,67.0,0.0,0.0,0.12595958,11,22,2,0,,,,0.82123333,0.0,0.0,0.0,0.0
0.21,0.21,0.21,0.21,13.9,69.0,0.0,0.0,0.11336256,11,23,2,0,,,,2.1252832,0.0,0.0,0.0,0.0
0.21,0.21,0.21,0.21,13.3,97.0,0.0,0.0,0.10767929,11,24,2,0,,,,0.4329,0.0,0.0,0.0,0.0
0.21,0.21,0.21,0.21,13.3,57.0,0.0,0.0,0.10668506,11,1,3,0,,,,0.43111667,0.0,0.0,0.0,0.0
0.21,0.21,0.21,0.21,11.7,64.0,0.0,0.0,0.111931734,11,2,3,0,,,,0.43078333,0.0,0.0,0.0,0.0
0.21,0.21,0.21,0.21,11.1,66.0,0.0,0.0,0.105613105,11,3,3,0,,,,0.43451667,0.0,0.0,0.0,0.0
0.21,0.21,0.5,0.21,11.7,59.0,0.0,0.0,0.10484975,11,4,3,0,,,,0.43195,0.0,0.0,0.0,0.0
0.21,0.21,0.5,0.21,11.1,64.0,0.0,0.0,0.10978797,11,5,3,0,,,,0.43083334,0.0,0.0,0.0,0.0
0.21,0.21,0.5,0.21,10.6,64.0,0.0,0.0,0.12303751,11,6,3,0,,,,0.77855,0.0,0.0,0.0,0.0
0.21,0.21,0.5,0.21,11.7,57.0,18.0,13.0,0.13798775,11,7,3,0,,,,0.8911667,0.0,0.0,0.0,25.65
0.21,0.21,0.5,0.21,13.3,49.0,58.0,33.0,0.14332272,11,8,3,0,,,,0.7299,0.0,0.0,0.0,104.13333
0.21,0.21,0.21,0.21,15.0,46.0,208.0,57.0,0.14494805,11,9,3,0,,,,0.53676665,0.0,0.0,0.0,260.625
0.21,0.5,0.21,0.21,17.2,50.0,337.0,273.0,0.14487997,11,10,3,0,,,,0.38791665,0.0,0.0,0.0,288.58334
0.21,0.5,0.21,0.21,18.3,54.0,502.0,470.0,0.14420716,11,11,3,0,,,,0.33733332,0.0,0.0,0.0,389.025
0.21,0.5,0.21,0.21,19.4,44.0,362.0,119.0,0.1441872,11,12,3,0,,,,0.33311668,0.0,0.0,0.0,380.425
0.21,0.5,0.21,0.21,18.3,54.0,340.0,192.0,0.14398998,11,13,3,0,,,,0.33025,0.0,0.0,0.0,343.65833
0.21,0.5,0.21,0.21,18.9,65.0,450.0,607.0,0.14299297,11,14,3,0,,,,0.35341668,0.0,0.0,0.0,379.44583
0.21,0.21,0.21,0.21,18.3,68.0,322.0,465.0,0.14198181,11,15,3,0,,,,0.46013334,0.0,0.0,0.0,220.39166
0.5,0.21,0.21,0.5,16.7,75.0,169.0,389.0,0.15175088,11,16,3,0,,,,0.6799667,0.0,0.0,0.0,26.758333
0.5,0.21,0.21,0.5,15.6,81.0,30.0,38.0,0.15712062,11,17,3,0,,,,0.76031667,0.0,0.0,0.0,0.0
0.5,0.21,0.21,0.5,15.6,78.0,0.0,0.0,0.16036467,11,18,3,0,,,,1.1979,0.0,0.0,0.0,0.0
0.5,0.21,0.21,0.5,15.6,87.0,0.0,0.0,0.15044819,11,19,3,0,,,,0.9500667,0.0,0.0,0.0,0.0
0.5,0.21,0.21,0.5,15.6,84.0,0.0,0.0,0.14862463,11,20,3,0,,,,1.1899,0.0,0.0,0.0,0.0
0.21,0.21,0.21,0.21,15.6,84.0,0.0,0.0,0.13312587,11,21,3,0,,,,1.2983834,0.0,0.0,0.0,0.0
0.21,0.21,0.21,0.21,15.6,84.0,0.0,0.0,0.11658609,11,22,3,0,,,,0.9638,0.0,0.0,0.0,0.0
0.21,0.21,0.21,0.21,14.4,93.0,0.0,0.0,0.10737844,11,23,3,0,,,,0.68631667,0.0,0.0,0.0,0.0
0.21,0.21,0.21,0.21,13.3,83.0,0.0,0.0,0.10438262,11,24,3,0,,,,0.41781667,0.0,0.0,0.0,0.0
0.21,0.21,0.21,0.21,13.3,97.0,0.0,0.0,0.10151111,11,1,4,0,,,,0.41448334,0.0,0.0,0.0,0.0
0.21,0.21,0.21,0.21,13.3,93.0,0.0,0.0,0.09897874,11,2,4,0,,,,0.41215,0.0,0.0,0.0,0.0
0.21,0.21,0.21,0.21,13.3,93.0,0.0,0.0,0.10127431,11,3,4,0,,,,0.40915,0.0,0.0,0.0,0.0
0.21,0.21,0.5,0.21,12.8,93.0,0.0,0.0,0.10155382,11,4,4,0,,,,0.40991667,0.0,0.0,0.0,0.0
0.21,0.21,0.5,0.21,12.8,90.0,0.0,0.0,0.11418187,11,5,4,0,,,,0.4091,0.0,0.0,0.0,0.0
0.21,0.21,0.5,0.21,12.8,87.0,0.0,0.0,0.13507274,11,6,4,0,,,,0.53153336,0.0,0.0,0.0,0.0
0.21,0.21,0.5,0.21,12.8,87.0,17.0,1.0,0.15498082,11,7,4,0,,,,0.80473334,0.0,0.0,0.0,20.7625
0.21,0.21,0.5,0.21,14.4,78.0,86.0,15.0,0.1602753,11,8,4,0,,,,0.47408333,0.0,0.0,0.0,83.979164
0.21,0.21,0.21,0.21,15.0,75.0,137.0,99.0,0.15925811,11,9,4,0,,,,0.33466667,0.0,0.0,0.0,243.82916
0.21,0.5,0.21,0.21,15.6,75.0,190.0,8.0,0.15601219,11,10,4,0,,,,0.33885,0.0,0.0,0.0,385.14584
0.21,0.5,0.21,0.21,16.7,67.0,251.0,14.0,0.15123908,11,11,4,0,,,,0.34725,0.0,0.0,0.0,479.98334
0.21,0.5,0.21,0.21,16.7,63.0,237.0,7.0,0.14493258,11,12,4,0,,,,0.34016666,0.0,0.0,0.0,523.01666
0.21,0.5,0.21,0.21,17.2,68.0,269.0,3.0,0.14913133,11,13,4,0,,,,0.3338,0.0,0.0,0.0,511.58334
0.21,0.5,0.21,0.21,17.2,63.0,131.0,1.0,0.14965776,11,14,4,0,,,,0.3329,0.0,0.0,0.0,438.85
0.21,0.21,0.21,0.21,16.7,60.0,79.0,2.0,0.15020232,11,15,4,0,,,,0.33063334,0.0,0.0,0.0,293.45834
0.5,0.21,0.21,0.5,16.7,58.0,45.0,1.0,0.16039133,11,16,4,0,,,,0.35848334,0.0,0.0,0.0,48.916668
0.5,0.21,0.21,0.5,16.1,58.0,14.0,0.0,0.17104816,11,17,4,0,,,,0.71311665,0.0,0.0,0.0,0.0
0.5,0.21,0.21,0.5,14.4,70.0,0.0,0.0,0.16869198,11,18,4,0,,,,0.64703333,0.0,0.0,0.0,0.0
0.5,0.21,0.21,0.5,15.0,70.0,0.0,0.0,0.1619391,11,19,4,0,,,,0.7381833,0.0,0.0,0.0,0.0
0.5,0.21,0.21,0.5,15.0,70.0,0.0,0.0,0.1525222,11,20,4,0,,,,0.8136333,0.0,0.0,0.0,0.0
0.21,0.21,0.21,0.21,15.0,72.0,0.0,0.0,0.14166802,11,21,4,0,,,,0.8871167,0.0,0.0,0.0,0.0
0.21,0.21,0.21,0.21,15.0,78.0,0.0,0.0,0.12733401,11,22,4,0,,,,0.8107833,0.0,0.0,0.0,0.0
0.21,0.21,0.21,0.21,14.4,78.0,0.0,0.0,0.11326044,11,23,4,0,,,,1.9445167,0.0,0.0,0.0,0.0
0.21,0.21,0.21,0.21,17.8,45.0,0.0,0.0,0.091678984,11,24,4,0,,,,1.2211833,0.0,0.0,0.0,0.0
0.21,0.21,0.21,0.21,13.9,81.0,0.0,0.0,0.08974148,11,1,5,0,,,,0.83531666,0.0,0.0,0.0,0.0
0.21,0.21,0.21,0.21,13.9,81.0,0.0,0.0,0.08822911,11,2,5,0,,,,0.41571668,0.0,0.0,0.0,0.0
0.21,0.21,0.21,0.21,13.3,83.0,0.0,0.0,0.08895472,11,3,5,0,,,,0.41346666,0.0,0.0,0.0,0.0
0.21,0.21,0.5,0.21,12.8,87.0,0.0,0.0,0.09103109,11,4,5,0,,,,0.41453335,0.0,0.0,0.0,0.0
0.21,0.21,0.5,0.21,13.3,83.0,0.0,0.0,0.095405996,11,5,5,0,,,,0.41565,0.0,0.0,0.0,0.0
0.21,0.21,0.5,0.21,13.3,83.0,0.0,0.0,0.10662555,11,6,5,0,,,,0.6246833,0.0,0.0,0.0,0.0
0.21,0.21,0.5,0.21,12.8,87.0,15.0,10.0,0.115083344,11,7,5,0,,,,0.95951664,0.0,0.0,0.0,15.316667
0.21,0.21,0.5,0.21,14.4,81.0,110.0,279.0,0.12203279,11,8,5,0,,,,0.3772,0.0,0.0,0.0,79.07083
0.21,0.21,0.21,0.21,17.8,63.0,280.0,525.0,0.12962826,11,9,5,0,,,,0.33461666,0.0,0.0,0.0,238.375
0.21,0.5,0.21,0.21,20.0,57.0,435.0,648.0,0.13835445,11,10,5,0,,,,0.33928335,0.0,0.0,0.0,377.88333
0.21,0.5,0.21,0.21,21.7,43.0,545.0,715.0,0.13860503,11,11,5,0,,,,0.34485,0.0,0.0,0.0,470.225
0.21,0.5,0.21,0.21,23.3,37.0,586.0,731.0,0.14456505,11,12,5,0,,,,0.33583334,0.0,0.0,0.0,511.03333
0.21,0.5,0.21,0.21,24.4,31.0,566.0,726.0,0.14158396,11,13,5,0,,,,0.33061665,0.0,0.0,0.0,489.375
0.21,0.5,0.21,0.21,24.4,30.0,479.0,683.0,0.14451444,11,14,5,0,,,,0.3301,0.0,0.0,0.0,417.61667
0.21,0.21,0.21,0.21,25.0,30.0,333.0,579.0,0.14084761,11,15,5,0,,,,0.39876667,0.0,0.0,0.0,289.29166
0.5,0.21,0.21,0.5,21.1,49.0,160.0,375.0,0.14815561,11,16,5,0,,,,0.73843336,0.0,0.0,0.0,51.2
0.5,0.21,0.21,0.5,18.9,57.0,27.0,44.0,0.14797014,11,17,5,0,,,,0.98936665,0.0,0.0,0.0,0.0
0.5,0.21,0.21,0.5,17.8,68.0,0.0,0.0,0.15298863,11,18,5,0,,,,1.3223166,0.0,0.0,0.0,0.0
0.5,0.21,0.21,0.5,17.2,75.0,0.0,0.0,0.14195774,11,19,5,0,,,,0.90533334,0.0,0.0,0.0,0.0
0.5,0.21,0.21,0.5,17.8,75.0,0.0,0.0,0.124852195,11,20,5,0,,,,0.9408,0.0,0.0,0.0,0.0
0.21,0.21,0.21,0.21,17.8,58.0,0.0,0.0,0.11440255,11,21,5,0,,,,0.9335833,0.0,0.0,0.0,0.0
0.21,0.21,0.21,0.21,18.3,50.0,0.0,0.0,0.10611384,11,22,5,0,,,,0.87763333,0.0,0.0,0.0,0.0
0.21,0.21,0.21,0.21,18.9,42.0,0.0,0.0,0.10198305,11,23,5,0,,,,1.13095,0.0,0.0,0.0,0.0
0.21,0.21,0.21,0.21,18.3,29.0,0.0,0.0,0.09503374,11,24,5,0,,,,0.81413335,0.0,0.0,0.0,0.0
0.21,0.21,0.21,0.21,17.8,34.0,0.0,0.0,0.0928107,11,1,6,0,,,,0.46025,0.0,0.0,0.0,0.0
0.21,0.21,0.21,0.21,16.1,46.0,0.0,0.0,0.09261513,11,2,6,0,,,,0.4217,0.0,0.0,0.0,0.0
0.21,0.21,0.21,0.21,16.7,38.0,0.0,0.0,0.08907887,11,3,6,0,,,,0.41943333,0.0,0.0,0.0,0.0
0.21,0.21,0.5,0.21,15.0,41.0,0.0,0.0,0.08871163,11,4,6,0,,,,0.41223332,0.0,0.0,0.0,0.0
0.21,0.21,0.5,0.21,15.0,42.0,0.0,0.0,0.09440771,11,5,6,0,,,,0.41081667,0.0,0.0,0.0,0.0
0.21,0.21,0.5,0.21,15.0,42.0,0.0,0.0,0.09599239,11,6,6,0,,,,0.40201667,0.0,0.0,0.0,0.0
0.21,0.21,0.5,0.21,16.7,35.0,14.0,12.0,0.09366417,11,7,6,0,,,,0.40771666,0.0,0.0,0.0,17.95
0.21,0.21,0.5,0.21,18.9,31.0,106.0,200.0,0.098205894,11,8,6,0,,,,0.41105,0.0,0.0,0.0,78.05
0.21,0.21,0.21,0.21,20.6,25.0,268.0,471.0,0.098703235,11,9,6,0,,,,1.0033166,0.0,0.0,0.0,218.75417
0.21,0.5,0.21,0.21,22.2,23.0,412.0,513.0,0.09927194,11,10,6,0,,,,0.77066666,0.0,0.0,0.0,283.2
0.21,0.5,0.21,0.21,24.4,20.0,490.0,565.0,0.100393094,11,11,6,0,,,,0.7237167,0.0,0.0,0.0,242.19583
0.21,0.5,0.21,0.21,26.1,18.0,546.0,601.0,0.10204663,11,12,6,0,,,,0.3143,0.0,0.0,0.0,226.2125
0.21,0.5,0.21,0.21,27.8,16.0,537.0,686.0,0.102832764,11,13,6,0,,,,0.49938333,0.0,0.0,0.0,208.47084
0.21,0.5,0.21,0.21,27.8,16.0,396.0,491.0,0.10699289,11,14,6,0,,,,0.5520833,0.0,0.0,0.0,402.47083
0.21,0.21,0.21,0.21,25.6,24.0,327.0,572.0,0.11030503,11,15,6,0,,,,0.54715,0.0,0.0,0.0,136.08333
0.5,0.21,0.21,0.5,23.9,30.0,165.0,318.0,0.12087705,11,16,6,0,,,,0.8404667,0.0,0.0,0.0,9.975
0.5,0.21,0.21,0.5,23.3,25.0,32.0,60.0,0.13173664,11,17,6,0,,,,1.0013334,0.0,0.0,0.0,0.0
0.5,0.21,0.21,0.5,22.2,27.0,0.0,0.0,0.13685125,11,18,6,0,,,,0.9970667,0.0,0.0,0.0,0.0
0.5,0.21,0.21,0.5,21.7,26.0,0.0,0.0,0.13387585,11,19,6,0,,,,0.9984667,0.0,0.0,0.0,0.0
0.5,0.21,0.21,0.5,20.6,27.0,0.0,0.0,0.124424696,11,20,6,0,,,,1.0042666,0.0,0.0,0.0,0.0
0.21,0.21,0.21,0.21,20.0,27.0,0.0,0.0,0.11644276,11,21,6,0,,,,1.1346,0.0,0.0,0.0,0.0
0.21,0.21,0.21,0.21,18.9,31.0,0.0,0.0,0.10626596,11,22,6,0,,,,1.0933833,0.0,0.0,0.0,0.0
0.21,0.21,0.21,0.21,18.3,30.0,0.0,0.0,0.10082068,11,23,6,0,,,,1.0223666,0.0,0.0,0.0,0.0
0.21,0.21,0.21,0.21,15.0,58.0,0.0,0.0,0.0980573,11,24,6,0,,,,1.03215,0.0,0.0,0.0,0.0
0.21,0.21,0.21,0.21,18.3,26.0,0.0,0.0,0.095622905,11,1,7,0,,,,0.95288336,0.0,0.0,0.0,0.0
0.21,0.21,0.21,0.21,15.6,32.0,0.0,0.0,0.09495886,11,2,7,0,,,,0.37981668,0.0,0.0,0.0,0.0
0.21,0.21,0.21,0.21,16.7,29.0,0.0,0.0,0.095331036,11,3,7,0,,,,0.31396666,0.0,0.0,0.0,0.0
0.21,0.21,0.5,0.21,15.6,30.0,0.0,0.0,0.09940949,11,4,7,0,,,,0.31276667,0.0,0.0,0.0,0.0
0.21,0.21,0.5,0.21,15.0,31.0,0.0,0.0,0.11356016,11,5,7,0,,,,0.31058332,0.0,0.0,0.0,0.0
0.21,0.21,0.5,0.21,15.0,30.0,0.0,0.0,0.12981246,11,6,7,0,,,,0.3088,0.0,0.0,0.0,0.0
0.21,0.21,0.5,0.21,14.4,33.0,9.0,0.0,0.14193682,11,7,7,0,,,,0.48443332,0.0,0.0,0.0,22.320833
0.21,0.21,0.5,0.21,17.2,29.0,54.0,26.0,0.14926368,11,8,7,0,,,,0.5521333,0.0,0.0,0.0,97.3
0.21,0.21,0.21,0.21,19.4,25.0,196.0,179.0,0.15492365,11,9,7,0,,,,0.34233335,0.0,0.0,0.0,207.19167
0.21,0.5,0.21,0.21,21.7,19.0,400.0,481.0,0.15506141,11,10,7,0,,,,0.5707292,0.0,0.0,0.0,342.50418
0.21,0.5,0.21,0.21,23.3,17.0,510.0,598.0,0.1465986,11,11,7,0,,,,0.98216665,0.0,0.0,0.0,339.89584
0.21,0.5,0.21,0.21,24.4,16.0,565.0,643.0,0.14149448,11,12,7,0,,,,0.86901665,0.0,0.0,0.0,380.7125
0.21,0.5,0.21,0.21,21.1,42.0,532.0,615.0,0.14002796,11,13,7,0,,,,0.72585,0.0,0.0,0.0,269.49167
0.21,0.5,0.21,0.21,20.0,57.0,446.0,565.0,0.14351663,11,14,7,0,,,,0.67215,0.0,0.0,0.0,121.5
0.21,0.21,0.21,0.21,20.0,51.0,306.0,459.0,0.14797187,11,15,7,0,,,,0.29123333,0.0,0.0,0.0,24.641666
0.5,0.21,0.21,0.5,18.9,63.0,141.0,254.0,0.16114447,11,16,7,0,,,,0.29995,0.0,0.0,0.0,0.0
0.5,0.21,0.21,0.5,17.8,73.0,21.0,15.0,0.17653607,11,17,7,0,,,,0.29133335,0.0,0.0,0.0,0.0
0.5,0.21,0.21,0.5,16.7,60.0,0.0,0.0,0.1719214,11,18,7,0,,,,0.28733334,0.0,0.0,0.0,0.0
0.5,0.21,0.21,0.5,16.7,87.0,0.0,0.0,0.16815151,11,19,7,0,,,,0.28518334,0.0,0.0,0.0,0.0
0.5,0.21,0.21,0.5,16.1,84.0,0.0,0.0,0.15500696,11,20,7,0,,,,0.38445,0.0,0.0,0.0,0.0
0.21,0.21,0.21,0.21,16.1,87.0,0.0,0.0,0.14038822,11,21,7,0,,,,0.6997833,0.0,0.0,0.0,0.0
0.21,0.21,0.21,0.21,16.1,87.0,0.0,0.0,0.12294878,11,22,7,0,,,,0.78805,0.0,0.0,0.0,0.0
0.21,0.21,0.21,0.21,15.0,26.0,0.0,0.0,0.116967216,11,23,7,0,,,,0.37215,0.0,0.0,0.0,0.0
0.21,0.21,0.21,0.21,13.9,78.0,0.0,0.0,0.09952811,11,24,7,0,,,,0.31254166,0.0,0.0,0.0,0.0
0.21,0.21,0.21,0.21,15.0,78.0,0.0,0.0,0.09739071,11,1,1,0,,,,0.31433332,0.0,0.0,0.0,0.0
0.21,0.21,0.21,0.21,15.0,62.0,0.0,0.0,0.09653552,11,2,1,0,,,,0.31525,0.0,0.0,0.0,0.0
0.21,0.21,0.21,0.21,15.0,50.0,0.0,0.0,0.09816857,11,3,1,0,,,,0.5279,0.0,0.0,0.0,0.0
0.21,0.21,0.5,0.21,13.9,72.0,0.0,0.0,0.09613423,11,4,1,0,,,,0.5898167,0.0,0.0,0.0,0.0
0.21,0.21,0.5,0.21,12.2,80.0,0.0,0.0,0.10345569,11,5,1,0,,,,0.30375,0.0,0.0,0.0,0.0
0.21,0.21,0.5,0.21,13.3,55.0,0.0,0.0,0.112649076,11,6,1,0,,,,0.3045,0.0,0.0,0.0,0.0
0.21,0.21,0.5,0.21,13.9,67.0,12.0,2.0,0.12405492,11,7,1,0,,,,0.48053333,0.0,0.0,0.0,31.629168
0.21,0.21,0.5,0.21,15.6,58.0,93.0,171.0,0.12655987,11,8,1,0,,,,0.37281665,0.0,0.0,0.0,69.21667
0.21,0.21,0.21,0.21,17.8,56.0,252.0,415.0,0.12577665,11,9,1,0,,,,0.37918332,0.0,0.0,0.0,168.65
0.21,0.5,0.21,0.21,18.3,40.0,409.0,557.0,0.127626,11,10,1,0,,,,0.7058833,0.0,0.0,0.0,184.51666
0.21,0.5,0.21,0.21,20.6,36.0,517.0,625.0,0.13061999,11,11,1,0,,,,0.71138334,0.0,0.0,0.0,104.775
0.21,0.5,0.21,0.21,20.0,39.0,560.0,646.0,0.13227431,11,12,1,0,,,,0.76785,0.0,0.0,0.0,19.3
0.21,0.5,0.21,0.21,18.9,51.0,536.0,633.0,0.1304208,11,13,1,0,,,,0.9120333,0.0,0.0,0.0,45.404167
0.21,0.5,0.21,0.21,18.3,28.0,454.0,591.0,0.12741861,11,14,1,0,,,,1.0621,0.0,0.0,0.0,50.1875
0.21,0.21,0.21,0.21,17.8,65.0,305.0,467.0,0.13343075,11,15,1,0,,,,0.9770167,0.0,0.0,0.0,14.2625
0.5,0.21,0.21,0.5,17.2,61.0,142.0,266.0,0.14052674,11,16,1,0,,,,1.07585,0.0,0.0,0.0,0.0
0.5,0.21,0.21,0.5,15.6,67.0,28.0,18.0,0.1471039,11,17,1,0,,,,1.0103166,0.0,0.0,0.0,0.0
0.5,0.21,0.21,0.5,15.6,70.0,0.0,0.0,0.14775646,11,18,1,0,,,,0.55251664,0.0,0.0,0.0,0.0
0.5,0.21,0.21,0.5,15.0,72.0,0.0,0.0,0.1443499,11,19,1,0,,,,1.0644333,0.0,0.0,0.0,0.0
0.5,0.21,0.21,0.5,15.6,38.0,0.0,0.0,0.13608961,11,20,1,0,,,,1.2021667,0.0,0.0,0.0,0.0
0.21,0.21,0.21,0.21,15.0,38.0,0.0,0.0,0.12743774,11,21,1,0,,,,1.1406833,0.0,0.0,0.0,0.0
0.21,0.21,0.21,0.21,14.4,36.0,0.0,0.0,0.10790294,11,22,1,0,,,,1.1546167,0.0,0.0,0.0,0.0
0.21,0.21,0.21,0.21,13.9,37.0,0.0,0.0,0.101632014,11,23,1,0,,,,1.09785,0.0,0.0,0.0,0.0
0.21,0.21,0.21,0.21,12.8,87.0,0.0,0.0,0.09273522,11,24,1,0,,,,1.083775,0.0,0.0,0.0,0.0
0.21,0.21,0.21,0.21,13.3,69.0,0.0,0.0,0.08766832,11,1,2,0,,,,0.87395,0.0,0.0,0.0,0.0
0.21,0.21,0.21,0.21,12.8,67.0,0.0,0.0,0.087799095,11,2,2,0,,,,0.588,0.0,0.0,0.0,0.0
0.21,0.21,0.21,0.21,11.7,69.0,0.0,0.0,0.0892614,11,3,2,0,,,,0.449,0.0,0.0,0.0,0.0
0.21,0.21,0.5,0.21,11.7,69.0,0.0,0.0,0.09219969,11,4,2,0,,,,0.38065,0.0,0.0,0.0,0.0
0.21,0.21,0.5,0.21,11.1,69.0,0.0,0.0,0.10211348,11,5,2,0,,,,0.37825,0.0,0.0,0.0,0.0
0.21,0.21,0.5,0.21,10.6,77.0,0.0,0.0,0.121004194,11,6,2,0,,,,0.37475,0.0,0.0,0.0,0.0
0.21,0.21,0.5,0.21,10.6,74.0,15.0,39.0,0.12534305,11,7,2,0,,,,0.4198,0.0,0.0,0.0,19.95
0.21,0.21,0.5,0.21,13.3,64.0,116.0,438.0,0.13287906,11,8,2,0,,,,0.93576664,0.0,0.0,0.0,71.120834
0.21,0.21,0.21,0.21,15.6,58.0,294.0,683.0,0.13586263,11,9,2,0,,,,1.3356333,0.0,0.0,0.0,226.46666
0.21,0.5,0.21,0.21,16.7,65.0,447.0,784.0,0.1434487,11,10,2,0,,,,0.74803334,0.0,0.0,0.0,360.56668
0.21,0.5,0.21,0.21,18.3,56.0,555.0,837.0,0.14745618,11,11,2,0,,,,0.7503667,0.0,0.0,0.0,447.2
0.21,0.5,0.21,0.21,18.9,53.0,597.0,843.0,0.14508173,11,12,2,0,,,,0.6078,0.0,0.0,0.0,480.575
0.21,0.5,0.21,0.21,18.3,54.0,546.0,758.0,0.13695928,11,13,2,0,,,,0.54826665,0.0,0.0,0.0,463.81668
0.21,0.5,0.21,0.21,18.3,54.0,456.0,686.0,0.13281523,11,14,2,0,,,,0.8981,0.0,0.0,0.0,403.62082
0.21,0.21,0.21,0.21,17.2,65.0,345.0,705.0,0.1332472,11,15,2,0,,,,0.6598167,0.0,0.0,0.0,276.8375
0.5,0.21,0.21,0.5,16.7,73.0,173.0,537.0,0.14391603,11,16,2,0,,,,0.28276667,0.0,0.0,0.0,41.979168
0.5,0.21,0.21,0.5,15.6,84.0,38.0,137.0,0.1514631,11,17,2,0,,,,0.30155,0.0,0.0,0.0,0.0
0.5,0.21,0.21,0.5,15.0,81.0,0.0,0.0,0.15490337,11,18,2,0,,,,0.7046667,0.0,0.0,0.0,0.0
0.5,0.21,0.21,0.5,14.4,87.0,0.0,0.0,0.14736758,11,19,2,0,,,,0.47765,0.0,0.0,0.0,0.0
0.5,0.21,0.21,0.5,15.0,84.0,0.0,0.0,0.14107493,11,20,2,0,,,,0.60046667,0.0,0.0,0.0,0.0
0.21,0.21,0.21,0.21,14.4,84.0,0.0,0.0,0.13468419,11,21,2,0,,,,1.3055333,0.0,0.0,0.0,0.0
0.21,0.21,0.21,0.21,14.4,84.0,0.0,0.0,0.11720484,11,22,2,0,,,,2.1397,0.0,0.0,0.0,0.0
0.21,0.21,0.21,0.21,14.4,84.0,0.0,0.0,0.101655275,11,23,2,0,,,,1.17165,0.0,0.0,0.0,0.0
0.21,0.21,0.21,0.21,12.8,90.0,0.0,0.0,0.08346206,11,24,2,0,,,,1.3024417,0.0,0.0,0.0,0.0
0.21,0.21,0.21,0.21,11.7,77.0,0.0,0.0,0.07967037,11,1,3,0,,,,0.8210667,0.0,0.0,0.0,0.0
0.21,0.21,0.21,0.21,11.7,72.0,0.0,0.0,0.0815889,11,2,3,0,,,,0.7920833,0.0,0.0,0.0,0.0
0.21,0.21,0.21,0.21,11.1,74.0,0.0,0.0,0.08264634,11,3,3,0,,,,0.41721666,0.0,0.0,0.0,0.0
0.21,0.21,0.5,0.21,11.1,72.0,0.0,0.0,0.084513746,11,4,3,0,,,,0.37336665,0.0,0.0,0.0,0.0
0.21,0.21,0.5,0.21,10.0,80.0,0.0,0.0,0.08930975,11,5,3,0,,,,0.37163332,0.0,0.0,0.0,0.0
0.21,0.21,0.5,0.21,10.0,80.0,0.0,0.0,0.09986773,11,6,3,0,,,,0.36831668,0.0,0.0,0.0,0.0
0.21,0.21,0.5,0.21,10.6,80.0,15.0,40.0,0.10068408,11,7,3,0,,,,0.37021667,0.0,0.0,0.0,18.445833
0.21,0.21,0.5,0.21,12.2,67.0,112.0,427.0,0.107138045,11,8,3,0,,,,0.371,0.0,0.0,0.0,79.0625
0.21,0.21,0.21,0.21,13.3,78.0,213.0,361.0,0.114369445,11,9,3,0,,,,0.42496666,0.0,0.0,0.0,211.39583
0.21,0.5,0.21,0.21,15.6,81.0,429.0,670.0,0.11567219,11,10,3,0,,,,0.64711666,0.0,0.0,0.0,339.07916
0.21,0.5,0.21,0.21,18.3,61.0,475.0,692.0,0.117372036,11,11,3,0,,,,0.91216666,0.0,0.0,0.0,443.37918
0.21,0.5,0.21,0.21,18.3,63.0,561.0,790.0,0.1144448,11,12,3,0,,,,1.09175,0.0,0.0,0.0,487.175
0.21,0.5,0.21,0.21,18.3,54.0,559.0,826.0,0.106027275,11,13,3,0,,,,1.0031834,0.0,0.0,0.0,445.75418
0.21,0.5,0.21,0.21,17.8,65.0,482.0,801.0,0.10339261,11,14,3,0,,,,0.80995,0.0,0.0,0.0,363.45834
0.21,0.21,0.21,0.21,17.2,75.0,344.0,721.0,0.10918098,11,15,3,0,,,,0.73536664,0.0,0.0,0.0,218.87917
0.5,0.21,0.21,0.5,16.7,75.0,171.0,542.0,0.11419608,11,16,3,0,,,,0.79623336,0.0,0.0,0.0,21.7125
0.5,0.21,0.21,0.5,15.0,75.0,37.0,144.0,0.11776546,11,17,3,0,,,,1.11355,0.0,0.0,0.0,0.0
0.5,0.21,0.21,0.5,14.4,72.0,0.0,0.0,0.11890392,11,18,3,0,,,,1.2518166,0.0,0.0,0.0,0.0
0.5,0.21,0.21,0.5,14.4,75.0,0.0,0.0,0.114880964,11,19,3,0,,,,1.2754,0.0,0.0,0.0,0.0
0.5,0.21,0.21,0.5,14.4,81.0,0.0,0.0,0.11146924,11,20,3,0,,,,1.1362833,0.0,0.0,0.0,0.0
0.21,0.21,0.21,0.21,14.4,87.0,0.0,0.0,0.102143474,11,21,3,0,,,,1.3328834,0.0,0.0,0.0,0.0
0.21,0.21,0.21,0.21,14.4,84.0,0.0,0.0,0.09705243,11,22,3,0,,,,1.3720167,0.0,0.0,0.0,0.0
0.21,0.21,0.21,0.21,13.3,90.0,0.0,0.0,0.090003476,11,23,3,0,,,,1.43845,0.0,0.0,0.0,0.0
0.21,0.21,0.21,0.21,13.3,87.0,0.0,0.0,0.09071105,11,24,3,0,,,,1.7493833,0.0,0.0,0.0,0.0
0.21,0.21,0.21,0.21,12.8,83.0,0.0,0.0,0.09454689,11,1,4,0,,,,1.1485333,0.0,0.0,0.0,0.0
0.21,0.21,0.21,0.21,11.1,86.0,0.0,0.0,0.09303564,11,2,4,0,,,,0.65008336,0.0,0.0,0.0,0.0
0.21,0.21,0.21,0.21,10.6,90.0,0.0,0.0,0.09383927,11,3,4,0,,,,0.5588667,0.0,0.0,0.0,0.0
0.21,0.21,0.5,0.21,10.6,86.0,0.0,0.0,0.09414391,11,4,4,0,,,,0.39683333,0.0,0.0,0.0,0.0
0.21,0.21,0.5,0.21,9.4,90.0,0.0,0.0,0.09331301,11,5,4,0,,,,0.38453335,0.0,0.0,0.0,0.0
0.21,0.21,0.5,0.21,9.4,86.0,0.0,0.0,0.09342475,11,6,4,0,,,,0.40945,0.0,0.0,0.0,0.0
0.21,0.21,0.5,0.21,10.6,77.0,15.0,51.0,0.09552008,11,7,4,0,,,,0.49886668,0.0,0.0,0.0,20.2625
0.21,0.21,0.5,0.21,13.9,58.0,116.0,484.0,0.09788477,11,8,4,0,,,,0.76135,0.0,0.0,0.0,74.32083
0.21,0.21,0.21,0.21,16.7,45.0,294.0,725.0,0.09734474,11,9,4,0,,,,0.9252667,0.0,0.0,0.0,229.4
0.21,0.5,0.21,0.21,18.3,43.0,448.0,823.0,0.09932144,11,10,4,0,,,,0.9008167,0.0,0.0,0.0,371.44168
0.21,0.5,0.21,0.21,19.4,40.0,556.0,874.0,0.09675894,11,11,4,0,,,,1.3585666,0.0,0.0,0.0,468.03333
0.21,0.5,0.21,0.21,20.6,38.0,601.0,891.0,0.09403513,11,12,4,0,,,,1.4519833,0.0,0.0,0.0,511.90833
0.21,0.5,0.21,0.21,21.1,39.0,577.0,879.0,0.09654022,11,13,4,0,,,,1.1142666,0.0,0.0,0.0,496.83334
0.21,0.5,0.21,0.21,19.4,57.0,489.0,837.0,0.097739205,11,14,4,0,,,,1.1496167,0.0,0.0,0.0,422.45416
0.21,0.21,0.21,0.21,18.9,59.0,349.0,758.0,0.10441026,11,15,4,0,,,,0.81215,0.0,0.0,0.0,279.32083
0.5,0.21,0.21,0.5,18.9,51.0,167.0,471.0,0.112617224,11,16,4,0,,,,1.0377834,0.0,0.0,0.0,40.1375
0.5,0.21,0.21,0.5,16.7,78.0,32.0,66.0,0.11546059,11,17,4,0,,,,1.2798834,0.0,0.0,0.0,0.0
0.5,0.21,0.21,0.5,16.7,78.0,0.0,0.0,0.11695015,11,18,4,0,,,,1.25345,0.0,0.0,0.0,0.0
0.5,0.21,0.21,0.5,16.1,81.0,0.0,0.0,0.11673318,11,19,4,0,,,,1.00425,0.0,0.0,0.0,0.0
0.5,0.21,0.21,0.5,16.7,75.0,0.0,0.0,0.11221008,11,20,4,0,,,,1.0414333,0.0,0.0,0.0,0.0
0.21,0.21,0.21,0.21,16.1,78.0,0.0,0.0,0.10654517,11,21,4,0,,,,1.2269833,0.0,0.0,0.0,0.0
0.21,0.21,0.21,0.21,15.6,72.0,0.0,0.0,0.10188374,11,22,4,0,,,,1.3421,0.0,0.0,0.0,0.0
0.21,0.21,0.21,0.21,14.4,84.0,0.0,0.0,0.09985925,11,23,4,0,,,,1.0126,0.0,0.0,0.0,0.0
0.21,0.21,0.21,0.21,14.4,33.0,0.0,0.0,0.08267998,11,24,4,0,,,,0.648525,0.0,0.0,0.0,0.0
0.21,0.21,0.21,0.21,12.2,77.0,0.0,0.0,0.07999631,11,1,5,0,,,,0.48195,0.0,0.0,0.0,0.0
0.21,0.21,0.21,0.21,11.7,86.0,0.0,0.0,0.08501255,11,2,5,0,,,,0.47843334,0.0,0.0,0.0,0.0
0.21,0.21,0.21,0.21,11.7,74.0,0.0,0.0,0.08563722,11,3,5,0,,,,0.4758,0.0,0.0,0.0,0.0
0.21,0.21,0.5,0.21,11.7,80.0,0.0,0.0,0.08622388,11,4,5,0,,,,0.47076666,0.0,0.0,0.0,0.0
0.21,0.21,0.5,0.21,11.1,77.0,0.0,0.0,0.09015075,11,5,5,0,,,,0.4695,0.0,0.0,0.0,0.0
0.21,0.21,0.5,0.21,10.6,77.0,0.0,0.0,0.09855218,11,6,5,0,,,,0.46635,0.0,0.0,0.0,0.0
0.21,0.21,0.5,0.21,12.2,64.0,7.0,1.0,0.092647366,11,7,5,0,,,,0.47355,0.0,0.0,0.0,19.595833
0.21,0.21,0.5,0.21,14.4,46.0,77.0,120.0,0.091639474,11,8,5,0,,,,0.475,0.0,0.0,0.0,72.379166
0.21,0.21,0.21,0.21,15.6,56.0,230.0,362.0,0.08556864,11,9,5,0,,,,0.51015,0.0,0.0,0.0,224.29167
0.21,0.5,0.21,0.21,18.3,37.0,395.0,550.0,0.09125449,11,10,5,0,,,,0.88133335,0.0,0.0,0.0,359.04584
0.21,0.5,0.21,0.21,18.9,31.0,504.0,622.0,0.092615865,11,11,5,0,,,,0.55758333,0.0,0.0,0.0,448.12082
0.21,0.5,0.21,0.21,20.6,23.0,551.0,649.0,0.09337167,11,12,5,0,,,,0.56895,0.0,0.0,0.0,485.17917
0.21,0.5,0.21,0.21,21.7,22.0,530.0,639.0,0.09328917,11,13,5,0,,,,0.56626666,0.0,0.0,0.0,475.50418
0.21,0.5,0.21,0.21,22.8,12.0,447.0,595.0,0.09666261,11,14,5,0,,,,0.57035,0.0,0.0,0.0,406.4375
0.21,0.21,0.21,0.21,22.8,14.0,304.0,479.0,0.10184682,11,15,5,0,,,,0.66103333,0.0,0.0,0.0,270.45
0.5,0.21,0.21,0.5,21.7,12.0,139.0,268.0,0.107677504,11,16,5,0,,,,0.73298335,0.0,0.0,0.0,39.3875
0.5,0.21,0.21,0.5,18.3,22.0,27.0,17.0,0.1175628,11,17,5,0,,,,0.95563334,0.0,0.0,0.0,0.0
0.5,0.21,0.21,0.5,17.8,32.0,0.0,0.0,0.1120885,11,18,5,0,,,,1.1408666,0.0,0.0,0.0,0.0
0.5,0.21,0.21,0.5,18.3,30.0,0.0,0.0,0.113481894,11,19,5,0,,,,1.2089555,0.0,0.0,0.0,0.0
0.5,0.21,0.21,0.5,16.7,20.0,0.0,0.0,0.10882136,11,20,5,0,,,,0.91896665,0.0,0.0,0.0,0.0
0.21,0.21,0.21,0.21,16.1,17.0,0.0,0.0,0.10426626,11,21,5,0,,,,0.65649164,0.0,0.0,0.0,0.0
0.21,0.21,0.21,0.21,15.0,28.0,0.0,0.0,0.09166762,11,22,5,0,,,,0.9564667,0.0,0.0,0.0,0.0
0.21,0.21,0.21,0.21,15.0,35.0,0.0,0.0,0.082775086,11,23,5,0,,,,1.0240667,0.0,0.0,0.0,0.0
0.21,0.21,0.21,0.21,12.2,43.0,0.0,0.0,0.082027234,11,24,5,0,,,,0.919425,0.0,0.0,0.0,0.0
0.21,0.21,0.21,0.21,13.9,32.0,0.0,0.0,0.08025253,11,1,6,0,,,,0.8092667,0.0,0.0,0.0,0.0
0.21,0.21,0.21,0.21,11.1,38.0,0.0,0.0,0.07871515,11,2,6,0,,,,0.90291667,0.0,0.0,0.0,0.0
0.21,0.21,0.21,0.21,11.1,45.0,0.0,0.0,0.07685287,11,3,6,0,,,,0.90313333,0.0,0.0,0.0,0.0
0.21,0.21,0.5,0.21,9.4,56.0,0.0,0.0,0.07842921,11,4,6,0,,,,0.8451,0.0,0.0,0.0,0.0
0.21,0.21,0.5,0.21,10.0,54.0,0.0,0.0,0.08177111,11,5,6,0,,,,0.6472333,0.0,0.0,0.0,0.0
0.21,0.21,0.5,0.21,8.9,63.0,0.0,0.0,0.092023425,11,6,6,0,,,,0.41826665,0.0,0.0,0.0,0.0
0.21,0.21,0.5,0.21,8.9,54.0,10.0,15.0,0.087435044,11,7,6,0,,,,0.41535,0.0,0.0,0.0,14.704166
0.21,0.21,0.5,0.21,11.7,42.0,100.0,344.0,0.08609934,11,8,6,0,,,,0.41893333,0.0,0.0,0.0,69.78333
0.21,0.21,0.21,0.21,15.0,35.0,273.0,618.0,0.08503897,11,9,6,0,,,,0.41571668,0.0,0.0,0.0,220.45
0.21,0.5,0.21,0.21,17.2,24.0,432.0,745.0,0.08697473,11,10,6,0,,,,0.9177,0.0,0.0,0.0,355.4875
0.21,0.5,0.21,0.21,18.9,20.0,543.0,808.0,0.08763938,11,11,6,0,,,,1.20395,0.0,0.0,0.0,425.64584
0.21,0.5,0.21,0.21,20.0,16.0,590.0,828.0,0.08754524,11,12,6,0,,,,0.9185167,0.0,0.0,0.0,363.94168
0.21,0.5,0.21,0.21,20.6,19.0,567.0,816.0,0.09074047,11,13,6,0,,,,0.8429833,0.0,0.0,0.0,189.25
0.21,0.5,0.21,0.21,18.9,24.0,480.0,773.0,0.09693583,11,14,6,0,,,,0.58608335,0.0,0.0,0.0,40.9
0.21,0.21,0.21,0.21,18.9,26.0,336.0,675.0,0.10479162,11,15,6,0,,,,1.0015167,0.0,0.0,0.0,0.0
0.5,0.21,0.21,0.5,17.8,36.0,161.0,470.0,0.10867085,11,16,6,0,,,,1.1361834,0.0,0.0,0.0,0.0
0.5,0.21,0.21,0.5,15.6,39.0,32.0,86.0,0.11683218,11,17,6,0,,,,1.2773666,0.0,0.0,0.0,0.0
0.5,0.21,0.21,0.5,15.0,44.0,0.0,0.0,0.12258392,11,18,6,0,,,,1.32995,0.0,0.0,0.0,0.0
0.5,0.21,0.21,0.5,15.0,58.0,0.0,0.0,0.11844093,11,19,6,0,,,,1.1135666,0.0,0.0,0.0,0.0
0.5,0.21,0.21,0.5,14.4,62.0,0.0,0.0,0.11607005,11,20,6,0,,,,1.0303333,0.0,0.0,0.0,0.0
0.21,0.21,0.21,0.21,13.9,64.0,0.0,0.0,0.1095171,11,21,6,0,,,,1.0443667,0.0,0.0,0.0,0.0
0.21,0.21,0.21,0.21,12.8,55.0,0.0,0.0,0.09696799,11,22,6,0,,,,1.04895,0.0,0.0,0.0,0.0
0.21,0.21,0.21,0.21,12.2,45.0,0.0,0.0,0.084653884,11,23,6,0,,,,1.0914667,0.0,0.0,0.0,0.0
0.21,0.21,0.21,0.21,12.2,51.0,0.0,0.0,0.083609864,11,24,6,0,,,,1.3918166,0.0,0.0,0.0,0.0
0.21,0.21,0.21,0.21,12.8,36.0,0.0,0.0,0.08119765,11,1,7,0,,,,0.9935333,0.0,0.0,0.0,0.0
0.21,0.21,0.21,0.21,12.2,34.0,0.0,0.0,0.079961956,11,2,7,0,,,,0.95125,0.0,0.0,0.0,0.0
0.21,0.21,0.21,0.21,11.7,35.0,0.0,0.0,0.080169454,11,3,7,0,,,,0.49378332,0.0,0.0,0.0,0.0
0.21,0.21,0.5,0.21,11.1,35.0,0.0,0.0,0.08366162,11,4,7,0,,,,0.48766667,0.0,0.0,0.0,0.0
0.21,0.21,0.5,0.21,11.7,30.0,0.0,0.0,0.09894887,11,5,7,0,,,,0.48255,0.0,0.0,0.0,0.0
0.21,0.21,0.5,0.21,9.4,38.0,0.0,0.0,0.11601239,11,6,7,0,,,,0.48166665,0.0,0.0,0.0,0.0
0.21,0.21,0.5,0.21,11.7,37.0,7.0,1.0,0.13558793,11,7,7,0,,,,0.4779,0.0,0.0,0.0,31.241667
0.21,0.21,0.5,0.21,12.2,34.0,82.0,164.0,0.13623565,11,8,7,0,,,,0.47648335,0.0,0.0,0.0,33.345833
0.21,0.21,0.21,0.21,16.1,26.0,240.0,432.0,0.13741288,11,9,7,0,,,,0.47665,0.0,0.0,0.0,31.975
0.21,0.5,0.21,0.21,18.3,21.0,397.0,578.0,0.13769422,11,10,7,0,,,,0.82836664,0.0,0.0,0.0,8.766666
0.21,0.5,0.21,0.21,20.0,20.0,505.0,646.0,0.14071058,11,11,7,0,,,,1.64035,0.0,0.0,0.0,18.558332
0.21,0.5,0.21,0.21,21.1,16.0,554.0,677.0,0.13700806,11,12,7,0,,,,1.3517667,0.0,0.0,0.0,45.779167
0.21,0.5,0.21,0.21,21.7,16.0,533.0,665.0,0.13487335,11,13,7,0,,,,1.3465,0.0,0.0,0.0,60.095833
0.21,0.5,0.21,0.21,21.1,27.0,441.0,603.0,0.13538022,11,14,7,0,,,,1.4606333,0.0,0.0,0.0,13.933333
0.21,0.21,0.21,0.21,18.3,43.0,300.0,489.0,0.14604068,11,15,7,0,,,,1.5210333,0.0,0.0,0.0,27.829166
0.5,0.21,0.21,0.5,17.2,50.0,136.0,276.0,0.15702052,11,16,7,0,,,,1.7663,0.0,0.0,0.0,0.0
0.5,0.21,0.21,0.5,15.6,65.0,26.0,18.0,0.1699436,11,17,7,0,,,,1.6566666,0.0,0.0,0.0,0.0
0.5,0.21,0.21,0.5,15.6,60.0,0.0,0.0,0.16714329,11,18,7,0,,,,2.09635,0.0,0.0,0.0,0.0
0.5,0.21,0.21,0.5,15.0,65.0,0.0,0.0,0.16628268,11,19,7,0,,,,2.01665,0.0,0.0,0.0,0.0
0.5,0.21,0.21,0.5,15.0,62.0,0.0,0.0,0.17040369,11,20,7,0,,,,2.9128335,0.0,0.0,0.0,0.0
0.21,0.21,0.21,0.21,15.0,58.0,0.0,0.0,0.1739315,11,21,7,0,,,,2.3338,0.0,0.0,0.0,0.0
0.21,0.21,0.21,0.21,12.8,67.0,0.0,0.0,0.15628187,11,22,7,0,,,,1.9214,0.0,0.0,0.0,0.0
0.21,0.21,0.21,0.21,12.2,67.0,0.0,0.0,0.13641205,11,23,7,0,,,,1.3748667,0.0,0.0,0.0,0.0
0.21,0.21,0.21,0.21,11.7,86.0,0.0,0.0,0.10884403,11,24,7,0,,,,0.5590417,0.0,0.0,0.0,0.0
0.21,0.21,0.21,0.21,11.7,45.0,0.0,0.0,0.09966824,11,1,1,0,,,,0.5073,0.0,0.0,0.0,0.0
0.21,0.21,0.21,0.21,10.6,50.0,0.0,0.0,0.09859581,11,2,1,0,,,,0.50621665,0.0,0.0,0.0,0.0
0.21,0.21,0.21,0.21,10.0,50.0,0.0,0.0,0.098786116,11,3,1,0,,,,0.50185,0.0,0.0,0.0,0.0
0.21,0.21,0.5,0.21,9.4,54.0,0.0,0.0,0.100067355,11,4,1,0,,,,0.5029333,0.0,0.0,0.0,0.0
0.21,0.21,0.5,0.21,9.4,52.0,0.0,0.0,0.10836747,11,5,1,0,,,,0.49653333,0.0,0.0,0.0,0.0
0.21,0.21,0.5,0.21,8.9,52.0,0.0,0.0,0.13074376,11,6,1,0,,,,0.81873333,0.0,0.0,0.0,0.0
0.21,0.21,0.5,0.21,8.3,54.0,10.0,35.0,0.13723317,11,7,1,0,,,,0.8863,0.0,0.0,0.0,44.0
0.21,0.21,0.5,0.21,10.6,48.0,101.0,391.0,0.13145961,11,8,1,0,,,,0.8663,0.0,0.0,0.0,112.1375
0.21,0.21,0.21,0.21,13.3,42.0,235.0,478.0,0.13119778,11,9,1,0,,,,0.61215,0.0,0.0,0.0,181.1125
0.21,0.5,0.21,0.21,15.6,46.0,403.0,640.0,0.12867598,11,10,1,0,,,,0.41948333,0.0,0.0,0.0,306.34583
0.21,0.5,0.21,0.21,16.7,58.0,539.0,878.0,0.12900357,11,11,1,0,,,,0.43246666,0.0,0.0,0.0,444.95834
0.21,0.5,0.21,0.21,18.3,49.0,590.0,905.0,0.1261481,11,12,1,0,,,,0.42583334,0.0,0.0,0.0,365.12082
0.21,0.5,0.21,0.21,18.3,54.0,563.0,886.0,0.12219171,11,13,1,0,,,,0.42,0.0,0.0,0.0,291.9625
0.21,0.5,0.21,0.21,17.8,52.0,486.0,862.0,0.12254481,11,14,1,0,,,,0.41733333,0.0,0.0,0.0,110.3375
0.21,0.21,0.21,0.21,17.2,58.0,345.0,781.0,0.12651494,11,15,1,0,,,,0.43228334,0.0,0.0,0.0,117.36667
0.5,0.21,0.21,0.5,15.6,65.0,175.0,621.0,0.13747126,11,16,1,0,,,,0.41016668,0.0,0.0,0.0,23.970833
0.5,0.21,0.21,0.5,14.4,62.0,39.0,197.0,0.14936732,11,17,1,0,,,,1.9278,0.0,0.0,0.0,0.0
0.5,0.21,0.21,0.5,13.9,67.0,0.0,0.0,0.14633974,11,18,1,0,,,,0.9026833,0.0,0.0,0.0,0.0
0.5,0.21,0.21,0.5,13.9,64.0,0.0,0.0,0.1462693,11,19,1,0,,,,1.2918833,0.0,0.0,0.0,0.0
0.5,0.21,0.21,0.5,13.3,67.0,0.0,0.0,0.14306879,11,20,1,0,,,,3.01625,0.0,0.0,0.0,0.0
0.21,0.21,0.21,0.21,12.2,67.0,0.0,0.0,0.12995145,11,21,1,0,,,,1.3026667,0.0,0.0,0.0,0.0
0.21,0.21,0.21,0.21,11.7,77.0,0.0,0.0,0.11096498,11,22,1,0,,,,1.9917333,0.0,0.0,0.0,0.0
0.21,0.21,0.21,0.21,10.6,80.0,0.0,0.0,0.104507685,11,23,1,0,,,,1.45305,0.0,0.0,0.0,0.0
0.21,0.21,0.21,0.21,11.1,93.0,0.0,0.0,0.09560749,11,24,1,0,,,,0.36400834,0.0,0.0,0.0,0.0
0.21,0.21,0.21,0.21,11.7,83.0,0.0,0.0,0.10460628,11,1,2,0,,,,0.36471668,0.0,0.0,0.0,0.0
0.21,0.21,0.21,0.21,11.1,86.0,0.0,0.0,0.100371204,11,2,2,0,,,,0.3619,0.0,0.0,0.0,0.0
0.21,0.21,0.21,0.21,11.1,83.0,0.0,0.0,0.09349127,11,3,2,0,,,,0.35636666,0.0,0.0,0.0,0.0
0.21,0.21,0.5,0.21,10.6,86.0,0.0,0.0,0.09696573,11,4,2,0,,,,0.35528332,0.0,0.0,0.0,0.0
0.21,0.21,0.5,0.21,9.4,86.0,0.0,0.0,0.10071521,11,5,2,0,,,,0.35375,0.0,0.0,0.0,0.0
0.21,0.21,0.5,0.21,10.0,83.0,0.0,0.0,0.11372308,11,6,2,0,,,,0.4341,0.0,0.0,0.0,0.0
0.21,0.21,0.5,0.21,9.4,83.0,7.0,9.0,0.11854806,11,7,2,0,,,,0.9758667,0.0,0.0,0.0,17.245832
0.21,0.21,0.5,0.21,11.7,74.0,90.0,304.0,0.116778195,11,8,2,0,,,,0.66815,0.0,0.0,0.0,62.133335
0.21,0.21,0.21,0.21,13.3,60.0,258.0,587.0,0.116455756,11,9,2,0,,,,0.4017,0.0,0.0,0.0,212.67917
0.21,0.5,0.21,0.21,15.0,58.0,412.0,713.0,0.11344018,11,10,2,0,,,,0.36325,0.0,0.0,0.0,354.70834
0.21,0.5,0.21,0.21,17.2,52.0,520.0,774.0,0.109357394,11,11,2,0,,,,0.37635,0.0,0.0,0.0,452.92084
0.21,0.5,0.21,0.21,17.8,45.0,568.0,798.0,0.10796179,11,12,2,0,,,,0.37453333,0.0,0.0,0.0,500.07083
0.21,0.5,0.21,0.21,16.7,50.0,547.0,786.0,0.110629715,11,13,2,0,,,,0.37226668,0.0,0.0,0.0,489.05832
0.21,0.5,0.21,0.21,16.7,52.0,463.0,744.0,0.11496191,11,14,2,0,,,,0.36293334,0.0,0.0,0.0,422.3
0.21,0.21,0.21,0.21,16.1,56.0,324.0,648.0,0.12626128,11,15,2,0,,,,0.35991666,0.0,0.0,0.0,284.32916
0.5,0.21,0.21,0.5,15.6,62.0,155.0,445.0,0.13919388,11,16,2,0,,,,1.6147,0.0,0.0,0.0,36.0
0.5,0.21,0.21,0.5,14.4,67.0,31.0,77.0,0.14890565,11,17,2,0,,,,0.712,0.0,0.0,0.0,0.0
0.5,0.21,0.21,0.5,13.3,72.0,0.0,0.0,0.15119196,11,18,2,0,,,,1.2954667,0.0,0.0,0.0,0.0
0.5,0.21,0.21,0.5,12.8,83.0,0.0,0.0,0.1486565,11,19,2,0,,,,4.1611166,0.0,0.0,0.0,0.0
0.5,0.21,0.21,0.5,13.3,80.0,0.0,0.0,0.14900862,11,20,2,0,,,,2.0598917,0.0,0.0,0.0,0.0
0.21,0.21,0.21,0.21,13.3,72.0,0.0,0.0,0.14291659,11,21,2,0,,,,2.8977334,0.0,0.0,0.0,0.0
0.21,0.21,0.21,0.21,12.8,87.0,0.0,0.0,0.13146229,11,22,2,0,,,,2.2216666,0.0,0.0,0.0,0.0
0.21,0.21,0.21,0.21,12.2,86.0,0.0,0.0,0.11140417,11,23,2,0,,,,1.1122833,0.0,0.0,0.0,0.0
0.21,0.21,0.21,0.21,13.4,80.0,0.0,0.0,0.10033542,11,24,2,0,,,,0.5952,0.0,0.0,0.0,0.0
0.21,0.21,0.21,0.21,11.1,90.0,0.0,0.0,0.0978789,11,1,3,0,,,,0.44918334,0.0,0.0,0.0,0.0
0.21,0.21,0.21,0.21,10.0,83.0,0.0,0.0,0.09537765,11,2,3,0,,,,0.44388333,0.0,0.0,0.0,0.0
0.21,0.21,0.21,0.21,10.0,86.0,0.0,0.0,0.09601626,11,3,3,0,,,,0.442275,0.0,0.0,0.0,0.0
0.21,0.21,0.5,0.21,10.0,83.0,0.0,0.0,0.09505946,11,4,3,0,,,,0.44063333,0.0,0.0,0.0,0.0
0.21,0.21,0.5,0.21,8.9,86.0,0.0,0.0,0.106086336,11,5,3,0,,,,0.4398,0.0,0.0,0.0,0.0
0.21,0.21,0.5,0.21,8.9,83.0,0.0,0.0,0.12382324,11,6,3,0,,,,0.5544,0.0,0.0,0.0,0.0
0.21,0.21,0.5,0.21,8.9,86.0,11.0,24.0,0.13601905,11,7,3,0,,,,0.81048334,0.0,0.0,0.0,14.208333
0.21,0.21,0.5,0.21,11.1,74.0,71.0,121.0,0.13386981,11,8,3,0,,,,0.5952167,0.0,0.0,0.0,59.795834
0.21,0.21,0.21,0.21,12.8,64.0,221.0,345.0,0.132772,11,9,3,0,,,,0.36166668,0.0,0.0,0.0,208.33333
0.21,0.5,0.21,0.21,13.3,62.0,326.0,405.0,0.13303906,11,10,3,0,,,,0.36668333,0.0,0.0,0.0,343.89584
0.21,0.5,0.21,0.21,16.1,54.0,280.0,116.0,0.12926322,11,11,3,0,,,,0.37046668,0.0,0.0,0.0,401.8625
0.21,0.5,0.21,0.21,16.1,54.0,421.0,373.0,0.124266766,11,12,3,0,,,,0.36888334,0.0,0.0,0.0,473.71667
0.21,0.5,0.21,0.21,15.6,58.0,417.0,264.0,0.122088864,11,13,3,0,,,,0.35725,0.0,0.0,0.0,463.09583
0.21,0.5,0.21,0.21,15.6,65.0,206.0,36.0,0.121911034,11,14,3,0,,,,0.35075,0.0,0.0,0.0,394.9875
0.21,0.21,0.21,0.21,15.0,70.0,252.0,123.0,0.13025537,11,15,3,0,,,,0.42173332,0.0,0.0,0.0,262.7
0.5,0.21,0.21,0.5,14.4,78.0,109.0,40.0,0.13521494,11,16,3,0,,,,0.49031666,0.0,0.0,0.0,39.433334
0.5,0.21,0.21,0.5,13.3,80.0,37.0,56.0,0.14398631,11,17,3,0,,,,0.40195,0.0,0.0,0.0,0.0
0.5,0.21,0.21,0.5,12.8,80.0,0.0,0.0,0.14442918,11,18,3,0,,,,0.98211664,0.0,0.0,0.0,0.0
0.5,0.21,0.21,0.5,13.3,83.0,0.0,0.0,0.14281288,11,19,3,0,,,,1.4817166,0.0,0.0,0.0,0.0
0.5,0.21,0.21,0.5,12.8,83.0,0.0,0.0,0.13685282,11,20,3,0,,,,1.8267,0.0,0.0,0.0,0.0
0.21,0.21,0.21,0.21,13.9,84.0,0.0,0.0,0.13122629,11,21,3,0,,,,1.75715,0.0,0.0,0.0,0.0
0.21,0.21,0.21,0.21,13.7,80.0,0.0,0.0,0.11630568,11,22,3,0,,,,1.4519666,0.0,0.0,0.0,0.0
0.21,0.21,0.21,0.21,13.6,83.0,0.0,0.0,0.11052894,11,23,3,0,,,,1.2581834,0.0,0.0,0.0,0.0
0.21,0.21,0.21,0.21,16.1,24.0,0.0,0.0,0.10485155,11,24,3,0,,,,1.4430584,0.0,0.0,0.0,0.0
0.21,0.21,0.21,0.21,13.3,25.0,0.0,0.0,0.10576739,12,1,4,0,,,,0.6736,0.0,0.0,0.0,0.0
0.21,0.21,0.21,0.21,13.1,23.0,0.0,0.0,0.09914119,12,2,4,0,,,,0.5951167,0.0,0.0,0.0,0.0
0.21,0.21,0.21,0.21,13.0,22.0,0.0,0.0,0.09674087,12,3,4,0,,,,0.48538333,0.0,0.0,0.0,0.0
0.21,0.21,0.5,0.21,12.8,22.0,0.0,0.0,0.09875379,12,4,4,0,,,,0.51643336,0.0,0.0,0.0,0.0
0.21,0.21,0.5,0.21,11.7,26.0,0.0,0.0,0.10527474,12,5,4,0,,,,0.47956666,0.0,0.0,0.0,0.0
0.21,0.21,0.5,0.21,13.3,24.0,0.0,0.0,0.12762228,12,6,4,0,,,,0.60441667,0.0,0.0,0.0,0.0
0.21,0.21,0.5,0.21,13.9,23.0,4.0,0.0,0.13392757,12,7,4,0,,,,0.6292833,0.0,0.0,0.0,27.8125
0.21,0.21,0.5,0.21,15.6,24.0,65.0,53.0,0.13868698,12,8,4,0,,,,0.35121667,0.0,0.0,0.0,99.80417
0.21,0.21,0.21,0.21,17.8,23.0,187.0,214.0,0.1392157,12,9,4,0,,,,0.35281667,0.0,0.0,0.0,200.2375
0.21,0.5,0.21,0.21,20.6,23.0,347.0,421.0,0.13601884,12,10,4,0,,,,0.34693334,0.0,0.0,0.0,225.63333
0.21,0.5,0.21,0.21,23.3,22.0,473.0,459.0,0.13273166,12,11,4,0,,,,0.34838334,0.0,0.0,0.0,227.40834
0.21,0.5,0.21,0.21,25.6,23.0,514.0,576.0,0.12900628,12,12,4,0,,,,0.35611665,0.0,0.0,0.0,439.725
0.21,0.5,0.21,0.21,23.9,25.0,458.0,469.0,0.13030565,12,13,4,0,,,,0.35235,0.0,0.0,0.0,416.9375
0.21,0.5,0.21,0.21,22.8,34.0,398.0,407.0,0.13593978,12,14,4,0,,,,0.4525,0.0,0.0,0.0,367.85
0.21,0.21,0.21,0.21,20.6,39.0,232.0,217.0,0.13295403,12,15,4,0,,,,0.7564667,0.0,0.0,0.0,254.05833
0.5,0.21,0.21,0.5,18.3,54.0,116.0,107.0,0.14382881,12,16,4,0,,,,0.6507,0.0,0.0,0.0,31.166666
0.5,0.21,0.21,0.5,17.2,70.0,20.0,3.0,0.15238166,12,17,4,0,,,,0.85585,0.0,0.0,0.0,0.0
0.5,0.21,0.21,0.5,16.1,75.0,0.0,0.0,0.15756291,12,18,4,0,,,,0.83098334,0.0,0.0,0.0,0.0
0.5,0.21,0.21,0.5,16.1,78.0,0.0,0.0,0.14834465,12,19,4,0,,,,0.89445,0.0,0.0,0.0,0.0
0.5,0.21,0.21,0.5,16.7,75.0,0.0,0.0,0.14095886,12,20,4,0,,,,1.4849334,0.0,0.0,0.0,0.0
0.21,0.21,0.21,0.21,18.9,34.0,0.0,0.0,0.13367817,12,21,4,0,,,,2.85985,0.0,0.0,0.0,0.0
0.21,0.21,0.21,0.21,17.8,32.0,0.0,0.0,0.122270145,12,22,4,0,,,,1.3701667,0.0,0.0,0.0,0.0
0.21,0.21,0.21,0.21,17.8,24.0,0.0,0.0,0.113844,12,23,4,0,,,,1.1469333,0.0,0.0,0.0,0.0
0.21,0.21,0.21,0.21,14.4,51.0,0.0,0.0,0.10063755,12,24,4,0,,,,0.93570834,0.0,0.0,0.0,0.0
0.21,0.21,0.21,0.21,15.6,23.0,0.0,0.0,0.09887924,12,1,5,0,,,,0.44378334,0.0,0.0,0.0,0.0
0.21,0.21,0.21,0.21,16.1,24.0,0.0,0.0,0.10355774,12,2,5,0,,,,0.44516668,0.0,0.0,0.0,0.0
0.21,0.21,0.21,0.21,15.6,23.0,0.0,0.0,0.10707366,12,3,5,0,,,,0.43935,0.0,0.0,0.0,0.0
0.21,0.21,0.5,0.21,13.3,26.0,0.0,0.0,0.106669836,12,4,5,0,,,,0.43315,0.0,0.0,0.0,0.0
0.21,0.21,0.5,0.21,12.8,30.0,0.0,0.0,0.11295297,12,5,5,0,,,,0.4322,0.0,0.0,0.0,0.0
0.21,0.21,0.5,0.21,15.0,23.0,0.0,0.0,0.12205822,12,6,5,0,,,,0.51771665,0.0,0.0,0.0,0.0
0.21,0.21,0.5,0.21,14.4,23.0,6.0,9.0,0.12733342,12,7,5,0,,,,0.7704167,0.0,0.0,0.0,14.329166
0.21,0.21,0.5,0.21,13.9,27.0,64.0,110.0,0.13611473,12,8,5,0,,,,0.43803334,0.0,0.0,0.0,59.216667
0.21,0.21,0.21,0.21,17.8,24.0,203.0,302.0,0.1338707,12,9,5,0,,,,0.44253334,0.0,0.0,0.0,209.12917
0.21,0.5,0.21,0.21,18.9,23.0,377.0,502.0,0.1331802,12,10,5,0,,,,0.44755,0.0,0.0,0.0,349.83334
0.21,0.5,0.21,0.21,23.3,22.0,412.0,448.0,0.13290001,12,11,5,0,,,,0.44776666,0.0,0.0,0.0,442.90833
0.21,0.5,0.21,0.21,25.0,23.0,585.0,796.0,0.13353834,12,12,5,0,,,,0.44015,0.0,0.0,0.0,482.99582
0.21,0.5,0.21,0.21,26.1,22.0,509.0,703.0,0.13088267,12,13,5,0,,,,0.43686667,0.0,0.0,0.0,481.225
0.21,0.5,0.21,0.21,21.1,47.0,438.0,738.0,0.13310651,12,14,5,0,,,,0.43626666,0.0,0.0,0.0,413.64584
0.21,0.21,0.21,0.21,20.6,47.0,333.0,741.0,0.13942021,12,15,5,0,,,,0.6722,0.0,0.0,0.0,280.02084
0.5,0.21,0.21,0.5,18.9,57.0,165.0,571.0,0.14496975,12,16,5,0,,,,1.48555,0.0,0.0,0.0,38.845833
0.5,0.21,0.21,0.5,16.7,67.0,36.0,165.0,0.1504868,12,17,5,0,,,,1.5616833,0.0,0.0,0.0,6.0833335
0.5,0.21,0.21,0.5,17.2,56.0,0.0,0.0,0.1497092,12,18,5,0,,,,1.42915,0.0,0.0,0.0,0.0
0.5,0.21,0.21,0.5,16.7,60.0,0.0,0.0,0.14400776,12,19,5,0,,,,1.1608167,0.0,0.0,0.0,0.0
0.5,0.21,0.21,0.5,16.1,70.0,0.0,0.0,0.1433081,12,20,5,0,,,,1.9371333,0.0,0.0,0.0,0.0
0.21,0.21,0.21,0.21,16.1,70.0,0.0,0.0,0.13660087,12,21,5,0,,,,0.6947167,0.0,0.0,0.0,0.0
0.21,0.21,0.21,0.21,15.0,67.0,0.0,0.0,0.12218272,12,22,5,0,,,,0.60385,0.0,0.0,0.0,0.0
0.21,0.21,0.21,0.21,15.0,65.0,0.0,0.0,0.11098461,12,23,5,0,,,,0.42631668,0.0,0.0,0.0,0.0
0.21,0.21,0.21,0.21,13.9,97.0,0.0,0.0,0.10831919,12,24,5,0,,,,0.442475,0.0,0.0,0.0,0.0
0.21,0.21,0.21,0.21,13.3,60.0,0.0,0.0,0.112994134,12,1,6,0,,,,0.43495,0.0,0.0,0.0,0.0
0.21,0.21,0.21,0.21,12.2,62.0,0.0,0.0,0.096880995,12,2,6,0,,,,0.43718332,0.0,0.0,0.0,0.0
0.21,0.21,0.21,0.21,11.7,53.0,0.0,0.0,0.09108494,12,3,6,0,,,,0.43456668,0.0,0.0,0.0,0.0
0.21,0.21,0.5,0.21,12.2,45.0,0.0,0.0,0.0885939,12,4,6,0,,,,0.55051666,0.0,0.0,0.0,0.0
0.21,0.21,0.5,0.21,10.6,55.0,0.0,0.0,0.09324977,12,5,6,0,,,,0.85031664,0.0,0.0,0.0,0.0
0.21,0.21,0.5,0.21,10.6,57.0,0.0,0.0,0.105954625,12,6,6,0,,,,0.4597,0.0,0.0,0.0,0.0
0.21,0.21,0.5,0.21,11.1,45.0,4.0,1.0,0.10816472,12,7,6,0,,,,0.75795,0.0,0.0,0.0,13.3
0.21,0.21,0.5,0.21,13.3,37.0,73.0,192.0,0.11080826,12,8,6,0,,,,1.5550166,0.0,0.0,0.0,54.916668
0.21,0.21,0.21,0.21,16.7,29.0,233.0,486.0,0.11493823,12,9,6,0,,,,2.86715,0.0,0.0,0.0,201.91667
0.21,0.5,0.21,0.21,18.9,27.0,387.0,630.0,0.12288545,12,10,6,0,,,,3.3092833,0.0,0.0,0.0,343.9625
0.21,0.5,0.21,0.21,21.7,24.0,496.0,700.0,0.12085732,12,11,6,0,,,,1.3647333,0.0,0.0,0.0,441.16666
0.21,0.5,0.21,0.21,23.3,24.0,544.0,726.0,0.1178413,12,12,6,0,,,,1.2624834,0.0,0.0,0.0,485.3375
0.21,0.5,0.21,0.21,21.7,46.0,520.0,705.0,0.12002065,12,13,6,0,,,,0.46468332,0.0,0.0,0.0,478.94583
0.21,0.5,0.21,0.21,21.1,51.0,437.0,655.0,0.12544896,12,14,6,0,,,,0.44331667,0.0,0.0,0.0,412.42084
0.21,0.21,0.21,0.21,20.0,57.0,302.0,550.0,0.13229941,12,15,6,0,,,,0.43911666,0.0,0.0,0.0,276.65833
0.5,0.21,0.21,0.5,17.8,84.0,139.0,336.0,0.1412986,12,16,6,0,,,,0.42561665,0.0,0.0,0.0,38.8625
0.5,0.21,0.21,0.5,15.6,87.0,22.0,27.0,0.15065491,12,17,6,0,,,,0.42325,0.0,0.0,0.0,0.0
0.5,0.21,0.21,0.5,15.0,90.0,0.0,0.0,0.15426004,12,18,6,0,,,,0.41835,0.0,0.0,0.0,0.0
0.5,0.21,0.21,0.5,15.6,87.0,0.0,0.0,0.15017734,12,19,6,0,,,,0.41871667,0.0,0.0,0.0,0.0
0.5,0.21,0.21,0.5,15.0,93.0,0.0,0.0,0.14825167,12,20,6,0,,,,0.42101666,0.0,0.0,0.0,0.0
0.21,0.21,0.21,0.21,16.1,90.0,0.0,0.0,0.13736703,12,21,6,0,,,,0.42811668,0.0,0.0,0.0,0.0
0.21,0.21,0.21,0.21,15.0,90.0,0.0,0.0,0.13004611,12,22,6,0,,,,1.1301334,0.0,0.0,0.0,0.0
0.21,0.21,0.21,0.21,14.4,97.0,0.0,0.0,0.114872575,12,23,6,0,,,,0.94236666,0.0,0.0,0.0,0.0
0.21,0.21,0.21,0.21,15.0,90.0,0.0,0.0,0.10266412,12,24,6,0,,,,0.660625,0.0,0.0,0.0,0.0
0.21,0.21,0.21,0.21,13.3,93.0,0.0,0.0,0.10204633,12,1,7,0,,,,0.47615,0.0,0.0,0.0,0.0
0.21,0.21,0.21,0.21,13.3,90.0,0.0,0.0,0.10532818,12,2,7,0,,,,0.43221667,0.0,0.0,0.0,0.0
0.21,0.21,0.21,0.21,12.8,87.0,0.0,0.0,0.10600514,12,3,7,0,,,,0.42751667,0.0,0.0,0.0,0.0
0.21,0.21,0.5,0.21,12.8,97.0,0.0,0.0,0.105232164,12,4,7,0,,,,0.4274,0.0,0.0,0.0,0.0
0.21,0.21,0.5,0.21,12.8,87.0,0.0,0.0,0.11723826,12,5,7,0,,,,0.42721668,0.0,0.0,0.0,0.0
0.21,0.21,0.5,0.21,12.8,80.0,0.0,0.0,0.14217801,12,6,7,0,,,,0.43441668,0.0,0.0,0.0,0.0
0.21,0.21,0.5,0.21,13.9,97.0,3.0,0.0,0.15759209,12,7,7,0,,,,0.83671665,0.0,0.0,0.0,11.008333
0.21,0.21,0.5,0.21,13.9,100.0,55.0,5.0,0.15696104,12,8,7,0,,,,0.94138336,0.0,0.0,0.0,52.2625
0.21,0.21,0.21,0.21,15.0,90.0,84.0,1.0,0.15423888,12,9,7,0,,,,4.42415,0.0,0.0,0.0,194.5125
0.21,0.5,0.21,0.21,16.1,81.0,192.0,4.0,0.14977387,12,10,7,0,,,,1.0574833,0.0,0.0,0.0,329.41043
0.21,0.5,0.21,0.21,17.2,75.0,199.0,7.0,0.14316036,12,11,7,0,,,,0.56735,0.0,0.0,0.0,421.30417
0.21,0.5,0.21,0.21,17.8,68.0,228.0,1.0,0.13845265,12,12,7,0,,,,0.6313,0.0,0.0,0.0,460.54584
0.21,0.5,0.21,0.21,17.8,78.0,249.0,2.0,0.13591439,12,13,7,0,,,,0.63126665,0.0,0.0,0.0,453.5
0.21,0.5,0.21,0.21,17.2,84.0,201.0,2.0,0.13458847,12,14,7,0,,,,0.63088334,0.0,0.0,0.0,356.48334
0.21,0.21,0.21,0.21,17.8,75.0,150.0,2.0,0.14089897,12,15,7,0,,,,0.52893335,0.0,0.0,0.0,223.52916
0.5,0.21,0.21,0.5,17.8,75.0,80.0,1.0,0.15081097,12,16,7,0,,,,0.40996668,0.0,0.0,0.0,18.45
0.5,0.21,0.21,0.5,17.8,75.0,24.0,0.0,0.15632048,12,17,7,0,,,,0.41698334,0.0,0.0,0.0,0.0
0.5,0.21,0.21,0.5,17.8,73.0,0.0,0.0,0.15779373,12,18,7,0,,,,0.41681665,0.0,0.0,0.0,0.0
0.5,0.21,0.21,0.5,17.2,75.0,0.0,0.0,0.15577854,12,19,7,0,,,,0.4157,0.0,0.0,0.0,0.0
0.5,0.21,0.21,0.5,16.7,87.0,0.0,0.0,0.14804439,12,20,7,0,,,,0.41383332,0.0,0.0,0.0,0.0
0.21,0.21,0.21,0.21,16.1,84.0,0.0,0.0,0.13375401,12,21,7,0,,,,0.42015,0.0,0.0,0.0,0.0
0.21,0.21,0.21,0.21,16.1,81.0,0.0,0.0,0.11441843,12,22,7,0,,,,0.42198333,0.0,0.0,0.0,0.0
0.21,0.21,0.21,0.21,15.6,90.0,0.0,0.0,0.107019305,12,23,7,0,,,,0.42271668,0.0,0.0,0.0,0.0
0.21,0.21,0.21,0.21,14.4,75.0,0.0,0.0,0.09459277,12,24,7,0,,,,0.4257,0.0,0.0,0.0,0.0
0.21,0.21,0.21,0.21,14.4,90.0,0.0,0.0,0.09362649,12,1,1,0,,,,0.42595,0.0,0.0,0.0,0.0
0.21,0.21,0.21,0.21,13.9,87.0,0.0,0.0,0.092332214,12,2,1,0,,,,0.42803332,0.0,0.0,0.0,0.0
0.21,0.21,0.21,0.21,13.9,84.0,0.0,0.0,0.09504598,12,3,1,0,,,,0.42431667,0.0,0.0,0.0,0.0
0.21,0.21,0.5,0.21,13.9,84.0,0.0,0.0,0.09383317,12,4,1,0,,,,0.42351666,0.0,0.0,0.0,0.0
0.21,0.21,0.5,0.21,14.4,81.0,0.0,0.0,0.10984007,12,5,1,0,,,,0.42401665,0.0,0.0,0.0,0.0
0.21,0.21,0.5,0.21,13.9,72.0,0.0,0.0,0.11915348,12,6,1,0,,,,0.52605,0.0,0.0,0.0,0.0
0.21,0.21,0.5,0.21,13.3,69.0,3.0,2.0,0.119798884,12,7,1,0,,,,0.73933333,0.0,0.0,0.0,33.754166
0.21,0.21,0.5,0.21,14.4,58.0,21.0,1.0,0.122351,12,8,1,0,,,,0.42695,0.0,0.0,0.0,96.77917
0.21,0.21,0.21,0.21,17.8,50.0,209.0,215.0,0.12256724,12,9,1,0,,,,0.43093333,0.0,0.0,0.0,203.075
0.21,0.5,0.21,0.21,17.8,58.0,263.0,282.0,0.12389977,12,10,1,0,,,,0.42868334,0.0,0.0,0.0,267.8375
0.21,0.5,0.21,0.21,18.9,61.0,280.0,10.0,0.12600432,12,11,1,0,,,,0.43211666,0.0,0.0,0.0,258.71667
0.21,0.5,0.21,0.21,18.3,59.0,317.0,8.0,0.12140323,12,12,1,0,,,,0.43326667,0.0,0.0,0.0,299.74582
0.21,0.5,0.21,0.21,18.3,68.0,229.0,6.0,0.12517174,12,13,1,0,,,,0.4357,0.0,0.0,0.0,373.44168
0.21,0.5,0.21,0.21,17.8,70.0,238.0,0.0,0.12302062,12,14,1,0,,,,0.43715,0.0,0.0,0.0,344.78333
0.21,0.21,0.21,0.21,17.2,78.0,172.0,4.0,0.12626986,12,15,1,0,,,,0.43258333,0.0,0.0,0.0,188.92084
0.5,0.21,0.21,0.5,16.7,78.0,70.0,5.0,0.1375641,12,16,1,0,,,,0.8032333,0.0,0.0,0.0,22.679167
0.5,0.21,0.21,0.5,16.1,78.0,17.0,1.0,0.1533576,12,17,1,0,,,,0.9747,0.0,0.0,0.0,0.0
0.5,0.21,0.21,0.5,16.1,87.0,0.0,0.0,0.14520685,12,18,1,0,,,,1.0439334,0.0,0.0,0.0,0.0
0.5,0.21,0.21,0.5,16.1,90.0,0.0,0.0,0.13520898,12,19,1,0,,,,1.1576333,0.0,0.0,0.0,0.0
0.5,0.21,0.21,0.5,16.1,70.0,0.0,0.0,0.13383278,12,20,1,0,,,,1.2867666,0.0,0.0,0.0,0.0
0.21,0.21,0.21,0.21,16.1,63.0,0.0,0.0,0.12042501,12,21,1,0,,,,1.3229166,0.0,0.0,0.0,0.0
0.21,0.21,0.21,0.21,15.6,67.0,0.0,0.0,0.10405709,12,22,1,0,,,,1.1373,0.0,0.0,0.0,0.0
0.21,0.21,0.21,0.21,15.0,67.0,0.0,0.0,0.097939216,12,23,1,0,,,,0.7221,0.0,0.0,0.0,0.0
0.21,0.21,0.21,0.21,13.3,83.0,0.0,0.0,0.09034331,12,24,1,0,,,,0.651475,0.0,0.0,0.0,0.0
0.21,0.21,0.21,0.21,15.0,72.0,0.0,0.0,0.090931535,12,1,2,0,,,,0.6515333,0.0,0.0,0.0,0.0
0.21,0.21,0.21,0.21,14.4,65.0,0.0,0.0,0.09338674,12,2,2,0,,,,0.65015,0.0,0.0,0.0,0.0
0.21,0.21,0.21,0.21,13.3,87.0,0.0,0.0,0.09555031,12,3,2,0,,,,0.64631665,0.0,0.0,0.0,0.0
0.21,0.21,0.5,0.21,12.8,93.0,0.0,0.0,0.09872934,12,4,2,0,,,,0.6473333,0.0,0.0,0.0,0.0
0.21,0.21,0.5,0.21,12.2,96.0,0.0,0.0,0.10380134,12,5,2,0,,,,0.64225,0.0,0.0,0.0,0.0
0.21,0.21,0.5,0.21,12.2,96.0,0.0,0.0,0.11417913,12,6,2,0,,,,2.6173666,0.0,0.0,0.0,0.0
0.21,0.21,0.5,0.21,12.2,96.0,1.0,0.0,0.12048788,12,7,2,0,,,,1.47415,0.0,0.0,0.0,34.183334
0.21,0.21,0.5,0.21,12.2,96.0,24.0,1.0,0.1261436,12,8,2,0,,,,0.93925,0.0,0.0,0.0,69.854164
0.21,0.21,0.21,0.21,12.2,96.0,71.0,1.0,0.12521304,12,9,2,0,,,,0.42525,0.0,0.0,0.0,147.56667
0.21,0.5,0.21,0.21,12.8,93.0,112.0,1.0,0.12541321,12,10,2,0,,,,0.42443332,0.0,0.0,0.0,208.1625
0.21,0.5,0.21,0.21,13.3,93.0,236.0,1.0,0.121152446,12,11,2,0,,,,0.43118334,0.0,0.0,0.0,200.16667
0.21,0.5,0.21,0.21,14.4,87.0,263.0,1.0,0.12656482,12,12,2,0,,,,0.42598334,0.0,0.0,0.0,208.07083
0.21,0.5,0.21,0.21,15.0,84.0,394.0,369.0,0.1227833,12,13,2,0,,,,0.42531666,0.0,0.0,0.0,60.6375
0.21,0.5,0.21,0.21,16.1,78.0,262.0,220.0,0.12638447,12,14,2,0,,,,0.42415,0.0,0.0,0.0,55.4125
0.21,0.21,0.21,0.21,16.1,75.0,271.0,398.0,0.13210139,12,15,2,0,,,,0.415,0.0,0.0,0.0,15.283334
0.5,0.21,0.21,0.5,15.6,75.0,122.0,220.0,0.13939986,12,16,2,0,,,,3.7447166,0.0,0.0,0.0,0.0
0.5,0.21,0.21,0.5,14.4,81.0,23.0,10.0,0.15091012,12,17,2,0,,,,2.1945667,0.0,0.0,0.0,0.0
0.5,0.21,0.21,0.5,14.4,75.0,0.0,0.0,0.15776685,12,18,2,0,,,,1.0333166,0.0,0.0,0.0,0.0
0.5,0.21,0.21,0.5,15.0,81.0,0.0,0.0,0.15486142,12,19,2,0,,,,2.2461333,0.0,0.0,0.0,0.0
0.5,0.21,0.21,0.5,14.4,84.0,0.0,0.0,0.14716741,12,20,2,0,,,,1.5086,0.0,0.0,0.0,0.0
0.21,0.21,0.21,0.21,14.4,78.0,0.0,0.0,0.13736935,12,21,2,0,,,,3.55355,0.0,0.0,0.0,0.0
0.21,0.21,0.21,0.21,13.9,81.0,0.0,0.0,0.120168105,12,22,2,0,,,,1.0785333,0.0,0.0,0.0,0.0
0.21,0.21,0.21,0.21,13.9,78.0,0.0,0.0,0.107910514,12,23,2,0,,,,0.64845,0.0,0.0,0.0,0.0
0.21,0.21,0.21,0.21,12.8,60.0,0.0,0.0,0.09896371,12,24,2,0,,,,0.6552,0.0,0.0,0.0,0.0
0.21,0.21,0.21,0.21,11.7,96.0,0.0,0.0,0.09407792,12,1,3,0,,,,0.6551833,0.0,0.0,0.0,0.0
0.21,0.21,0.21,0.21,11.1,96.0,0.0,0.0,0.09493289,12,2,3,0,,,,0.64176667,0.0,0.0,0.0,0.0
0.21,0.21,0.21,0.21,11.1,96.0,0.0,0.0,0.09659222,12,3,3,0,,,,0.6519333,0.0,0.0,0.0,0.0
0.21,0.21,0.5,0.21,10.6,96.0,0.0,0.0,0.09781664,12,4,3,0,,,,0.64636666,0.0,0.0,0.0,0.0
0.21,0.21,0.5,0.21,10.6,93.0,0.0,0.0,0.106771454,12,5,3,0,,,,0.64321667,0.0,0.0,0.0,0.0
0.21,0.21,0.5,0.21,9.4,96.0,0.0,0.0,0.12856337,12,6,3,0,,,,0.95285,0.0,0.0,0.0,0.0
0.21,0.21,0.5,0.21,10.6,90.0,5.0,10.0,0.14640708,12,7,3,0,,,,0.76595,0.0,0.0,0.0,30.020834
0.21,0.21,0.5,0.21,12.2,83.0,81.0,286.0,0.15746988,12,8,3,0,,,,0.87635,0.0,0.0,0.0,86.30417
0.21,0.21,0.21,0.21,13.9,67.0,128.0,87.0,0.155606,12,9,3,0,,,,0.6110833,0.0,0.0,0.0,161.8375
0.21,0.5,0.21,0.21,16.7,54.0,274.0,238.0,0.14372726,12,10,3,0,,,,0.53138334,0.0,0.0,0.0,310.04166
0.21,0.5,0.21,0.21,17.2,46.0,480.0,587.0,0.13490328,12,11,3,0,,,,0.48585,0.0,0.0,0.0,360.44583
0.21,0.5,0.21,0.21,18.3,42.0,378.0,410.0,0.13199288,12,12,3,0,,,,0.48956665,0.0,0.0,0.0,466.7625
0.21,0.5,0.21,0.21,18.3,47.0,505.0,696.0,0.1312991,12,13,3,0,,,,0.49296665,0.0,0.0,0.0,449.83334
0.21,0.5,0.21,0.21,19.4,36.0,485.0,816.0,0.13677342,12,14,3,0,,,,0.452,0.0,0.0,0.0,384.9375
0.21,0.21,0.21,0.21,18.9,36.0,213.0,323.0,0.14823359,12,15,3,0,,,,0.5121,0.0,0.0,0.0,216.50833
0.5,0.21,0.21,0.5,18.3,43.0,160.0,503.0,0.1624787,12,16,3,0,,,,0.72765,0.0,0.0,0.0,15.591666
0.5,0.21,0.21,0.5,17.2,43.0,37.0,187.0,0.1688081,12,17,3,0,,,,1.0147667,0.0,0.0,0.0,0.0
0.5,0.21,0.21,0.5,15.6,46.0,0.0,0.0,0.1639782,12,18,3,0,,,,1.3337667,0.0,0.0,0.0,0.0
0.5,0.21,0.21,0.5,15.0,50.0,0.0,0.0,0.15563858,12,19,3,0,,,,2.3444166,0.0,0.0,0.0,0.0
0.5,0.21,0.21,0.5,15.0,50.0,0.0,0.0,0.15135096,12,20,3,0,,,,1.86905,0.0,0.0,0.0,0.0
0.21,0.21,0.21,0.21,14.4,51.0,0.0,0.0,0.14713755,12,21,3,0,,,,1.9420834,0.0,0.0,0.0,0.0
0.21,0.21,0.21,0.21,13.3,60.0,0.0,0.0,0.12411561,12,22,3,0,,,,3.3339334,0.0,0.0,0.0,0.0
0.21,0.21,0.21,0.21,12.2,64.0,0.0,0.0,0.1058355,12,23,3,0,,,,2.5533667,0.0,0.0,0.0,0.0
0.21,0.21,0.21,0.21,11.1,90.0,0.0,0.0,0.09139311,12,24,3,0,,,,1.4455833,0.0,0.0,0.0,0.0
0.21,0.21,0.21,0.21,10.6,72.0,0.0,0.0,0.08730474,12,1,4,0,,,,1.5531167,0.0,0.0,0.0,0.0
0.21,0.21,0.21,0.21,9.4,83.0,0.0,0.0,0.087491065,12,2,4,0,,,,1.2341833,0.0,0.0,0.0,0.0
0.21,0.21,0.21,0.21,10.0,77.0,0.0,0.0,0.08737388,12,3,4,0,,,,1.1468667,0.0,0.0,0.0,0.0
0.21,0.21,0.5,0.21,10.6,74.0,0.0,0.0,0.09140282,12,4,4,0,,,,1.13475,0.0,0.0,0.0,0.0
0.21,0.21,0.5,0.21,9.4,77.0,0.0,0.0,0.1089006,12,5,4,0,,,,1.1291167,0.0,0.0,0.0,0.0
0.21,0.21,0.5,0.21,9.4,77.0,0.0,0.0,0.13655107,12,6,4,0,,,,3.25315,0.0,0.0,0.0,0.0
0.21,0.21,0.5,0.21,10.6,69.0,4.0,13.0,0.15243842,12,7,4,0,,,,1.6721833,0.0,0.0,0.0,25.358334
0.21,0.21,0.5,0.21,11.7,66.0,78.0,370.0,0.15042935,12,8,4,0,,,,1.3321834,0.0,0.0,0.0,50.129166
0.21,0.21,0.21,0.21,13.9,60.0,243.0,660.0,0.14944805,12,9,4,0,,,,0.64481664,0.0,0.0,0.0,176.7375
0.21,0.5,0.21,0.21,15.6,54.0,400.0,789.0,0.15103091,12,10,4,0,,,,0.63748336,0.0,0.0,0.0,309.87918
0.21,0.5,0.21,0.21,17.2,58.0,508.0,842.0,0.15570723,12,11,4,0,,,,0.6469167,0.0,0.0,0.0,395.64584
0.21,0.5,0.21,0.21,18.9,53.0,553.0,856.0,0.15085667,12,12,4,0,,,,0.6451667,0.0,0.0,0.0,435.2125
0.21,0.5,0.21,0.21,19.4,55.0,538.0,850.0,0.15407537,12,13,4,0,,,,0.64185,0.0,0.0,0.0,423.74582
0.21,0.5,0.21,0.21,17.8,68.0,459.0,815.0,0.15850165,12,14,4,0,,,,0.63811666,0.0,0.0,0.0,328.40833
0.21,0.21,0.21,0.21,17.2,70.0,328.0,735.0,0.15883467,12,15,4,0,,,,0.7366,0.0,0.0,0.0,200.40416
0.5,0.21,0.21,0.5,16.1,67.0,162.0,557.0,0.16502757,12,16,4,0,,,,0.7195333,0.0,0.0,0.0,20.3375
0.5,0.21,0.21,0.5,14.4,75.0,34.0,141.0,0.16926715,12,17,4,0,,,,1.5728166,0.0,0.0,0.0,0.0
0.5,0.21,0.21,0.5,13.9,81.0,0.0,0.0,0.1647823,12,18,4,0,,,,1.6708833,0.0,0.0,0.0,0.0
0.5,0.21,0.21,0.5,14.4,75.0,0.0,0.0,0.1597289,12,19,4,0,,,,4.33195,0.0,0.0,0.0,0.0
0.5,0.21,0.21,0.5,15.0,72.0,0.0,0.0,0.15450722,12,20,4,0,,,,2.8970833,0.0,0.0,0.0,0.0
0.21,0.21,0.21,0.21,13.9,78.0,0.0,0.0,0.14549832,12,21,4,0,,,,2.9775333,0.0,0.0,0.0,0.0
0.21,0.21,0.21,0.21,12.8,80.0,0.0,0.0,0.13933057,12,22,4,0,,,,2.1810334,0.0,0.0,0.0,0.0
0.21,0.21,0.21,0.21,12.2,83.0,0.0,0.0,0.12586242,12,23,4,0,,,,1.9468167,0.0,0.0,0.0,0.0
0.21,0.21,0.21,0.21,11.7,93.0,0.0,0.0,0.12547117,12,24,4,0,,,,1.6576,0.0,0.0,0.0,0.0
0.21,0.21,0.21,0.21,11.1,90.0,0.0,0.0,0.12235343,12,1,5,0,,,,1.2456167,0.0,0.0,0.0,0.0
0.21,0.21,0.21,0.21,11.1,83.0,0.0,0.0,0.124222845,12,2,5,0,,,,1.0825917,0.0,0.0,0.0,0.0
0.21,0.21,0.21,0.21,10.0,86.0,0.0,0.0,0.12516697,12,3,5,0,,,,1.0823833,0.0,0.0,0.0,0.0
0.21,0.21,0.5,0.21,8.9,86.0,0.0,0.0,0.12555839,12,4,5,0,,,,1.0720667,0.0,0.0,0.0,0.0
0.21,0.21,0.5,0.21,9.4,83.0,0.0,0.0,0.1287137,12,5,5,0,,,,1.0711167,0.0,0.0,0.0,0.0
0.21,0.21,0.5,0.21,9.4,80.0,0.0,0.0,0.14247309,12,6,5,0,,,,3.1638668,0.0,0.0,0.0,0.0
0.21,0.21,0.5,0.21,8.9,80.0,2.0,1.0,0.15021163,12,7,5,0,,,,1.2792833,0.0,0.0,0.0,26.354166
0.21,0.21,0.5,0.21,10.6,74.0,63.0,165.0,0.15858573,12,8,5,0,,,,0.65936667,0.0,0.0,0.0,91.395836
0.21,0.21,0.21,0.21,13.3,64.0,215.0,465.0,0.17141765,12,9,5,0,,,,0.56165,0.0,0.0,0.0,196.4625
0.21,0.5,0.21,0.21,15.0,62.0,367.0,615.0,0.17394811,12,10,5,0,,,,0.5555,0.0,0.0,0.0,216.2
0.21,0.5,0.21,0.21,17.2,63.0,476.0,687.0,0.17004818,12,11,5,0,,,,0.55488336,0.0,0.0,0.0,244.52916
0.21,0.5,0.21,0.21,17.8,63.0,524.0,712.0,0.17176524,12,12,5,0,,,,0.5625833,0.0,0.0,0.0,354.42917
0.21,0.5,0.21,0.21,17.2,63.0,510.0,706.0,0.17676455,12,13,5,0,,,,0.55476665,0.0,0.0,0.0,319.5875
0.21,0.5,0.21,0.21,17.2,65.0,430.0,659.0,0.1860623,12,14,5,0,,,,0.5511,0.0,0.0,0.0,270.90417
0.21,0.21,0.21,0.21,17.2,65.0,298.0,556.0,0.18825601,12,15,5,0,,,,1.1786833,0.0,0.0,0.0,204.62917
0.5,0.21,0.21,0.5,16.1,72.0,139.0,345.0,0.1930876,12,16,5,0,,,,1.5002333,0.0,0.0,0.0,23.9
0.5,0.21,0.21,0.5,14.4,81.0,26.0,38.0,0.20091036,12,17,5,0,,,,4.33045,0.0,0.0,0.0,0.0
0.5,0.21,0.21,0.5,13.9,84.0,0.0,0.0,0.19512716,12,18,5,0,,,,3.1056,0.0,0.0,0.0,0.0
0.5,0.21,0.21,0.5,14.4,84.0,0.0,0.0,0.19340506,12,19,5,0,,,,2.1880333,0.0,0.0,0.0,0.0
0.5,0.21,0.21,0.5,13.9,87.0,0.0,0.0,0.18170084,12,20,5,0,,,,2.8015666,0.0,0.0,0.0,0.0
0.21,0.21,0.21,0.21,15.0,78.0,0.0,0.0,0.17848411,12,21,5,0,,,,1.7623333,0.0,0.0,0.0,0.0
0.21,0.21,0.21,0.21,14.4,81.0,0.0,0.0,0.16821755,12,22,5,0,,,,1.89795,0.0,0.0,0.0,0.0
0.21,0.21,0.21,0.21,12.8,90.0,0.0,0.0,0.15795803,12,23,5,0,,,,2.4814832,0.0,0.0,0.0,0.0
0.21,0.21,0.21,0.21,11.1,53.0,0.0,0.0,0.13574138,12,24,5,0,,,,1.2967417,0.0,0.0,0.0,0.0
0.21,0.21,0.21,0.21,11.1,96.0,0.0,0.0,0.12936792,12,1,6,0,,,,1.30365,0.0,0.0,0.0,0.0
0.21,0.21,0.21,0.21,10.6,90.0,0.0,0.0,0.12674882,12,2,6,0,,,,1.3077,0.0,0.0,0.0,0.0
0.21,0.21,0.21,0.21,10.0,90.0,0.0,0.0,0.12802087,12,3,6,0,,,,1.3070166,0.0,0.0,0.0,0.0
0.21,0.21,0.5,0.21,9.4,90.0,0.0,0.0,0.1276608,12,4,6,0,,,,1.3001667,0.0,0.0,0.0,0.0
0.21,0.21,0.5,0.21,8.3,93.0,0.0,0.0,0.13349304,12,5,6,0,,,,1.2942667,0.0,0.0,0.0,0.0
0.21,0.21,0.5,0.21,8.9,86.0,0.0,0.0,0.14067473,12,6,6,0,,,,1.3013,0.0,0.0,0.0,0.0
0.21,0.21,0.5,0.21,8.3,77.0,2.0,2.0,0.14300168,12,7,6,0,,,,1.2972333,0.0,0.0,0.0,25.241667
0.21,0.21,0.5,0.21,10.6,61.0,65.0,222.0,0.1475114,12,8,6,0,,,,1.4145,0.0,0.0,0.0,64.09583
0.21,0.21,0.21,0.21,12.8,57.0,223.0,535.0,0.15100923,12,9,6,0,,,,1.549,0.0,0.0,0.0,170.375
0.21,0.5,0.21,0.21,15.0,48.0,378.0,683.0,0.15614362,12,10,6,0,,,,1.1636333,0.0,0.0,0.0,291.1375
0.21,0.5,0.21,0.21,17.2,35.0,492.0,757.0,0.15573497,12,11,6,0,,,,1.0078,0.0,0.0,0.0,374.4375
0.21,0.5,0.21,0.21,18.9,33.0,542.0,780.0,0.15185304,12,12,6,0,,,,1.16685,0.0,0.0,0.0,402.07916
0.21,0.5,0.21,0.21,18.3,33.0,527.0,775.0,0.15129192,12,13,6,0,,,,1.1867833,0.0,0.0,0.0,382.2375
0.21,0.5,0.21,0.21,18.3,34.0,447.0,730.0,0.14865965,12,14,6,0,,,,1.8625,0.0,0.0,0.0,286.24582
0.21,0.21,0.21,0.21,17.8,37.0,313.0,632.0,0.155721,12,15,6,0,,,,2.0337667,0.0,0.0,0.0,172.5375
0.5,0.21,0.21,0.5,17.2,38.0,149.0,425.0,0.16533548,12,16,6,0,,,,1.3901666,0.0,0.0,0.0,15.7875
0.5,0.21,0.21,0.5,16.1,50.0,29.0,65.0,0.17608857,12,17,6,0,,,,1.8775667,0.0,0.0,0.0,0.0
0.5,0.21,0.21,0.5,15.0,58.0,0.0,0.0,0.1751962,12,18,6,0,,,,1.8649167,0.0,0.0,0.0,0.0
0.5,0.21,0.21,0.5,14.4,67.0,0.0,0.0,0.17313984,12,19,6,0,,,,2.8564167,0.0,0.0,0.0,0.0
0.5,0.21,0.21,0.5,13.9,75.0,0.0,0.0,0.171949,12,20,6,0,,,,1.8354334,0.0,0.0,0.0,0.0
0.21,0.21,0.21,0.21,13.3,69.0,0.0,0.0,0.16431487,12,21,6,0,,,,1.8719667,0.0,0.0,0.0,0.0
0.21,0.21,0.21,0.21,12.8,69.0,0.0,0.0,0.1582422,12,22,6,0,,,,2.95265,0.0,0.0,0.0,0.0
0.21,0.21,0.21,0.21,12.2,55.0,0.0,0.0,0.15021744,12,23,6,0,,,,1.9095167,0.0,0.0,0.0,0.0
0.21,0.21,0.21,0.21,11.7,90.0,0.0,0.0,0.15334785,12,24,6,0,,,,1.8499583,0.0,0.0,0.0,0.0
0.21,0.21,0.21,0.21,10.0,52.0,0.0,0.0,0.14426449,12,1,7,0,,,,1.6969334,0.0,0.0,0.0,0.0
0.21,0.21,0.21,0.21,10.0,54.0,0.0,0.0,0.1434102,12,2,7,0,,,,1.527,0.0,0.0,0.0,0.0
0.21,0.21,0.21,0.21,8.9,61.0,0.0,0.0,0.14534669,12,3,7,0,,,,1.3920333,0.0,0.0,0.0,0.0
0.21,0.21,0.5,0.21,7.8,68.0,0.0,0.0,0.15130381,12,4,7,0,,,,1.3927833,0.0,0.0,0.0,0.0
0.21,0.21,0.5,0.21,8.3,61.0,0.0,0.0,0.16147196,12,5,7,0,,,,1.3900167,0.0,0.0,0.0,0.0
0.21,0.21,0.5,0.21,8.9,52.0,0.0,0.0,0.17875883,12,6,7,0,,,,1.3883166,0.0,0.0,0.0,0.0
0.21,0.21,0.5,0.21,7.8,56.0,3.0,10.0,0.18190268,12,7,7,0,,,,1.3789166,0.0,0.0,0.0,0.0
0.21,0.21,0.5,0.21,10.0,50.0,73.0,355.0,0.18843584,12,8,7,0,,,,1.3794833,0.0,0.0,0.0,24.708334
0.21,0.21,0.21,0.21,11.7,47.0,239.0,650.0,0.18882717,12,9,7,0,,,,1.2877667,0.0,0.0,0.0,61.15
0.21,0.5,0.21,0.21,14.4,39.0,396.0,790.0,0.18501508,12,10,7,0,,,,0.55261666,0.0,0.0,0.0,121.183334
0.21,0.5,0.21,0.21,16.7,56.0,502.0,837.0,0.18463789,12,11,7,0,,,,0.84395,0.0,0.0,0.0,100.525
0.21,0.5,0.21,0.21,17.8,50.0,553.0,860.0,0.18646733,12,12,7,0,,,,1.0107833,0.0,0.0,0.0,97.26667
0.21,0.5,0.21,0.21,18.3,47.0,539.0,856.0,0.18273062,12,13,7,0,,,,1.4418334,0.0,0.0,0.0,99.479164
0.21,0.5,0.21,0.21,17.8,65.0,458.0,811.0,0.18311322,12,14,7,0,,,,1.6807667,0.0,0.0,0.0,29.5125
0.21,0.21,0.21,0.21,17.8,63.0,326.0,728.0,0.18898502,12,15,7,0,,,,1.0400833,0.0,0.0,0.0,8.3125
0.5,0.21,0.21,0.5,16.1,72.0,161.0,547.0,0.19751576,12,16,7,0,,,,2.4697833,0.0,0.0,0.0,0.0
0.5,0.21,0.21,0.5,15.0,78.0,34.0,140.0,0.20578937,12,17,7,0,,,,2.7401834,0.0,0.0,0.0,0.0
0.5,0.21,0.21,0.5,14.4,81.0,0.0,0.0,0.20569524,12,18,7,0,,,,2.8134665,0.0,0.0,0.0,0.0
0.5,0.21,0.21,0.5,13.9,84.0,0.0,0.0,0.20647402,12,19,7,0,,,,2.1960332,0.0,0.0,0.0,0.0
0.5,0.21,0.21,0.5,14.4,84.0,0.0,0.0,0.1996888,12,20,7,0,,,,2.31895,0.0,0.0,0.0,0.0
0.21,0.21,0.21,0.21,13.9,84.0,0.0,0.0,0.1789624,12,21,7,0,,,,2.2686667,0.0,0.0,0.0,0.0
0.21,0.21,0.21,0.21,12.8,90.0,0.0,0.0,0.16276665,12,22,7,0,,,,2.14835,0.0,0.0,0.0,0.0
0.21,0.21,0.21,0.21,11.7,93.0,0.0,0.0,0.14958033,12,23,7,0,,,,1.9243,0.0,0.0,0.0,0.0
0.21,0.21,0.21,0.21,11.1,61.0,0.0,0.0,0.14405522,12,24,7,0,,,,1.5400167,0.0,0.0,0.0,0.0
0.21,0.21,0.21,0.21,11.7,72.0,0.0,0.0,0.13867106,12,1,1,0,,,,1.3844,0.0,0.0,0.0,0.0
0.21,0.21,0.21,0.21,11.1,69.0,0.0,0.0,0.13635194,12,2,1,0,,,,1.38535,0.0,0.0,0.0,0.0
0.21,0.21,0.21,0.21,10.0,74.0,0.0,0.0,0.13119736,12,3,1,0,,,,1.38595,0.0,0.0,0.0,0.0
0.21,0.21,0.5,0.21,9.4,74.0,0.0,0.0,0.13111475,12,4,1,0,,,,1.3757,0.0,0.0,0.0,0.0
0.21,0.21,0.5,0.21,8.3,80.0,0.0,0.0,0.14252634,12,5,1,0,,,,1.36635,0.0,0.0,0.0,0.0
0.21,0.21,0.5,0.21,7.8,77.0,0.0,0.0,0.15058424,12,6,1,0,,,,1.4781667,0.0,0.0,0.0,0.0
0.21,0.21,0.5,0.21,8.9,63.0,6.0,21.0,0.16885515,12,7,1,0,,,,1.2739167,0.0,0.0,0.0,19.333334
0.21,0.21,0.5,0.21,10.0,54.0,76.0,447.0,0.1730753,12,8,1,0,,,,1.0126333,0.0,0.0,0.0,110.01667
0.21,0.21,0.21,0.21,12.2,47.0,248.0,735.0,0.17047733,12,9,1,0,,,,0.56825,0.0,0.0,0.0,166.96666
0.21,0.5,0.21,0.21,14.4,42.0,405.0,850.0,0.17400676,12,10,1,0,,,,0.5643333,0.0,0.0,0.0,123.85
0.21,0.5,0.21,0.21,16.1,40.0,515.0,899.0,0.17270021,12,11,1,0,,,,0.563,0.0,0.0,0.0,131.69583
0.21,0.5,0.21,0.21,17.8,36.0,565.0,917.0,0.17053972,12,12,1,0,,,,0.56013334,0.0,0.0,0.0,130.79167
0.21,0.5,0.21,0.21,18.9,42.0,549.0,909.0,0.16846418,12,13,1,0,,,,0.56121665,0.0,0.0,0.0,139.27916
0.21,0.5,0.21,0.21,17.2,61.0,467.0,867.0,0.16551326,12,14,1,0,,,,0.56481665,0.0,0.0,0.0,113.47083
0.21,0.21,0.21,0.21,16.7,56.0,338.0,800.0,0.16595013,12,15,1,0,,,,0.55695,0.0,0.0,0.0,38.258335
0.5,0.21,0.21,0.5,16.1,56.0,172.0,638.0,0.18044098,12,16,1,0,,,,1.25115,0.0,0.0,0.0,0.0
0.5,0.21,0.21,0.5,14.4,62.0,39.0,211.0,0.19123851,12,17,1,0,,,,2.12875,0.0,0.0,0.0,0.0
0.5,0.21,0.21,0.5,14.4,67.0,0.0,0.0,0.1889748,12,18,1,0,,,,4.6494164,0.0,0.0,0.0,0.0
0.5,0.21,0.21,0.5,14.4,78.0,0.0,0.0,0.1820849,12,19,1,0,,,,3.0841,0.0,0.0,0.0,0.0
0.5,0.21,0.21,0.5,15.0,75.0,0.0,0.0,0.17725314,12,20,1,0,,,,1.8753166,0.0,0.0,0.0,0.0
0.21,0.21,0.21,0.21,14.4,78.0,0.0,0.0,0.17097749,12,21,1,0,,,,2.5814166,0.0,0.0,0.0,0.0
0.21,0.21,0.21,0.21,13.9,78.0,0.0,0.0,0.15550597,12,22,1,0,,,,2.1242166,0.0,0.0,0.0,0.0
0.21,0.21,0.21,0.21,11.7,77.0,0.0,0.0,0.14148884,12,23,1,0,,,,2.06195,0.0,0.0,0.0,0.0
0.21,0.21,0.21,0.21,12.2,72.0,0.0,0.0,0.14513896,12,24,1,0,,,,1.9233167,0.0,0.0,0.0,0.0
0.21,0.21,0.21,0.21,11.1,59.0,0.0,0.0,0.1445943,12,1,2,0,,,,1.3979167,0.0,0.0,0.0,0.0
0.21,0.21,0.21,0.21,10.6,55.0,0.0,0.0,0.1408891,12,2,2,0,,,,1.3892,0.0,0.0,0.0,0.0
0.21,0.21,0.21,0.21,10.6,55.0,0.0,0.0,0.14296801,12,3,2,0,,,,1.3863667,0.0,0.0,0.0,0.0
0.21,0.21,0.5,0.21,9.4,59.0,0.0,0.0,0.1495893,12,4,2,0,,,,1.3787833,0.0,0.0,0.0,0.0
0.21,0.21,0.5,0.21,9.4,56.0,0.0,0.0,0.15677916,12,5,2,0,,,,1.3719167,0.0,0.0,0.0,0.0
0.21,0.21,0.5,0.21,9.4,56.0,0.0,0.0,0.16813326,12,6,2,0,,,,1.50355,0.0,0.0,0.0,0.0
0.21,0.21,0.5,0.21,8.9,59.0,1.0,0.0,0.18043374,12,7,2,0,,,,0.97538334,0.0,0.0,0.0,27.320833
0.21,0.21,0.5,0.21,10.6,52.0,51.0,63.0,0.18361554,12,8,2,0,,,,0.5621167,0.0,0.0,0.0,86.120834
0.21,0.21,0.21,0.21,13.3,42.0,207.0,321.0,0.18674733,12,9,2,0,,,,1.6278167,0.0,0.0,0.0,172.7125
0.21,0.5,0.21,0.21,15.0,41.0,249.0,208.0,0.18400748,12,10,2,0,,,,1.1788,0.0,0.0,0.0,260.0125
0.21,0.5,0.21,0.21,17.2,38.0,403.0,428.0,0.1840582,12,11,2,0,,,,2.3163333,0.0,0.0,0.0,272.9625
0.21,0.5,0.21,0.21,18.3,40.0,387.0,316.0,0.18043216,12,12,2,0,,,,1.0679333,0.0,0.0,0.0,410.88333
0.21,0.5,0.21,0.21,19.4,42.0,469.0,482.0,0.18008013,12,13,2,0,,,,0.60753334,0.0,0.0,0.0,373.2875
0.21,0.5,0.21,0.21,17.8,48.0,406.0,510.0,0.17753443,12,14,2,0,,,,0.77063334,0.0,0.0,0.0,352.52917
0.21,0.21,0.21,0.21,17.2,46.0,271.0,446.0,0.18374357,12,15,2,0,,,,1.1631334,0.0,0.0,0.0,192.65834
0.5,0.21,0.21,0.5,16.7,67.0,128.0,239.0,0.19620854,12,16,2,0,,,,0.9898667,0.0,0.0,0.0,9.416667
0.5,0.21,0.21,0.5,14.4,75.0,22.0,21.0,0.2084067,12,17,2,0,,,,1.7633333,0.0,0.0,0.0,0.0
0.5,0.21,0.21,0.5,15.0,72.0,0.0,0.0,0.21348481,12,18,2,0,,,,1.7587,0.0,0.0,0.0,0.0
0.5,0.21,0.21,0.5,13.3,75.0,0.0,0.0,0.2137424,12,19,2,0,,,,1.7874666,0.0,0.0,0.0,0.0
0.5,0.21,0.21,0.5,13.9,78.0,0.0,0.0,0.20742415,12,20,2,0,,,,1.9272,0.0,0.0,0.0,0.0
0.21,0.21,0.21,0.21,14.4,78.0,0.0,0.0,0.20013316,12,21,2,0,,,,2.1159,0.0,0.0,0.0,0.0
0.21,0.21,0.21,0.21,12.8,83.0,0.0,0.0,0.19042802,12,22,2,0,,,,2.1722333,0.0,0.0,0.0,0.0
0.21,0.21,0.21,0.21,13.3,78.0,0.0,0.0,0.17947876,12,23,2,0,,,,1.62715,0.0,0.0,0.0,0.0
0.21,0.21,0.21,0.21,12.2,93.0,0.0,0.0,0.15550269,12,24,2,0,,,,1.7947583,0.0,0.0,0.0,0.0
0.21,0.21,0.21,0.21,11.1,74.0,0.0,0.0,0.15823723,12,1,3,0,,,,1.3973666,0.0,0.0,0.0,0.0
0.21,0.21,0.21,0.21,10.6,77.0,0.0,0.0,0.15256345,12,2,3,0,,,,1.3842,0.0,0.0,0.0,0.0
0.21,0.21,0.21,0.21,10.0,69.0,0.0,0.0,0.14902785,12,3,3,0,,,,1.38215,0.0,0.0,0.0,0.0
0.21,0.21,0.5,0.21,10.6,66.0,0.0,0.0,0.15074894,12,4,3,0,,,,1.3757833,0.0,0.0,0.0,0.0
0.21,0.21,0.5,0.21,8.9,77.0,0.0,0.0,0.16501874,12,5,3,0,,,,1.3638166,0.0,0.0,0.0,0.0
0.21,0.21,0.5,0.21,10.0,66.0,0.0,0.0,0.18008436,12,6,3,0,,,,1.4696167,0.0,0.0,0.0,0.0
0.21,0.21,0.5,0.21,10.6,59.0,1.0,0.0,0.19821301,12,7,3,0,,,,1.30485,0.0,0.0,0.0,15.420834
0.21,0.21,0.5,0.21,10.6,64.0,29.0,29.0,0.20717068,12,8,3,0,,,,0.89,0.0,0.0,0.0,51.204166
0.21,0.21,0.21,0.21,12.8,53.0,107.0,45.0,0.20381872,12,9,3,0,,,,0.57045,0.0,0.0,0.0,147.85417
0.21,0.5,0.21,0.21,15.6,44.0,289.0,352.0,0.19766515,12,10,3,0,,,,0.56841666,0.0,0.0,0.0,274.29166
0.21,0.5,0.21,0.21,16.7,50.0,458.0,575.0,0.19367771,12,11,3,0,,,,0.57523334,0.0,0.0,0.0,375.6375
0.21,0.5,0.21,0.21,17.2,56.0,444.0,437.0,0.19276728,12,12,3,0,,,,0.57705,0.0,0.0,0.0,431.3375
0.21,0.5,0.21,0.21,18.3,54.0,493.0,658.0,0.18574606,12,13,3,0,,,,0.57058334,0.0,0.0,0.0,365.725
0.21,0.5,0.21,0.21,17.8,56.0,377.0,363.0,0.1801122,12,14,3,0,,,,0.57313335,0.0,0.0,0.0,255.01666
0.21,0.21,0.21,0.21,17.2,70.0,209.0,207.0,0.17833705,12,15,3,0,,,,0.56696665,0.0,0.0,0.0,181.89166
0.5,0.21,0.21,0.5,16.1,75.0,96.0,54.0,0.19420512,12,16,3,0,,,,1.3271667,0.0,0.0,0.0,25.341667
0.5,0.21,0.21,0.5,15.0,81.0,34.0,51.0,0.20322153,12,17,3,0,,,,1.6832,0.0,0.0,0.0,0.0
0.5,0.21,0.21,0.5,14.4,84.0,0.0,0.0,0.2067132,12,18,3,0,,,,1.6401,0.0,0.0,0.0,0.0
0.5,0.21,0.21,0.5,13.9,90.0,0.0,0.0,0.20156024,12,19,3,0,,,,1.6109667,0.0,0.0,0.0,0.0
0.5,0.21,0.21,0.5,13.9,87.0,0.0,0.0,0.1989494,12,20,3,0,,,,2.0497668,0.0,0.0,0.0,0.0
0.21,0.21,0.21,0.21,13.9,90.0,0.0,0.0,0.19193238,12,21,3,0,,,,2.2830334,0.0,0.0,0.0,0.0
0.21,0.21,0.21,0.21,13.3,93.0,0.0,0.0,0.17842333,12,22,3,0,,,,1.9461167,0.0,0.0,0.0,0.0
0.21,0.21,0.21,0.21,12.8,93.0,0.0,0.0,0.16284694,12,23,3,0,,,,1.7367166,0.0,0.0,0.0,0.0
0.21,0.21,0.21,0.21,13.3,93.0,0.0,0.0,0.15775111,12,24,3,0,,,,1.7940917,0.0,0.0,0.0,0.0
0.21,0.21,0.21,0.21,12.2,86.0,0.0,0.0,0.15960637,12,1,4,0,,,,1.4429834,0.0,0.0,0.0,0.0
0.21,0.21,0.21,0.21,11.1,83.0,0.0,0.0,0.15367916,12,2,4,0,,,,1.38945,0.0,0.0,0.0,0.0
0.21,0.21,0.21,0.21,10.0,86.0,0.0,0.0,0.1519182,12,3,4,0,,,,1.3888834,0.0,0.0,0.0,0.0
0.21,0.21,0.5,0.21,10.0,74.0,0.0,0.0,0.1544115,12,4,4,0,,,,1.38035,0.0,0.0,0.0,0.0
0.21,0.21,0.5,0.21,10.0,71.0,0.0,0.0,0.1621991,12,5,4,0,,,,1.3742,0.0,0.0,0.0,0.0
0.21,0.21,0.5,0.21,10.6,72.0,0.0,0.0,0.1660368,12,6,4,0,,,,1.458,0.0,0.0,0.0,0.0
0.21,0.21,0.5,0.21,11.1,69.0,0.0,0.0,0.1817709,12,7,4,0,,,,1.4783167,0.0,0.0,0.0,0.0
0.21,0.21,0.5,0.21,11.7,69.0,34.0,30.0,0.18506595,12,8,4,0,,,,1.8458667,0.0,0.0,0.0,92.98333
0.21,0.21,0.21,0.21,14.4,58.0,132.0,145.0,0.18613215,12,9,4,0,,,,1.3729,0.0,0.0,0.0,161.5
0.21,0.5,0.21,0.21,16.1,54.0,205.0,23.0,0.1832094,12,10,4,0,,,,1.3773167,0.0,0.0,0.0,269.85416
0.21,0.5,0.21,0.21,17.2,68.0,371.0,382.0,0.18435584,12,11,4,0,,,,0.94906664,0.0,0.0,0.0,171.2125
0.21,0.5,0.21,0.21,17.8,63.0,389.0,240.0,0.18715876,12,12,4,0,,,,0.801,0.0,0.0,0.0,157.45416
0.21,0.5,0.21,0.21,17.8,65.0,443.0,428.0,0.18851842,12,13,4,0,,,,0.5514,0.0,0.0,0.0,166.97084
0.21,0.5,0.21,0.21,18.3,65.0,349.0,321.0,0.1880548,12,14,4,0,,,,2.3339334,0.0,0.0,0.0,100.3875
0.21,0.21,0.21,0.21,18.3,63.0,198.0,71.0,0.19470462,12,15,4,0,,,,1.7920166,0.0,0.0,0.0,36.395832
0.5,0.21,0.21,0.5,17.2,73.0,116.0,126.0,0.1994308,12,16,4,0,,,,2.24765,0.0,0.0,0.0,0.0
0.5,0.21,0.21,0.5,16.1,78.0,20.0,18.0,0.20633279,12,17,4,0,,,,1.8338833,0.0,0.0,0.0,0.0
0.5,0.21,0.21,0.5,15.0,87.0,0.0,0.0,0.20810497,12,18,4,0,,,,1.7636167,0.0,0.0,0.0,0.0
0.5,0.21,0.21,0.5,15.0,90.0,0.0,0.0,0.20105152,12,19,4,0,,,,1.8132167,0.0,0.0,0.0,0.0
0.5,0.21,0.21,0.5,15.0,87.0,0.0,0.0,0.19403383,12,20,4,0,,,,3.0645,0.0,0.0,0.0,0.0
0.21,0.21,0.21,0.21,14.4,90.0,0.0,0.0,0.18043499,12,21,4,0,,,,2.4039166,0.0,0.0,0.0,0.0
0.21,0.21,0.21,0.21,14.4,93.0,0.0,0.0,0.16946758,12,22,4,0,,,,3.7253,0.0,0.0,0.0,0.0
0.21,0.21,0.21,0.21,14.4,90.0,0.0,0.0,0.15646271,12,23,4,0,,,,1.8868834,0.0,0.0,0.0,0.0
0.21,0.21,0.21,0.21,13.9,81.0,0.0,0.0,0.15066603,12,24,4,0,,,,1.8178333,0.0,0.0,0.0,0.0
0.21,0.21,0.21,0.21,13.3,90.0,0.0,0.0,0.145993,12,1,5,0,,,,0.63563335,0.0,0.0,0.0,0.0
0.21,0.21,0.21,0.21,12.8,83.0,0.0,0.0,0.1440254,12,2,5,0,,,,0.54536664,0.0,0.0,0.0,0.0
0.21,0.21,0.21,0.21,12.8,77.0,0.0,0.0,0.1352528,12,3,5,0,,,,0.5456833,0.0,0.0,0.0,0.0
0.21,0.21,0.5,0.21,11.7,77.0,0.0,0.0,0.1423996,12,4,5,0,,,,0.54473335,0.0,0.0,0.0,0.0
0.21,0.21,0.5,0.21,12.2,67.0,0.0,0.0,0.14605197,12,5,5,0,,,,0.54188335,0.0,0.0,0.0,0.0
0.21,0.21,0.5,0.21,11.7,72.0,0.0,0.0,0.14993873,12,6,5,0,,,,2.523,0.0,0.0,0.0,0.0
0.21,0.21,0.5,0.21,11.7,66.0,1.0,0.0,0.14956234,12,7,5,0,,,,1.02175,0.0,0.0,0.0,0.0
0.21,0.21,0.5,0.21,12.8,57.0,28.0,32.0,0.15403557,12,8,5,0,,,,0.6660333,0.0,0.0,0.0,16.333334
0.21,0.21,0.21,0.21,14.4,51.0,108.0,30.0,0.16116183,12,9,5,0,,,,0.5371,0.0,0.0,0.0,59.0375
0.21,0.5,0.21,0.21,15.6,50.0,223.0,58.0,0.17121293,12,10,5,0,,,,0.54258335,0.0,0.0,0.0,69.058334
0.21,0.5,0.21,0.21,16.1,52.0,478.0,676.0,0.174921,12,11,5,0,,,,0.54358333,0.0,0.0,0.0,72.95417
0.21,0.5,0.21,0.21,16.1,52.0,501.0,613.0,0.16930106,12,12,5,0,,,,0.5424167,0.0,0.0,0.0,158.13333
0.21,0.5,0.21,0.21,19.4,53.0,445.0,548.0,0.16220438,12,13,5,0,,,,0.5652,0.0,0.0,0.0,343.425
0.21,0.5,0.21,0.21,18.3,63.0,372.0,391.0,0.15801467,12,14,5,0,,,,0.55588335,0.0,0.0,0.0,413.9875
0.21,0.21,0.21,0.21,17.8,68.0,176.0,133.0,0.16567186,12,15,5,0,,,,1.7855,0.0,0.0,0.0,230.49583
0.5,0.21,0.21,0.5,16.7,73.0,117.0,113.0,0.1725446,12,16,5,0,,,,3.606,0.0,0.0,0.0,14.358334
0.5,0.21,0.21,0.5,15.6,81.0,22.0,7.0,0.1790388,12,17,5,0,,,,2.2789166,0.0,0.0,0.0,0.0
0.5,0.21,0.21,0.5,15.6,84.0,0.0,0.0,0.1768345,12,18,5,0,,,,2.1116333,0.0,0.0,0.0,0.0
0.5,0.21,0.21,0.5,15.6,84.0,0.0,0.0,0.17688563,12,19,5,0,,,,2.06885,0.0,0.0,0.0,0.0
0.5,0.21,0.21,0.5,15.0,84.0,0.0,0.0,0.17462912,12,20,5,0,,,,1.6596333,0.0,0.0,0.0,0.0
0.21,0.21,0.21,0.21,15.6,84.0,0.0,0.0,0.17350452,12,21,5,0,,,,1.8668056,0.0,0.0,0.0,0.0
0.21,0.21,0.21,0.21,15.0,81.0,0.0,0.0,0.16918027,12,22,5,0,,,,2.2732666,0.0,0.0,0.0,0.0
0.21,0.21,0.21,0.21,15.0,87.0,0.0,0.0,0.15745845,12,23,5,0,,,,1.0321667,0.0,0.0,0.0,0.0
0.21,0.21,0.21,0.21,13.3,93.0,0.0,0.0,0.155933,12,24,5,0,,,,0.9084917,0.0,0.0,0.0,0.0
0.21,0.21,0.21,0.21,13.3,87.0,0.0,0.0,0.14813903,12,1,6,0,,,,0.68725,0.0,0.0,0.0,0.0
0.21,0.21,0.21,0.21,12.2,90.0,0.0,0.0,0.14704442,12,2,6,0,,,,0.63338333,0.0,0.0,0.0,0.0
0.21,0.21,0.21,0.21,12.8,64.0,0.0,0.0,0.14659193,12,3,6,0,,,,0.63103336,0.0,0.0,0.0,0.0
0.21,0.21,0.5,0.21,10.6,74.0,0.0,0.0,0.14471985,12,4,6,0,,,,0.6296833,0.0,0.0,0.0,0.0
0.21,0.21,0.5,0.21,10.0,83.0,0.0,0.0,0.14698917,12,5,6,0,,,,0.62366664,0.0,0.0,0.0,0.0
0.21,0.21,0.5,0.21,10.0,83.0,0.0,0.0,0.15179028,12,6,6,0,,,,0.6272333,0.0,0.0,0.0,0.0
0.21,0.21,0.5,0.21,10.6,72.0,3.0,6.0,0.15175287,12,7,6,0,,,,0.6206833,0.0,0.0,0.0,8.883333
0.21,0.21,0.5,0.21,11.7,64.0,65.0,369.0,0.15604407,12,8,6,0,,,,0.55123335,0.0,0.0,0.0,40.525
0.21,0.21,0.21,0.21,15.0,50.0,231.0,685.0,0.16398238,12,9,6,0,,,,0.54505,0.0,0.0,0.0,176.21666
0.21,0.5,0.21,0.21,17.8,42.0,385.0,804.0,0.17406133,12,10,6,0,,,,0.80373335,0.0,0.0,0.0,325.3375
0.21,0.5,0.21,0.21,20.0,35.0,502.0,872.0,0.17580985,12,11,6,0,,,,0.97725,0.0,0.0,0.0,424.36667
0.21,0.5,0.21,0.21,21.1,35.0,551.0,888.0,0.17168541,12,12,6,0,,,,1.2202333,0.0,0.0,0.0,477.30832
0.21,0.5,0.21,0.21,21.1,36.0,542.0,887.0,0.17712268,12,13,6,0,,,,0.83068335,0.0,0.0,0.0,475.275
0.21,0.5,0.21,0.21,18.9,47.0,464.0,848.0,0.17195849,12,14,6,0,,,,0.79011667,0.0,0.0,0.0,414.2875
0.21,0.21,0.21,0.21,18.3,61.0,333.0,768.0,0.16818714,12,15,6,0,,,,1.2838334,0.0,0.0,0.0,285.4625
0.5,0.21,0.21,0.5,17.2,70.0,169.0,598.0,0.1759615,12,16,6,0,,,,1.31425,0.0,0.0,0.0,46.55
0.5,0.21,0.21,0.5,16.1,84.0,37.0,181.0,0.19119619,12,17,6,0,,,,1.2500666,0.0,0.0,0.0,0.0
0.5,0.21,0.21,0.5,15.6,84.0,0.0,0.0,0.19041187,12,18,6,0,,,,1.3424333,0.0,0.0,0.0,0.0
0.5,0.21,0.21,0.5,13.9,90.0,0.0,0.0,0.18652527,12,19,6,0,,,,1.4996834,0.0,0.0,0.0,0.0
0.5,0.21,0.21,0.5,15.6,87.0,0.0,0.0,0.18167332,12,20,6,0,,,,1.3047833,0.0,0.0,0.0,0.0
0.21,0.21,0.21,0.21,15.6,81.0,0.0,0.0,0.17477061,12,21,6,0,,,,2.9360666,0.0,0.0,0.0,0.0
0.21,0.21,0.21,0.21,14.4,90.0,0.0,0.0,0.15833975,12,22,6,0,,,,4.2695665,0.0,0.0,0.0,0.0
0.21,0.21,0.21,0.21,13.9,90.0,0.0,0.0,0.14944841,12,23,6,0,,,,2.7896,0.0,0.0,0.0,0.0
0.21,0.21,0.21,0.21,13.9,81.0,0.0,0.0,0.14401227,12,24,6,0,,,,0.757075,0.0,0.0,0.0,0.0
0.21,0.21,0.21,0.21,12.2,90.0,0.0,0.0,0.14105067,12,1,7,0,,,,0.76055,0.0,0.0,0.0,0.0
0.21,0.21,0.21,0.21,11.7,90.0,0.0,0.0,0.14372627,12,2,7,0,,,,0.77348334,0.0,0.0,0.0,0.0
0.21,0.21,0.21,0.21,11.7,86.0,0.0,0.0,0.14224379,12,3,7,0,,,,0.6978667,0.0,0.0,0.0,0.0
0.21,0.21,0.5,0.21,11.1,83.0,0.0,0.0,0.14306244,12,4,7,0,,,,0.64955,0.0,0.0,0.0,0.0
0.21,0.21,0.5,0.21,10.6,86.0,0.0,0.0,0.1560757,12,5,7,0,,,,0.6423333,0.0,0.0,0.0,0.0
0.21,0.21,0.5,0.21,10.6,83.0,0.0,0.0,0.17798747,12,6,7,0,,,,0.64265,0.0,0.0,0.0,0.0
0.21,0.21,0.5,0.21,11.1,74.0,1.0,0.0,0.18823555,12,7,7,0,,,,0.63555,0.0,0.0,0.0,9.625
0.21,0.21,0.5,0.21,12.2,72.0,51.0,146.0,0.18603432,12,8,7,0,,,,0.64818335,0.0,0.0,0.0,40.720833
0.21,0.21,0.21,0.21,13.9,64.0,200.0,470.0,0.18600632,12,9,7,0,,,,0.67256665,0.0,0.0,0.0,175.2875
0.21,0.5,0.21,0.21,16.1,60.0,353.0,628.0,0.18886022,12,10,7,0,,,,1.1580334,0.0,0.0,0.0,326.26666
0.21,0.5,0.21,0.21,17.2,68.0,463.0,699.0,0.1875508,12,11,7,0,,,,1.2209834,0.0,0.0,0.0,434.04166
0.21,0.5,0.21,0.21,18.3,65.0,516.0,726.0,0.18467799,12,12,7,0,,,,2.37295,0.0,0.0,0.0,488.96667
0.21,0.5,0.21,0.21,18.3,68.0,505.0,721.0,0.18350819,12,13,7,0,,,,1.1120334,0.0,0.0,0.0,487.40417
0.21,0.5,0.21,0.21,18.3,70.0,431.0,678.0,0.18349096,12,14,7,0,,,,0.8541,0.0,0.0,0.0,425.42084
0.21,0.21,0.21,0.21,17.2,75.0,303.0,581.0,0.18655415,12,15,7,0,,,,0.56055,0.0,0.0,0.0,296.40417
0.5,0.21,0.21,0.5,16.7,81.0,126.0,193.0,0.19294447,12,16,7,0,,,,0.65618336,0.0,0.0,0.0,51.7125
0.5,0.21,0.21,0.5,15.0,87.0,28.0,23.0,0.19722097,12,17,7,0,,,,0.88105,0.0,0.0,0.0,0.0
0.5,0.21,0.21,0.5,13.9,87.0,0.0,0.0,0.19534811,12,18,7,0,,,,0.9474667,0.0,0.0,0.0,0.0
0.5,0.21,0.21,0.5,14.4,84.0,0.0,0.0,0.19506152,12,19,7,0,,,,2.6676,0.0,0.0,0.0,0.0
0.5,0.21,0.21,0.5,15.0,81.0,0.0,0.0,0.18956187,12,20,7,0,,,,4.8327165,0.0,0.0,0.0,0.0
0.21,0.21,0.21,0.21,15.0,84.0,0.0,0.0,0.18285203,12,21,7,0,,,,1.9786167,0.0,0.0,0.0,0.0
0.21,0.21,0.21,0.21,13.9,87.0,0.0,0.0,0.16953214,12,22,7,0,,,,1.5215666,0.0,0.0,0.0,0.0
0.21,0.21,0.21,0.21,13.9,87.0,0.0,0.0,0.15434346,12,23,7,0,,,,1.0804167,0.0,0.0,0.0,0.0
0.21,0.21,0.21,0.21,13.3,78.0,0.0,0.0,0.13920605,12,24,7,0,,,,0.65438336,0.0,0.0,0.0,0.0
0.21,0.21,0.21,0.21,13.3,80.0,0.0,0.0,0.13676257,12,1,1,0,,,,0.7418,0.0,0.0,0.0,0.0
0.21,0.21,0.21,0.21,11.1,93.0,0.0,0.0,0.13241875,12,2,1,0,,,,1.0596334,0.0,0.0,0.0,0.0
0.21,0.21,0.21,0.21,10.6,96.0,0.0,0.0,0.13062192,12,3,1,0,,,,0.81411666,0.0,0.0,0.0,0.0
0.21,0.21,0.5,0.21,10.6,96.0,0.0,0.0,0.13104843,12,4,1,0,,,,0.64811665,0.0,0.0,0.0,0.0
0.21,0.21,0.5,0.21,10.0,96.0,0.0,0.0,0.13469538,12,5,1,0,,,,0.6453,0.0,0.0,0.0,0.0
0.21,0.21,0.5,0.21,9.4,96.0,0.0,0.0,0.1409097,12,6,1,0,,,,0.6454167,0.0,0.0,0.0,0.0
0.21,0.21,0.5,0.21,10.6,90.0,1.0,1.0,0.146543,12,7,1,0,,,,0.94028336,0.0,0.0,0.0,9.095834
0.21,0.21,0.5,0.21,11.1,90.0,56.0,256.0,0.14264768,12,8,1,0,,,,2.6589167,0.0,0.0,0.0,39.558334
0.21,0.21,0.21,0.21,13.3,80.0,218.0,623.0,0.14821163,12,9,1,0,,,,0.8058,0.0,0.0,0.0,175.6625
0.21,0.5,0.21,0.21,15.0,75.0,351.0,716.0,0.1467849,12,10,1,0,,,,1.3492666,0.0,0.0,0.0,328.50418
0.21,0.5,0.21,0.21,16.7,67.0,461.0,716.0,0.1471641,12,11,1,0,,,,6.8431334,0.0,0.0,0.0,437.35
0.21,0.5,0.21,0.21,16.1,72.0,493.0,613.0,0.14363056,12,12,1,0,,,,1.4936,0.0,0.0,0.0,492.32916
0.21,0.5,0.21,0.21,17.2,70.0,381.0,236.0,0.1401826,12,13,1,0,,,,1.17365,0.0,0.0,0.0,490.52084
0.21,0.5,0.21,0.21,16.1,78.0,212.0,9.0,0.14278425,12,14,1,0,,,,0.62418336,0.0,0.0,0.0,432.42084
0.21,0.21,0.21,0.21,16.1,75.0,253.0,163.0,0.1468655,12,15,1,0,,,,0.6588,0.0,0.0,0.0,303.7
0.5,0.21,0.21,0.5,15.0,84.0,70.0,5.0,0.15036659,12,16,1,0,,,,0.5588,0.0,0.0,0.0,56.679165
0.5,0.21,0.21,0.5,15.0,75.0,20.0,1.0,0.15958719,12,17,1,0,,,,1.2763333,0.0,0.0,0.0,0.0
0.5,0.21,0.21,0.5,15.0,78.0,0.0,0.0,0.16006736,12,18,1,0,,,,1.1064833,0.0,0.0,0.0,0.0
0.5,0.21,0.21,0.5,15.0,81.0,0.0,0.0,0.15510479,12,19,1,0,,,,2.12045,0.0,0.0,0.0,0.0
0.5,0.21,0.21,0.5,14.4,78.0,0.0,0.0,0.1519666,12,20,1,0,,,,2.0578833,0.0,0.0,0.0,0.0
0.21,0.21,0.21,0.21,14.4,75.0,0.0,0.0,0.15416539,12,21,1,0,,,,5.84775,0.0,0.0,0.0,0.0
0.21,0.21,0.21,0.21,13.3,78.0,0.0,0.0,0.14461389,12,22,1,0,,,,1.4675833,0.0,0.0,0.0,0.0
0.21,0.21,0.21,0.21,13.9,75.0,0.0,0.0,0.1330387,12,23,1,0,,,,1.3272333,0.0,0.0,0.0,0.0
0.21,0.21,0.21,0.21,11.7,86.0,0.0,0.0,0.12004606,12,24,1,0,,,,1.5783083,0.0,0.0,0.0,0.0
0.21,0.21,0.21,0.21,12.8,80.0,0.0,0.0,0.116696976,12,1,2,0,,,,0.83033335,0.0,0.0,0.0,0.0
0.21,0.21,0.21,0.21,12.8,80.0,0.0,0.0,0.11731516,12,2,2,0,,,,0.66496664,0.0,0.0,0.0,0.0
0.21,0.21,0.21,0.21,12.8,87.0,0.0,0.0,0.116268,12,3,2,0,,,,0.64771664,0.0,0.0,0.0,0.0
0.21,0.21,0.5,0.21,12.2,90.0,0.0,0.0,0.11898295,12,4,2,0,,,,0.6427,0.0,0.0,0.0,0.0
0.21,0.21,0.5,0.21,11.1,93.0,0.0,0.0,0.12763162,12,5,2,0,,,,0.6366,0.0,0.0,0.0,0.0
0.21,0.21,0.5,0.21,11.7,90.0,0.0,0.0,0.14366108,12,6,2,0,,,,0.63878334,0.0,0.0,0.0,0.0
0.21,0.21,0.5,0.21,11.1,93.0,2.0,1.0,0.15626304,12,7,2,0,,,,2.5947833,0.0,0.0,0.0,7.1375
0.21,0.21,0.5,0.21,11.7,90.0,60.0,288.0,0.15617584,12,8,2,0,,,,0.97385,0.0,0.0,0.0,37.854168
0.21,0.21,0.21,0.21,12.8,87.0,173.0,218.0,0.1524897,12,9,2,0,,,,0.5984333,0.0,0.0,0.0,167.96666
0.21,0.5,0.21,0.21,14.4,78.0,261.0,326.0,0.1526181,12,10,2,0,,,,0.56703335,0.0,0.0,0.0,314.4125
0.21,0.5,0.21,0.21,16.7,67.0,382.0,308.0,0.15193814,12,11,2,0,,,,1.9562833,0.0,0.0,0.0,381.05
0.21,0.5,0.21,0.21,17.2,54.0,530.0,758.0,0.14859079,12,12,2,0,,,,1.1060833,0.0,0.0,0.0,407.23334
0.21,0.5,0.21,0.21,17.2,56.0,453.0,595.0,0.15082754,12,13,2,0,,,,0.62703335,0.0,0.0,0.0,460.55
0.21,0.5,0.21,0.21,18.3,49.0,372.0,586.0,0.15373032,12,14,2,0,,,,0.5906,0.0,0.0,0.0,337.10834
0.21,0.21,0.21,0.21,17.2,63.0,319.0,700.0,0.15801351,12,15,2,0,,,,0.6347167,0.0,0.0,0.0,71.458336
0.5,0.21,0.21,0.5,16.1,60.0,174.0,624.0,0.17628615,12,16,2,0,,,,1.1337833,0.0,0.0,0.0,4.3166666
0.5,0.21,0.21,0.5,15.6,65.0,40.0,211.0,0.18995191,12,17,2,0,,,,1.3422834,0.0,0.0,0.0,0.0
0.5,0.21,0.21,0.5,15.0,65.0,0.0,0.0,0.19073102,12,18,2,0,,,,1.3893167,0.0,0.0,0.0,0.0
0.5,0.21,0.21,0.5,15.0,65.0,0.0,0.0,0.18675065,12,19,2,0,,,,1.59795,0.0,0.0,0.0,0.0
0.5,0.21,0.21,0.5,14.4,72.0,0.0,0.0,0.18125254,12,20,2,0,,,,1.5309666,0.0,0.0,0.0,0.0
0.21,0.21,0.21,0.21,12.8,75.0,0.0,0.0,0.17779295,12,21,2,0,,,,1.8709167,0.0,0.0,0.0,0.0
0.21,0.21,0.21,0.21,12.8,83.0,0.0,0.0,0.15943359,12,22,2,0,,,,1.8002334,0.0,0.0,0.0,0.0
0.21,0.21,0.21,0.21,12.8,83.0,0.0,0.0,0.1385234,12,23,2,0,,,,2.4428334,0.0,0.0,0.0,0.0
0.21,0.21,0.21,0.21,12.8,60.0,0.0,0.0,0.13666911,12,24,2,0,,,,1.7783834,0.0,0.0,0.0,0.0
0.21,0.21,0.21,0.21,11.1,90.0,0.0,0.0,0.13508031,12,1,3,0,,,,1.7552,0.0,0.0,0.0,0.0
0.21,0.21,0.21,0.21,10.6,90.0,0.0,0.0,0.13547799,12,2,3,0,,,,1.39495,0.0,0.0,0.0,0.0
0.21,0.21,0.21,0.21,8.9,93.0,0.0,0.0,0.13412926,12,3,3,0,,,,1.3984333,0.0,0.0,0.0,0.0
0.21,0.21,0.5,0.21,10.6,86.0,0.0,0.0,0.13626419,12,4,3,0,,,,1.3942167,0.0,0.0,0.0,0.0
0.21,0.21,0.5,0.21,8.9,93.0,0.0,0.0,0.14823036,12,5,3,0,,,,2.0017,0.0,0.0,0.0,0.0
0.21,0.21,0.5,0.21,8.3,93.0,0.0,0.0,0.16502276,12,6,3,0,,,,1.5849833,0.0,0.0,0.0,0.0
0.21,0.21,0.5,0.21,8.3,93.0,2.0,2.0,0.17686988,12,7,3,0,,,,2.4203334,0.0,0.0,0.0,4.6541667
0.21,0.21,0.5,0.21,10.6,77.0,55.0,216.0,0.17831439,12,8,3,0,,,,1.7814667,0.0,0.0,0.0,45.7875
0.21,0.21,0.21,0.21,14.4,58.0,198.0,499.0,0.17696051,12,9,3,0,,,,1.47165,0.0,0.0,0.0,39.7875
0.21,0.5,0.21,0.21,17.8,47.0,318.0,483.0,0.17588834,12,10,3,0,,,,1.6502167,0.0,0.0,0.0,54.65
0.21,0.5,0.21,0.21,18.9,40.0,447.0,635.0,0.1727357,12,11,3,0,,,,1.9713666,0.0,0.0,0.0,94.79583
0.21,0.5,0.21,0.21,21.1,34.0,526.0,691.0,0.1663221,12,12,3,0,,,,1.8343834,0.0,0.0,0.0,98.14167
0.21,0.5,0.21,0.21,21.7,35.0,482.0,619.0,0.1653875,12,13,3,0,,,,1.9009833,0.0,0.0,0.0,107.933334
0.21,0.5,0.21,0.21,18.9,57.0,443.0,751.0,0.16505301,12,14,3,0,,,,1.3566,0.0,0.0,0.0,73.129166
0.21,0.21,0.21,0.21,20.0,44.0,338.0,780.0,0.17225052,12,15,3,0,,,,1.7756667,0.0,0.0,0.0,37.220833
0.5,0.21,0.21,0.5,18.3,54.0,174.0,616.0,0.1828484,12,16,3,0,,,,1.5379041,0.0,0.0,0.0,7.320833
0.5,0.21,0.21,0.5,17.2,73.0,39.0,202.0,0.19309099,12,17,3,0,,,,1.66815,0.0,0.0,0.0,0.0
0.5,0.21,0.21,0.5,16.1,81.0,0.0,0.0,0.19419481,12,18,3,0,,,,1.9901,0.0,0.0,0.0,0.0
0.5,0.21,0.21,0.5,15.6,81.0,0.0,0.0,0.19334759,12,19,3,0,,,,2.23405,0.0,0.0,0.0,0.0
0.5,0.21,0.21,0.5,14.4,87.0,0.0,0.0,0.19225626,12,20,3,0,,,,2.7699,0.0,0.0,0.0,0.0
0.21,0.21,0.21,0.21,14.4,84.0,0.0,0.0,0.18696108,12,21,3,0,,,,2.5847833,0.0,0.0,0.0,0.0
0.21,0.21,0.21,0.21,13.9,75.0,0.0,0.0,0.17514469,12,22,3,0,,,,5.31525,0.0,0.0,0.0,0.0
0.21,0.21,0.21,0.21,14.4,56.0,0.0,0.0,0.15353155,12,23,3,0,,,,2.6450834,0.0,0.0,0.0,0.0
0.21,0.21,0.21,0.21,13.9,84.0,0.0,0.0,0.1426516,12,24,3,0,,,,2.3831584,0.0,0.0,0.0,0.0
0.21,0.21,0.21,0.21,13.3,47.0,0.0,0.0,0.13133715,12,1,4,0,,,,2.29625,0.0,0.0,0.0,0.0
0.21,0.21,0.21,0.21,11.7,55.0,0.0,0.0,0.13100483,12,2,4,0,,,,3.2345834,0.0,0.0,0.0,0.0
0.21,0.21,0.21,0.21,11.7,49.0,0.0,0.0,0.1302205,12,3,4,0,,,,2.3408666,0.0,0.0,0.0,0.0
0.21,0.21,0.5,0.21,10.6,50.0,0.0,0.0,0.13283741,12,4,4,0,,,,1.7525333,0.0,0.0,0.0,0.0
0.21,0.21,0.5,0.21,12.2,37.0,0.0,0.0,0.14648458,12,5,4,0,,,,1.9866333,0.0,0.0,0.0,0.0
0.21,0.21,0.5,0.21,11.1,40.0,0.0,0.0,0.17306826,12,6,4,0,,,,2.2563457,0.0,0.0,0.0,0.0
0.21,0.21,0.5,0.21,12.2,37.0,0.0,0.0,0.18131533,12,7,4,0,,,,2.62465,0.0,0.0,0.0,0.0
0.21,0.21,0.5,0.21,11.7,43.0,40.0,66.0,0.19167353,12,8,4,0,,,,2.2882667,0.0,0.0,0.0,30.258333
0.21,0.21,0.21,0.21,13.3,40.0,167.0,252.0,0.19393611,12,9,4,0,,,,3.0087833,0.0,0.0,0.0,64.30417
0.21,0.5,0.21,0.21,17.2,29.0,350.0,434.0,0.19684106,12,10,4,0,,,,1.3313333,0.0,0.0,0.0,93.92083
0.21,0.5,0.21,0.21,18.9,34.0,453.0,616.0,0.20080985,12,11,4,0,,,,2.4584832,0.0,0.0,0.0,90.770836
0.21,0.5,0.21,0.21,20.6,29.0,488.0,597.0,0.19449273,12,12,4,0,,,,1.4332167,0.0,0.0,0.0,99.729164
0.21,0.5,0.21,0.21,21.7,40.0,391.0,384.0,0.19155411,12,13,4,0,,,,1.0075166,0.0,0.0,0.0,190.95
0.21,0.5,0.21,0.21,18.3,65.0,420.0,676.0,0.18769096,12,14,4,0,,,,1.28945,0.0,0.0,0.0,74.11667
0.21,0.21,0.21,0.21,16.1,84.0,277.0,290.0,0.19132717,12,15,4,0,,,,0.9953667,0.0,0.0,0.0,26.304167
0.5,0.21,0.21,0.5,16.1,72.0,130.0,259.0,0.1936438,12,16,4,0,,,,1.34095,0.0,0.0,0.0,3.225
0.5,0.21,0.21,0.5,15.0,78.0,35.0,53.0,0.19624756,12,17,4,0,,,,1.9669,0.0,0.0,0.0,0.0
0.5,0.21,0.21,0.5,15.6,75.0,0.0,0.0,0.19842571,12,18,4,0,,,,1.97645,0.0,0.0,0.0,0.0
0.5,0.21,0.21,0.5,14.4,87.0,0.0,0.0,0.19930357,12,19,4,0,,,,2.5128167,0.0,0.0,0.0,0.0
0.5,0.21,0.21,0.5,15.0,87.0,0.0,0.0,0.19683039,12,20,4,0,,,,3.78375,0.0,0.0,0.0,0.0
0.21,0.21,0.21,0.21,15.0,84.0,0.0,0.0,0.18641268,12,21,4,0,,,,3.21005,0.0,0.0,0.0,0.0
0.21,0.21,0.21,0.21,14.4,81.0,0.0,0.0,0.17564689,12,22,4,0,,,,2.46325,0.0,0.0,0.0,0.0
0.21,0.21,0.21,0.21,13.3,83.0,0.0,0.0,0.16281657,12,23,4,0,,,,1.9023167,0.0,0.0,0.0,0.0
0.21,0.21,0.21,0.21,13.3,87.0,0.0,0.0,0.16216652,12,24,4,0,,,,1.4985083,0.0,0.0,0.0,0.0
0.21,0.21,0.21,0.21,13.3,87.0,0.0,0.0,0.16040656,12,1,5,0,,,,1.4393,0.0,0.0,0.0,0.0
0.21,0.21,0.21,0.21,12.2,90.0,0.0,0.0,0.15664694,12,2,5,0,,,,1.4433666,0.0,0.0,0.0,0.0
0.21,0.21,0.21,0.21,11.7,90.0,0.0,0.0,0.14558734,12,3,5,0,,,,1.4463333,0.0,0.0,0.0,0.0
0.21,0.21,0.5,0.21,11.7,86.0,0.0,0.0,0.1457365,12,4,5,0,,,,1.4500166,0.0,0.0,0.0,0.0
0.21,0.21,0.5,0.21,12.2,83.0,0.0,0.0,0.15337093,12,5,5,0,,,,1.4469334,0.0,0.0,0.0,0.0
0.21,0.21,0.5,0.21,12.2,83.0,0.0,0.0,0.16544452,12,6,5,0,,,,1.4440833,0.0,0.0,0.0,0.0
0.21,0.21,0.5,0.21,13.3,75.0,0.0,0.0,0.15492156,12,7,5,0,,,,1.4400667,0.0,0.0,0.0,0.0
0.21,0.21,0.5,0.21,13.3,75.0,21.0,13.0,0.1485805,12,8,5,0,,,,1.8855,0.0,0.0,0.0,26.433332
0.21,0.21,0.21,0.21,13.9,78.0,89.0,26.0,0.16048081,12,9,5,0,,,,1.8018833,0.0,0.0,0.0,11.25
0.21,0.5,0.21,0.21,15.0,72.0,144.0,26.0,0.1696046,12,10,5,0,,,,2.71835,0.0,0.0,0.0,47.216667
0.21,0.5,0.21,0.21,16.1,78.0,237.0,10.0,0.17510317,12,11,5,0,,,,2.8172667,0.0,0.0,0.0,129.59166
0.21,0.5,0.21,0.21,16.7,78.0,242.0,4.0,0.1790268,12,12,5,0,,,,1.8755167,0.0,0.0,0.0,207.05417
0.21,0.5,0.21,0.21,16.7,78.0,212.0,9.0,0.17471682,12,13,5,0,,,,1.4092,0.0,0.0,0.0,172.83333
0.21,0.5,0.21,0.21,16.7,78.0,310.0,223.0,0.16685055,12,14,5,0,,,,2.8109167,0.0,0.0,0.0,127.39167
0.21,0.21,0.21,0.21,16.7,78.0,273.0,388.0,0.170792,12,15,5,0,,,,1.6505,0.0,0.0,0.0,26.695833
0.5,0.21,0.21,0.5,16.1,84.0,178.0,642.0,0.17698571,12,16,5,0,,,,2.7369833,0.0,0.0,0.0,5.2083335
0.5,0.21,0.21,0.5,15.6,87.0,42.0,178.0,0.17500155,12,17,5,0,,,,2.4673166,0.0,0.0,0.0,0.0
0.5,0.21,0.21,0.5,15.0,90.0,0.0,0.0,0.17283642,12,18,5,0,,,,2.5146666,0.0,0.0,0.0,0.0
0.5,0.21,0.21,0.5,15.0,90.0,0.0,0.0,0.17103566,12,19,5,0,,,,1.958,0.0,0.0,0.0,0.0
0.5,0.21,0.21,0.5,14.4,93.0,0.0,0.0,0.16264,12,20,5,0,,,,2.81565,0.0,0.0,0.0,0.0
0.21,0.21,0.21,0.21,14.4,93.0,0.0,0.0,0.14824349,12,21,5,0,,,,2.5551834,0.0,0.0,0.0,0.0
0.21,0.21,0.21,0.21,14.4,90.0,0.0,0.0,0.14192112,12,22,5,0,,,,2.1812668,0.0,0.0,0.0,0.0
0.21,0.21,0.21,0.21,14.4,72.0,0.0,0.0,0.14053367,12,23,5,0,,,,1.7971833,0.0,0.0,0.0,0.0
0.21,0.21,0.21,0.21,12.2,86.0,0.0,0.0,0.1350316,12,24,5,0,,,,1.61255,0.0,0.0,0.0,0.0
0.21,0.21,0.21,0.21,11.7,96.0,0.0,0.0,0.1263929,12,1,6,0,,,,1.45895,0.0,0.0,0.0,0.0
0.21,0.21,0.21,0.21,11.1,100.0,0.0,0.0,0.12692076,12,2,6,0,,,,1.4225833,0.0,0.0,0.0,0.0
0.21,0.21,0.21,0.21,11.1,100.0,0.0,0.0,0.122067355,12,3,6,0,,,,1.4347167,0.0,0.0,0.0,0.0
0.21,0.21,0.5,0.21,10.6,100.0,0.0,0.0,0.12279208,12,4,6,0,,,,2.09185,0.0,0.0,0.0,0.0
0.21,0.21,0.5,0.21,8.9,100.0,0.0,0.0,0.12769549,12,5,6,0,,,,1.4613167,0.0,0.0,0.0,0.0
0.21,0.21,0.5,0.21,8.3,100.0,0.0,0.0,0.12856092,12,6,6,0,,,,2.1032667,0.0,0.0,0.0,0.0
0.21,0.21,0.5,0.21,8.3,100.0,0.0,0.0,0.12735005,12,7,6,0,,,,2.0787833,0.0,0.0,0.0,0.0
0.21,0.21,0.5,0.21,9.4,100.0,48.0,226.0,0.13228635,12,8,6,0,,,,2.1346,0.0,0.0,0.0,61.633335
0.21,0.21,0.21,0.21,12.8,77.0,200.0,463.0,0.13014223,12,9,6,0,,,,1.0939,0.0,0.0,0.0,152.12083
0.21,0.5,0.21,0.21,15.6,58.0,339.0,563.0,0.13415322,12,10,6,0,,,,1.0545167,0.0,0.0,0.0,376.0625
0.21,0.5,0.21,0.21,18.3,42.0,428.0,555.0,0.13538913,12,11,6,0,,,,1.96395,0.0,0.0,0.0,459.23334
0.21,0.5,0.21,0.21,20.0,38.0,528.0,831.0,0.13743718,12,12,6,0,,,,1.5876833,0.0,0.0,0.0,515.75
0.21,0.5,0.21,0.21,20.0,36.0,537.0,859.0,0.13557775,12,13,6,0,,,,1.3931,0.0,0.0,0.0,495.52917
0.21,0.5,0.21,0.21,18.3,50.0,443.0,652.0,0.13577919,12,14,6,0,,,,1.2861834,0.0,0.0,0.0,309.55
0.21,0.21,0.21,0.21,17.8,61.0,334.0,676.0,0.138896,12,15,6,0,,,,1.58635,0.0,0.0,0.0,309.19583
0.5,0.21,0.21,0.5,17.2,70.0,163.0,508.0,0.14974378,12,16,6,0,,,,1.4854333,0.0,0.0,0.0,64.05
0.5,0.21,0.21,0.5,15.6,75.0,38.0,80.0,0.15521972,12,17,6,0,,,,1.2226833,0.0,0.0,0.0,0.0
0.5,0.21,0.21,0.5,13.9,84.0,0.0,0.0,0.15133195,12,18,6,0,,,,1.6024667,0.0,0.0,0.0,0.0
0.5,0.21,0.21,0.5,15.0,87.0,0.0,0.0,0.14714693,12,19,6,0,,,,2.5544,0.0,0.0,0.0,0.0
0.5,0.21,0.21,0.5,13.9,90.0,0.0,0.0,0.14196755,12,20,6,0,,,,2.3053334,0.0,0.0,0.0,0.0
0.21,0.21,0.21,0.21,13.9,87.0,0.0,0.0,0.13876936,12,21,6,0,,,,2.1826,0.0,0.0,0.0,0.0
0.21,0.21,0.21,0.21,12.8,93.0,0.0,0.0,0.13074806,12,22,6,0,,,,2.9638667,0.0,0.0,0.0,0.0
0.21,0.21,0.21,0.21,12.8,90.0,0.0,0.0,0.12086869,12,23,6,0,,,,2.88185,0.0,0.0,0.0,0.0
0.21,0.21,0.21,0.21,13.9,49.0,0.0,0.0,0.11586849,12,24,6,0,,,,2.7426333,0.0,0.0,0.0,0.0
0.21,0.21,0.21,0.21,11.1,86.0,0.0,0.0,0.11789396,12,1,7,0,,,,3.7771,0.0,0.0,0.0,0.0
0.21,0.21,0.21,0.21,11.7,83.0,0.0,0.0,0.11212243,12,2,7,0,,,,2.8659832,0.0,0.0,0.0,0.0
0.21,0.21,0.21,0.21,11.1,86.0,0.0,0.0,0.10837629,12,3,7,0,,,,2.5263,0.0,0.0,0.0,0.0
0.21,0.21,0.5,0.21,10.0,90.0,0.0,0.0,0.11074049,12,4,7,0,,,,2.5595667,0.0,0.0,0.0,0.0
0.21,0.21,0.5,0.21,8.9,93.0,0.0,0.0,0.11297704,12,5,7,0,,,,2.4042666,0.0,0.0,0.0,0.0
0.21,0.21,0.5,0.21,10.0,86.0,0.0,0.0,0.11296833,12,6,7,0,,,,2.3448668,0.0,0.0,0.0,0.0
0.21,0.21,0.5,0.21,9.4,83.0,0.0,0.0,0.110763706,12,7,7,0,,,,1.4152334,0.0,0.0,0.0,0.0
0.21,0.21,0.5,0.21,9.4,80.0,45.0,98.0,0.11630337,12,8,7,0,,,,1.4360167,0.0,0.0,0.0,36.804165
0.21,0.21,0.21,0.21,12.8,62.0,183.0,384.0,0.1193647,12,9,7,0,,,,1.8073833,0.0,0.0,0.0,164.61667
0.21,0.5,0.21,0.21,15.0,54.0,317.0,373.0,0.12079944,12,10,7,0,,,,2.1219666,0.0,0.0,0.0,327.09583
0.21,0.5,0.21,0.21,17.8,47.0,431.0,616.0,0.11833523,12,11,7,0,,,,1.5043334,0.0,0.0,0.0,395.30832
0.21,0.5,0.21,0.21,19.4,36.0,472.0,522.0,0.12736347,12,12,7,0,,,,1.7333,0.0,0.0,0.0,461.2625
0.21,0.5,0.21,0.21,19.4,44.0,521.0,661.0,0.12568954,12,13,7,0,,,,1.0487334,0.0,0.0,0.0,459.90417
0.21,0.5,0.21,0.21,18.3,42.0,382.0,372.0,0.12541157,12,14,7,0,,,,1.0408334,0.0,0.0,0.0,391.04166
0.21,0.21,0.21,0.21,18.3,49.0,281.0,299.0,0.12588334,12,15,7,0,,,,0.8997833,0.0,0.0,0.0,241.375
0.5,0.21,0.21,0.5,17.2,58.0,147.0,314.0,0.13384673,12,16,7,0,,,,0.6106667,0.0,0.0,0.0,37.354168
0.5,0.21,0.21,0.5,15.0,87.0,29.0,36.0,0.13121533,12,17,7,0,,,,0.5985,0.0,0.0,0.0,0.0
0.5,0.21,0.21,0.5,15.0,84.0,0.0,0.0,0.12745099,12,18,7,0,,,,1.4687667,0.0,0.0,0.0,0.0
0.5,0.21,0.21,0.5,14.4,87.0,0.0,0.0,0.12702969,12,19,7,0,,,,2.9005666,0.0,0.0,0.0,0.0
0.5,0.21,0.21,0.5,13.9,84.0,0.0,0.0,0.12994607,12,20,7,0,,,,5.159517,0.0,0.0,0.0,0.0
0.21,0.21,0.21,0.21,13.3,83.0,0.0,0.0,0.12804091,12,21,7,0,,,,4.812283,0.0,0.0,0.0,0.0
0.21,0.21,0.21,0.21,12.2,77.0,0.0,0.0,0.12109389,12,22,7,0,,,,3.7359834,0.0,0.0,0.0,0.0
0.21,0.21,0.21,0.21,12.2,64.0,0.0,0.0,0.11808343,12,23,7,0,,,,3.2235167,0.0,0.0,0.0,0.0
0.21,0.21,0.21,0.21,11.7,72.0,0.0,0.0,0.11710724,12,24,7,0,,,,2.3658166,0.0,0.0,0.0,0.0
0.21,0.21,0.21,0.21,13.3,45.0,0.0,0.0,0.11743832,12,1,1,0,,,,1.6384833,0.0,0.0,0.0,0.0
0.21,0.21,0.21,0.21,11.7,47.0,0.0,0.0,0.120217495,12,2,1,0,,,,1.4931,0.0,0.0,0.0,0.0
0.21,0.21,0.21,0.21,12.2,42.0,0.0,0.0,0.12086361,12,3,1,0,,,,1.4487333,0.0,0.0,0.0,0.0
0.21,0.21,0.5,0.21,10.0,46.0,0.0,0.0,0.122109324,12,4,1,0,,,,1.4399166,0.0,0.0,0.0,0.0
0.21,0.21,0.5,0.21,10.0,43.0,0.0,0.0,0.130284,12,5,1,0,,,,2.2936332,0.0,0.0,0.0,0.0
0.21,0.21,0.5,0.21,10.0,46.0,0.0,0.0,0.13844365,12,6,1,0,,,,2.2596834,0.0,0.0,0.0,0.0
0.21,0.21,0.5,0.21,10.6,43.0,0.0,0.0,0.14281933,12,7,1,0,,,,2.1836834,0.0,0.0,0.0,0.0
0.21,0.21,0.5,0.21,10.0,45.0,52.0,201.0,0.14853998,12,8,1,0,,,,1.45055,0.0,0.0,0.0,80.525
0.21,0.21,0.21,0.21,15.0,31.0,187.0,391.0,0.15092812,12,9,1,0,,,,2.2784,0.0,0.0,0.0,172.5625
0.21,0.5,0.21,0.21,17.8,26.0,349.0,614.0,0.14761671,12,10,1,0,,,,3.8092167,0.0,0.0,0.0,294.99582
0.21,0.5,0.21,0.21,19.4,21.0,473.0,731.0,0.15853843,12,11,1,0,,,,3.1645167,0.0,0.0,0.0,357.25418
0.21,0.5,0.21,0.21,19.4,22.0,509.0,705.0,0.15303068,12,12,1,0,,,,1.8308834,0.0,0.0,0.0,393.95834
0.21,0.5,0.21,0.21,19.4,42.0,322.0,122.0,0.15096438,12,13,1,0,,,,1.7626166,0.0,0.0,0.0,375.075
0.21,0.5,0.21,0.21,18.9,40.0,350.0,339.0,0.15171449,12,14,1,0,,,,2.9107,0.0,0.0,0.0,292.14584
0.21,0.21,0.21,0.21,17.8,56.0,304.0,633.0,0.15306845,12,15,1,0,,,,2.25915,0.0,0.0,0.0,113.0625
0.5,0.21,0.21,0.5,16.7,65.0,178.0,603.0,0.15302463,12,16,1,0,,,,2.3811,0.0,0.0,0.0,15.058333
0.5,0.21,0.21,0.5,14.4,81.0,41.0,212.0,0.16485661,12,17,1,0,,,,2.1992166,0.0,0.0,0.0,0.0
0.5,0.21,0.21,0.5,13.9,75.0,0.0,0.0,0.16596606,12,18,1,0,,,,2.6761167,0.0,0.0,0.0,0.0
0.5,0.21,0.21,0.5,13.9,84.0,0.0,0.0,0.16352212,12,19,1,0,,,,2.9102333,0.0,0.0,0.0,0.0
0.5,0.21,0.21,0.5,13.3,78.0,0.0,0.0,0.16249292,12,20,1,0,,,,3.1917334,0.0,0.0,0.0,0.0
0.21,0.21,0.21,0.21,13.9,75.0,0.0,0.0,0.16112983,12,21,1,0,,,,2.8934166,0.0,0.0,0.0,0.0
0.21,0.21,0.21,0.21,12.8,83.0,0.0,0.0,0.15209182,12,22,1,0,,,,2.8393,0.0,0.0,0.0,0.0
0.21,0.21,0.21,0.21,11.7,86.0,0.0,0.0,0.14233063,12,23,1,0,,,,2.8839333,0.0,0.0,0.0,0.0
0.21,0.21,0.21,0.21,12.2,93.0,0.0,0.0,0.15096313,12,24,1,0,,,,3.2648416,0.0,0.0,0.0,0.0
0.21,0.21,0.21,0.21,10.0,74.0,0.0,0.0,0.15714313,12,1,2,0,,,,3.08195,0.0,0.0,0.0,0.0
0.21,0.21,0.21,0.21,9.4,66.0,0.0,0.0,0.15816833,12,2,2,0,,,,2.8956,0.0,0.0,0.0,0.0
0.21,0.21,0.21,0.21,8.9,66.0,0.0,0.0,0.15754402,12,3,2,0,,,,1.8417667,0.0,0.0,0.0,0.0
0.21,0.21,0.5,0.21,8.9,61.0,0.0,0.0,0.15570112,12,4,2,0,,,,1.7546834,0.0,0.0,0.0,0.0
0.21,0.21,0.5,0.21,8.3,63.0,0.0,0.0,0.1562552,12,5,2,0,,,,1.4505666,0.0,0.0,0.0,0.0
0.21,0.21,0.5,0.21,7.8,66.0,0.0,0.0,0.15961024,12,6,2,0,,,,2.0382667,0.0,0.0,0.0,0.0
0.21,0.21,0.5,0.21,8.3,61.0,0.0,0.0,0.15610376,12,7,2,0,,,,1.0048,0.0,0.0,0.0,0.0
0.21,0.21,0.5,0.21,10.6,55.0,38.0,79.0,0.16742556,12,8,2,0,,,,1.2547667,0.0,0.0,0.0,37.6625
0.21,0.21,0.21,0.21,11.7,53.0,187.0,336.0,0.172376,12,9,2,0,,,,0.93843335,0.0,0.0,0.0,159.15
0.21,0.5,0.21,0.21,15.0,41.0,346.0,486.0,0.17177522,12,10,2,0,,,,1.0070833,0.0,0.0,0.0,302.47083
0.21,0.5,0.21,0.21,15.6,60.0,422.0,424.0,0.17770231,12,11,2,0,,,,0.7251833,0.0,0.0,0.0,410.55832
0.21,0.5,0.21,0.21,16.7,56.0,323.0,132.0,0.17543139,12,12,2,0,,,,0.77388334,0.0,0.0,0.0,470.325
0.21,0.5,0.21,0.21,17.8,47.0,441.0,412.0,0.17912474,12,13,2,0,,,,0.85046667,0.0,0.0,0.0,470.23334
0.21,0.5,0.21,0.21,16.1,72.0,310.0,80.0,0.18121642,12,14,2,0,,,,0.85755,0.0,0.0,0.0,411.95416
0.21,0.21,0.21,0.21,15.6,81.0,190.0,105.0,0.18348442,12,15,2,0,,,,1.2238,0.0,0.0,0.0,285.3625
0.5,0.21,0.21,0.5,15.0,84.0,109.0,29.0,0.18211006,12,16,2,0,,,,0.99945,0.0,0.0,0.0,58.895832
0.5,0.21,0.21,0.5,13.9,84.0,25.0,15.0,0.19022708,12,17,2,0,,,,1.1578833,0.0,0.0,0.0,0.0
0.5,0.21,0.21,0.5,13.9,84.0,0.0,0.0,0.19139011,12,18,2,0,,,,3.3913834,0.0,0.0,0.0,0.0
0.5,0.21,0.21,0.5,12.8,90.0,0.0,0.0,0.1860557,12,19,2,0,,,,2.9191833,0.0,0.0,0.0,0.0
0.5,0.21,0.21,0.5,13.3,87.0,0.0,0.0,0.18302014,12,20,2,0,,,,3.6843,0.0,0.0,0.0,0.0
0.21,0.21,0.21,0.21,13.3,87.0,0.0,0.0,0.18404171,12,21,2,0,,,,2.9277,0.0,0.0,0.0,0.0
0.21,0.21,0.21,0.21,13.3,90.0,0.0,0.0,0.18497019,12,22,2,0,,,,3.1383834,0.0,0.0,0.0,0.0
0.21,0.21,0.21,0.21,12.2,93.0,0.0,0.0,0.1910762,12,23,2,0,,,,2.7777,0.0,0.0,0.0,0.0
0.21,0.21,0.21,0.21,11.7,72.0,0.0,0.0,0.18004452,12,24,2,0,,,,2.676125,0.0,0.0,0.0,0.0
0.21,0.21,0.21,0.21,11.7,83.0,0.0,0.0,0.17400649,12,1,3,0,,,,1.7246833,0.0,0.0,0.0,0.0
0.21,0.21,0.21,0.21,10.6,90.0,0.0,0.0,0.17611381,12,2,3,0,,,,2.3752167,0.0,0.0,0.0,0.0
0.21,0.21,0.21,0.21,10.6,80.0,0.0,0.0,0.17418681,12,3,3,0,,,,1.5862,0.0,0.0,0.0,0.0
0.21,0.21,0.5,0.21,9.4,80.0,0.0,0.0,0.18410394,12,4,3,0,,,,1.4174083,0.0,0.0,0.0,0.0
0.21,0.21,0.5,0.21,8.3,83.0,0.0,0.0,0.18567948,12,5,3,0,,,,1.4180833,0.0,0.0,0.0,0.0
0.21,0.21,0.5,0.21,8.3,83.0,0.0,0.0,0.18448676,12,6,3,0,,,,1.4966333,0.0,0.0,0.0,0.0
0.21,0.21,0.5,0.21,8.3,80.0,0.0,0.0,0.18522646,12,7,3,0,,,,1.0674167,0.0,0.0,0.0,0.0
0.21,0.21,0.5,0.21,10.0,64.0,47.0,182.0,0.18850532,12,8,3,0,,,,0.83893335,0.0,0.0,0.0,36.658333
0.21,0.21,0.21,0.21,11.7,62.0,199.0,536.0,0.19310431,12,9,3,0,,,,0.62266666,0.0,0.0,0.0,159.16667
0.21,0.5,0.21,0.21,15.0,52.0,356.0,693.0,0.19178641,12,10,3,0,,,,0.62906665,0.0,0.0,0.0,306.97916
0.21,0.5,0.21,0.21,18.3,33.0,474.0,768.0,0.19101584,12,11,3,0,,,,0.6112,0.0,0.0,0.0,416.65417
0.21,0.5,0.21,0.21,19.4,30.0,539.0,809.0,0.19180974,12,12,3,0,,,,1.0733167,0.0,0.0,0.0,475.14584
0.21,0.5,0.21,0.21,20.0,41.0,524.0,790.0,0.1969525,12,13,3,0,,,,0.8399,0.0,0.0,0.0,475.89584
0.21,0.5,0.21,0.21,18.3,40.0,457.0,759.0,0.19441567,12,14,3,0,,,,0.8353,0.0,0.0,0.0,419.65417
0.21,0.21,0.21,0.21,18.3,47.0,330.0,671.0,0.1977695,12,15,3,0,,,,0.85583335,0.0,0.0,0.0,297.94583
0.5,0.21,0.21,0.5,17.2,61.0,169.0,486.0,0.2047294,12,16,3,0,,,,1.01265,0.0,0.0,0.0,65.52917
0.5,0.21,0.21,0.5,15.6,75.0,37.0,117.0,0.21070717,12,17,3,0,,,,2.20525,0.0,0.0,0.0,0.0
0.5,0.21,0.21,0.5,16.7,67.0,0.0,0.0,0.21234502,12,18,3,0,,,,2.1661668,0.0,0.0,0.0,0.0
0.5,0.21,0.21,0.5,15.0,62.0,0.0,0.0,0.21180461,12,19,3,0,,,,1.72005,0.0,0.0,0.0,0.0
0.5,0.21,0.21,0.5,15.0,62.0,0.0,0.0,0.21098769,12,20,3,0,,,,1.8139334,0.0,0.0,0.0,0.0
0.21,0.21,0.21,0.21,15.0,58.0,0.0,0.0,0.2080696,12,21,3,0,,,,4.55375,0.0,0.0,0.0,0.0
0.21,0.21,0.21,0.21,14.4,53.0,0.0,0.0,0.20289546,12,22,3,0,,,,2.0387,0.0,0.0,0.0,0.0
0.21,0.21,0.21,0.21,15.0,38.0,0.0,0.0,0.20274319,12,23,3,0,,,,1.7878,0.0,0.0,0.0,0.0
0.21,0.21,0.21,0.21,12.8,34.0,0.0,0.0,0.21039705,12,24,3,0,,,,1.4516667,0.0,0.0,0.0,0.0
0.21,0.21,0.21,0.21,12.2,55.0,0.0,0.0,0.20924152,12,1,4,0,,,,1.4440334,0.0,0.0,0.0,0.0
0.21,0.21,0.21,0.21,11.7,51.0,0.0,0.0,0.20518224,12,2,4,0,,,,1.4514166,0.0,0.0,0.0,0.0
0.21,0.21,0.21,0.21,11.1,49.0,0.0,0.0,0.20729041,12,3,4,0,,,,1.44875,0.0,0.0,0.0,0.0
0.21,0.21,0.5,0.21,8.9,61.0,0.0,0.0,0.21446507,12,4,4,0,,,,1.4430833,0.0,0.0,0.0,0.0
0.21,0.21,0.5,0.21,8.3,63.0,0.0,0.0,0.2188154,12,5,4,0,,,,1.4358166,0.0,0.0,0.0,0.0
0.21,0.21,0.5,0.21,7.8,63.0,0.0,0.0,0.23040833,12,6,4,0,,,,1.4372667,0.0,0.0,0.0,0.0
0.21,0.21,0.5,0.21,10.6,45.0,0.0,0.0,0.21967575,12,7,4,0,,,,1.4549,0.0,0.0,0.0,0.0
0.21,0.21,0.5,0.21,12.2,42.0,46.0,121.0,0.2084073,12,8,4,0,,,,1.4431334,0.0,0.0,0.0,33.7375
0.21,0.21,0.21,0.21,15.6,35.0,185.0,329.0,0.2130587,12,9,4,0,,,,1.6693667,0.0,0.0,0.0,154.83333
0.21,0.5,0.21,0.21,18.9,24.0,320.0,453.0,0.20695832,12,10,4,0,,,,1.7838833,0.0,0.0,0.0,300.73334
0.21,0.5,0.21,0.21,21.7,20.0,448.0,640.0,0.20594805,12,11,4,0,,,,0.62373334,0.0,0.0,0.0,405.675
0.21,0.5,0.21,0.21,22.2,18.0,475.0,547.0,0.21201964,12,12,4,0,,,,0.6127,0.0,0.0,0.0,463.06668
0.21,0.5,0.21,0.21,21.1,20.0,433.0,508.0,0.21169887,12,13,4,0,,,,0.60443336,0.0,0.0,0.0,468.15833
0.21,0.5,0.21,0.21,20.0,26.0,478.0,683.0,0.21229284,12,14,4,0,,,,0.596,0.0,0.0,0.0,287.41666
0.21,0.21,0.21,0.21,20.0,25.0,290.0,416.0,0.21137649,12,15,4,0,,,,0.5939,0.0,0.0,0.0,156.71666
0.5,0.21,0.21,0.5,17.8,32.0,171.0,344.0,0.21607569,12,16,4,0,,,,0.5987,0.0,0.0,0.0,13.545834
0.5,0.21,0.21,0.5,15.0,65.0,37.0,142.0,0.21718754,12,17,4,0,,,,1.8558333,0.0,0.0,0.0,0.0
0.5,0.21,0.21,0.5,16.1,56.0,0.0,0.0,0.21686944,12,18,4,0,,,,2.17935,0.0,0.0,0.0,0.0
0.5,0.21,0.21,0.5,16.1,54.0,0.0,0.0,0.21597725,12,19,4,0,,,,2.1135,0.0,0.0,0.0,0.0
0.5,0.21,0.21,0.5,15.0,62.0,0.0,0.0,0.21646068,12,20,4,0,,,,1.9690666,0.0,0.0,0.0,0.0
0.21,0.21,0.21,0.21,14.4,51.0,0.0,0.0,0.21228969,12,21,4,0,,,,1.7525667,0.0,0.0,0.0,0.0
0.21,0.21,0.21,0.21,15.0,39.0,0.0,0.0,0.20133182,12,22,4,0,,,,1.75265,0.0,0.0,0.0,0.0
0.21,0.21,0.21,0.21,12.8,42.0,0.0,0.0,0.20117301,12,23,4,0,,,,1.80315,0.0,0.0,0.0,0.0
0.21,0.21,0.21,0.21,13.3,72.0,0.0,0.0,0.20185244,12,24,4,0,,,,1.683,0.0,0.0,0.0,0.0
0.21,0.21,0.21,0.21,12.8,34.0,0.0,0.0,0.20242198,12,1,5,0,,,,1.6198334,0.0,0.0,0.0,0.0
0.21,0.21,0.21,0.21,13.3,29.0,0.0,0.0,0.20054226,12,2,5,0,,,,1.4427,0.0,0.0,0.0,0.0
0.21,0.21,0.21,0.21,11.7,32.0,0.0,0.0,0.20005569,12,3,5,0,,,,1.43855,0.0,0.0,0.0,0.0
0.21,0.21,0.5,0.21,10.6,35.0,0.0,0.0,0.19994532,12,4,5,0,,,,1.4398167,0.0,0.0,0.0,0.0
0.21,0.21,0.5,0.21,10.6,35.0,0.0,0.0,0.20209754,12,5,5,0,,,,1.4313166,0.0,0.0,0.0,0.0
0.21,0.21,0.5,0.21,11.7,31.0,0.0,0.0,0.20142165,12,6,5,0,,,,1.4285333,0.0,0.0,0.0,0.0
0.21,0.21,0.5,0.21,12.2,29.0,0.0,0.0,0.19564575,12,7,5,0,,,,1.5997,0.0,0.0,0.0,0.0
0.21,0.21,0.5,0.21,13.3,28.0,40.0,111.0,0.19396245,12,8,5,0,,,,0.99728334,0.0,0.0,0.0,35.3
0.21,0.21,0.21,0.21,17.2,23.0,208.0,599.0,0.19725816,12,9,5,0,,,,1.1211166,0.0,0.0,0.0,28.104166
0.21,0.5,0.21,0.21,19.4,18.0,368.0,751.0,0.20645785,12,10,5,0,,,,2.23355,0.0,0.0,0.0,260.44168
0.21,0.5,0.21,0.21,20.6,17.0,465.0,769.0,0.21149762,12,11,5,0,,,,1.65505,0.0,0.0,0.0,158.82916
0.21,0.5,0.21,0.21,22.8,16.0,545.0,841.0,0.2083837,12,12,5,0,,,,0.7666,0.0,0.0,0.0,116.65833
0.21,0.5,0.21,0.21,20.0,35.0,510.0,676.0,0.20817558,12,13,5,0,,,,1.5600667,0.0,0.0,0.0,130.82083
0.21,0.5,0.21,0.21,18.9,39.0,399.0,377.0,0.20733182,12,14,5,0,,,,0.77585,0.0,0.0,0.0,167.58333
0.21,0.21,0.21,0.21,18.3,45.0,334.0,581.0,0.2055568,12,15,5,0,,,,0.9306833,0.0,0.0,0.0,35.454166
0.5,0.21,0.21,0.5,16.7,56.0,150.0,230.0,0.21024644,12,16,5,0,,,,2.0080667,0.0,0.0,0.0,0.0
0.5,0.21,0.21,0.5,15.6,56.0,38.0,78.0,0.21311153,12,17,5,0,,,,1.7370334,0.0,0.0,0.0,0.0
0.5,0.21,0.21,0.5,14.4,72.0,0.0,0.0,0.21179566,12,18,5,0,,,,1.1057167,0.0,0.0,0.0,0.0
0.5,0.21,0.21,0.5,13.9,87.0,0.0,0.0,0.20798984,12,19,5,0,,,,1.8714334,0.0,0.0,0.0,0.0
0.5,0.21,0.21,0.5,14.4,87.0,0.0,0.0,0.21105492,12,20,5,0,,,,1.2692167,0.0,0.0,0.0,0.0
0.21,0.21,0.21,0.21,14.4,87.0,0.0,0.0,0.20563696,12,21,5,0,,,,2.2475166,0.0,0.0,0.0,0.0
0.21,0.21,0.21,0.21,13.9,84.0,0.0,0.0,0.194562,12,22,5,0,,,,1.8297334,0.0,0.0,0.0,0.0
0.21,0.21,0.21,0.21,13.9,84.0,0.0,0.0,0.19359937,12,23,5,0,,,,1.7781667,0.0,0.0,0.0,0.0
0.21,0.21,0.21,0.21,11.7,90.0,0.0,0.0,0.19039483,12,24,5,0,,,,2.107375,0.0,0.0,0.0,0.0
0.21,0.21,0.21,0.21,12.8,69.0,0.0,0.0,0.1803423,12,1,6,0,,,,0.9576,0.0,0.0,0.0,0.0
0.21,0.21,0.21,0.21,11.1,69.0,0.0,0.0,0.18644683,12,2,6,0,,,,1.56325,0.0,0.0,0.0,0.0
0.21,0.21,0.21,0.21,10.6,69.0,0.0,0.0,0.18908174,12,3,6,0,,,,0.69883335,0.0,0.0,0.0,0.0
0.21,0.21,0.5,0.21,10.0,71.0,0.0,0.0,0.1871925,12,4,6,0,,,,1.5598333,0.0,0.0,0.0,0.0
0.21,0.21,0.5,0.21,9.4,69.0,0.0,0.0,0.19257496,12,5,6,0,,,,1.52665,0.0,0.0,0.0,0.0
0.21,0.21,0.5,0.21,9.4,54.0,0.0,0.0,0.19492242,12,6,6,0,,,,0.74691665,0.0,0.0,0.0,0.0
0.21,0.21,0.5,0.21,9.4,52.0,0.0,0.0,0.1948607,12,7,6,0,,,,1.5631666,0.0,0.0,0.0,0.0
0.21,0.21,0.5,0.21,11.1,49.0,43.0,12.0,0.19496875,12,8,6,0,,,,0.78746665,0.0,0.0,0.0,9.966666
0.21,0.21,0.21,0.21,11.7,49.0,157.0,131.0,0.19286975,12,9,6,0,,,,1.5096667,0.0,0.0,0.0,51.970833
0.21,0.5,0.21,0.21,13.3,42.0,203.0,111.0,0.18989854,12,10,6,0,,,,1.65225,0.0,0.0,0.0,48.325
0.21,0.5,0.21,0.21,16.7,38.0,396.0,355.0,0.19300848,12,11,6,0,,,,2.5628667,0.0,0.0,0.0,37.641666
0.21,0.5,0.21,0.21,17.8,36.0,205.0,68.0,0.19349973,12,12,6,0,,,,1.6612834,0.0,0.0,0.0,31.991667
0.21,0.5,0.21,0.21,18.3,54.0,366.0,260.0,0.19344091,12,13,6,0,,,,1.4646667,0.0,0.0,0.0,22.875
0.21,0.5,0.21,0.21,16.7,73.0,261.0,91.0,0.19960095,12,14,6,0,,,,2.5764,0.0,0.0,0.0,22.2375
0.21,0.21,0.21,0.21,16.1,75.0,221.0,103.0,0.20568796,12,15,6,0,,,,1.2844167,0.0,0.0,0.0,3.0458333
0.5,0.21,0.21,0.5,16.1,75.0,166.0,331.0,0.20874895,12,16,6,0,,,,1.2709,0.0,0.0,0.0,0.0
0.5,0.21,0.21,0.5,13.9,81.0,42.0,173.0,0.21250026,12,17,6,0,,,,1.3912166,0.0,0.0,0.0,0.0
0.5,0.21,0.21,0.5,13.9,84.0,0.0,0.0,0.21150549,12,18,6,0,,,,5.3222833,0.0,0.0,0.0,0.0
0.5,0.21,0.21,0.5,13.3,83.0,0.0,0.0,0.21085694,12,19,6,0,,,,2.87025,0.0,0.0,0.0,0.0
0.5,0.21,0.21,0.5,13.3,83.0,0.0,0.0,0.20817724,12,20,6,0,,,,2.7129333,0.0,0.0,0.0,0.0
0.21,0.21,0.21,0.21,13.3,83.0,0.0,0.0,0.2026938,12,21,6,0,,,,1.0478166,0.0,0.0,0.0,0.0
0.21,0.21,0.21,0.21,12.8,87.0,0.0,0.0,0.19040687,12,22,6,0,,,,0.8832333,0.0,0.0,0.0,0.0
0.21,0.21,0.21,0.21,11.7,86.0,0.0,0.0,0.19688685,12,23,6,0,,,,0.88775,0.0,0.0,0.0,0.0
0.21,0.21,0.21,0.21,12.2,86.0,0.0,0.0,0.13159701,12,24,6,0,,,,0.9159667,0.0,0.0,0.0,0.0
0.21,0.21,0.21,0.21,12.2,93.0,0.0,0.0,0.12674141,1,1,7,0,,,,0.8795,0.0,0.0,0.0,0.0
0.21,0.21,0.21,0.21,12.2,86.0,0.0,0.0,0.1275139,1,2,7,0,,,,0.88708335,0.0,0.0,0.0,0.0
0.21,0.21,0.21,0.21,11.7,86.0,0.0,0.0,0.13141397,1,3,7,0,,,,0.8232167,0.0,0.0,0.0,0.0
0.21,0.21,0.5,0.21,11.1,90.0,0.0,0.0,0.12703758,1,4,7,0,,,,0.7758833,0.0,0.0,0.0,0.0
0.21,0.21,0.5,0.21,11.1,86.0,0.0,0.0,0.12666915,1,5,7,0,,,,0.84195,0.0,0.0,0.0,0.0
0.21,0.21,0.5,0.21,10.6,93.0,0.0,0.0,0.12964654,1,6,7,0,,,,1.6913333,0.0,0.0,0.0,0.0
0.21,0.21,0.5,0.21,10.0,96.0,0.0,0.0,0.1218009,1,7,7,0,,,,1.5479167,0.0,0.0,0.0,0.0
0.21,0.21,0.5,0.21,10.6,93.0,36.0,56.0,0.11932748,1,8,7,0,,,,0.66971666,0.0,0.0,0.0,55.554165
0.21,0.21,0.21,0.21,12.8,83.0,132.0,84.0,0.13216005,1,9,7,0,,,,0.7367667,0.0,0.0,0.0,215.77083
0.21,0.5,0.21,0.21,13.3,83.0,231.0,254.0,0.13230826,1,10,7,0,,,,0.8560167,0.0,0.0,0.0,338.42917
0.21,0.5,0.21,0.21,13.9,78.0,392.0,405.0,0.12997288,1,11,7,0,,,,0.8760333,0.0,0.0,0.0,406.87082
0.21,0.5,0.21,0.21,14.4,78.0,374.0,338.0,0.13078028,1,12,7,0,,,,0.8459333,0.0,0.0,0.0,485.49582
0.21,0.5,0.21,0.21,15.6,72.0,320.0,197.0,0.12933995,1,13,7,0,,,,0.9123833,0.0,0.0,0.0,108.333336
0.21,0.5,0.21,0.21,15.6,78.0,356.0,341.0,0.13444903,1,14,7,0,,,,2.4673834,0.0,0.0,0.0,16.033333
0.21,0.21,0.21,0.21,16.7,75.0,302.0,508.0,0.13901238,1,15,7,0,,,,3.1094167,0.0,0.0,0.0,1.0583333
0.5,0.21,0.21,0.5,16.7,75.0,106.0,126.0,0.15709366,1,16,7,0,,,,1.6944333,0.0,0.0,0.0,0.0
0.5,0.21,0.21,0.5,15.0,81.0,40.0,46.0,0.16932632,1,17,7,0,,,,1.2810167,0.0,0.0,0.0,0.0
0.5,0.21,0.21,0.5,15.0,78.0,0.0,0.0,0.17182764,1,18,7,0,,,,1.3775667,0.0,0.0,0.0,0.0
0.5,0.21,0.21,0.5,14.4,84.0,0.0,0.0,0.16152854,1,19,7,0,,,,1.90505,0.0,0.0,0.0,0.0
0.5,0.21,0.21,0.5,14.4,84.0,0.0,0.0,0.15524216,1,20,7,0,,,,1.5668334,0.0,0.0,0.0,0.0
0.21,0.21,0.21,0.21,13.9,83.0,0.0,0.0,0.14819945,1,21,7,0,,,,1.2681167,0.0,0.0,0.0,0.0
0.21,0.21,0.21,0.21,12.8,86.0,0.0,0.0,0.14239784,1,22,7,0,,,,1.6051167,0.0,0.0,0.0,0.0
0.21,0.21,0.21,0.21,12.8,86.0,0.0,0.0,0.13142645,1,23,7,0,,,,1.8966666,0.0,0.0,0.0,0.0
0.21,0.21,0.21,0.21,12.8,100.0,0.0,0.0,0.13220437,1,24,7,0,,,,1.85665,0.0,0.0,0.0,0.0
0.21,0.21,0.21,0.21,12.2,90.0,0.0,0.0,0.13187592,1,1,1,0,,,,1.8322834,0.0,0.0,0.0,0.0
0.21,0.21,0.21,0.21,11.7,93.0,0.0,0.0,0.1288137,1,2,1,0,,,,0.75203335,0.0,0.0,0.0,0.0
0.21,0.21,0.21,0.21,11.1,93.0,0.0,0.0,0.13031691,1,3,1,0,,,,0.6871167,0.0,0.0,0.0,0.0
0.21,0.21,0.5,0.21,11.7,96.0,0.0,0.0,0.12933423,1,4,1,0,,,,0.69015,0.0,0.0,0.0,0.0
0.21,0.21,0.5,0.21,11.7,93.0,0.0,0.0,0.13303496,1,5,1,0,,,,0.68335,0.0,0.0,0.0,0.0
0.21,0.21,0.5,0.21,11.7,93.0,0.0,0.0,0.13931951,1,6,1,0,,,,0.67936665,0.0,0.0,0.0,0.0
0.21,0.21,0.5,0.21,11.1,100.0,0.0,0.0,0.13879693,1,7,1,0,,,,1.5175166,0.0,0.0,0.0,0.0
0.21,0.21,0.5,0.21,11.1,96.0,22.0,3.0,0.1407888,1,8,1,0,,,,0.81185,0.0,0.0,0.0,66.47083
0.21,0.21,0.21,0.21,11.7,96.0,115.0,25.0,0.15320869,1,9,1,0,,,,2.0591166,0.0,0.0,0.0,116.77917
0.21,0.5,0.21,0.21,12.2,93.0,136.0,8.0,0.16342157,1,10,1,0,,,,1.1226833,0.0,0.0,0.0,122.0
0.21,0.5,0.21,0.21,12.8,93.0,221.0,9.0,0.1618947,1,11,1,0,,,,4.0748,0.0,0.0,0.0,146.75417
0.21,0.5,0.21,0.21,12.8,100.0,244.0,9.0,0.15868424,1,12,1,0,,,,0.98821664,0.0,0.0,0.0,118.05
0.21,0.5,0.21,0.21,12.8,100.0,228.0,5.0,0.16102608,1,13,1,0,,,,0.99435,0.0,0.0,0.0,93.379166
0.21,0.5,0.21,0.21,12.8,100.0,134.0,7.0,0.15946464,1,14,1,0,,,,1.5546334,0.0,0.0,0.0,123.54583
0.21,0.21,0.21,0.21,12.8,100.0,172.0,1.0,0.16008581,1,15,1,0,,,,0.8318667,0.0,0.0,0.0,92.0
0.5,0.21,0.21,0.5,12.8,100.0,55.0,2.0,0.17188165,1,16,1,0,,,,1.659,0.0,0.0,0.0,29.266666
0.5,0.21,0.21,0.5,12.8,100.0,19.0,0.0,0.1768134,1,17,1,0,,,,0.86135,0.0,0.0,0.0,0.0
0.5,0.21,0.21,0.5,12.8,100.0,0.0,0.0,0.1775246,1,18,1,0,,,,1.6576667,0.0,0.0,0.0,0.0
0.5,0.21,0.21,0.5,12.8,100.0,0.0,0.0,0.17304462,1,19,1,0,,,,0.6562333,0.0,0.0,0.0,0.0
0.5,0.21,0.21,0.5,12.8,100.0,0.0,0.0,0.17095388,1,20,1,0,,,,2.1699,0.0,0.0,0.0,0.0
0.21,0.21,0.21,0.21,12.8,100.0,0.0,0.0,0.1669378,1,21,1,0,,,,4.2060666,0.0,0.0,0.0,0.0
0.21,0.21,0.21,0.21,12.8,100.0,0.0,0.0,0.1462861,1,22,1,0,,,,2.5907667,0.0,0.0,0.0,0.0
0.21,0.21,0.21,0.21,12.8,100.0,0.0,0.0,0.14080821,1,23,1,0,,,,2.6361167,0.0,0.0,0.0,0.0
0.21,0.21,0.21,0.21,11.7,55.0,0.0,0.0,0.13713922,1,24,1,0,,,,1.1118,0.0,0.0,0.0,0.0
0.21,0.21,0.21,0.21,13.9,100.0,0.0,0.0,0.13583963,1,1,2,0,,,,1.0197834,0.0,0.0,0.0,0.0
0.21,0.21,0.21,0.21,13.9,96.0,0.0,0.0,0.13543868,1,2,2,0,,,,0.6606167,0.0,0.0,0.0,0.0
0.21,0.21,0.21,0.21,13.3,90.0,0.0,0.0,0.1342528,1,3,2,0,,,,0.6644667,0.0,0.0,0.0,0.0
0.21,0.21,0.5,0.21,12.8,75.0,0.0,0.0,0.1315035,1,4,2,0,,,,0.6581,0.0,0.0,0.0,0.0
0.21,0.21,0.5,0.21,11.7,64.0,0.0,0.0,0.13935848,1,5,2,0,,,,0.65348333,0.0,0.0,0.0,0.0
0.21,0.21,0.5,0.21,11.7,57.0,0.0,0.0,0.14979486,1,6,2,0,,,,0.65605,0.0,0.0,0.0,0.0
0.21,0.21,0.5,0.21,11.7,51.0,0.0,0.0,0.15758744,1,7,2,0,,,,1.82485,0.0,0.0,0.0,0.0
0.21,0.21,0.5,0.21,11.7,53.0,54.0,352.0,0.15863553,1,8,2,0,,,,1.1033334,0.0,0.0,0.0,83.67917
0.21,0.21,0.21,0.21,12.8,49.0,213.0,680.0,0.16201851,1,9,2,0,,,,0.8935,0.0,0.0,0.0,167.97917
0.21,0.5,0.21,0.21,14.4,44.0,358.0,776.0,0.16435023,1,10,2,0,,,,1.10245,0.0,0.0,0.0,195.1375
0.21,0.5,0.21,0.21,14.4,51.0,498.0,876.0,0.16294065,1,11,2,0,,,,0.5757,0.0,0.0,0.0,192.6875
0.21,0.5,0.21,0.21,15.0,48.0,554.0,882.0,0.16527991,1,12,2,0,,,,1.4894167,0.0,0.0,0.0,211.92917
0.21,0.5,0.21,0.21,15.0,54.0,513.0,816.0,0.17187631,1,13,2,0,,,,0.7972,0.0,0.0,0.0,192.0375
0.21,0.5,0.21,0.21,15.0,58.0,394.0,624.0,0.16907066,1,14,2,0,,,,0.8760833,0.0,0.0,0.0,148.90834
0.21,0.21,0.21,0.21,15.0,60.0,339.0,724.0,0.17090334,1,15,2,0,,,,1.7442167,0.0,0.0,0.0,89.64167
0.5,0.21,0.21,0.5,16.1,58.0,190.0,594.0,0.17746201,1,16,2,0,,,,1.10085,0.0,0.0,0.0,14.208333
0.5,0.21,0.21,0.5,15.6,62.0,47.0,254.0,0.18509126,1,17,2,0,,,,2.84585,0.0,0.0,0.0,0.0
0.5,0.21,0.21,0.5,15.6,60.0,0.0,0.0,0.18308091,1,18,2,0,,,,2.4071667,0.0,0.0,0.0,0.0
0.5,0.21,0.21,0.5,15.0,67.0,0.0,0.0,0.17758286,1,19,2,0,,,,2.9711833,0.0,0.0,0.0,0.0
0.5,0.21,0.21,0.5,13.9,47.0,0.0,0.0,0.17214492,1,20,2,0,,,,3.2403333,0.0,0.0,0.0,0.0
0.21,0.21,0.21,0.21,13.3,49.0,0.0,0.0,0.16177279,1,21,2,0,,,,3.4053833,0.0,0.0,0.0,0.0
0.21,0.21,0.21,0.21,12.8,51.0,0.0,0.0,0.14954093,1,22,2,0,,,,1.9053667,0.0,0.0,0.0,0.0
0.21,0.21,0.21,0.21,12.2,53.0,0.0,0.0,0.14758836,1,23,2,0,,,,1.5268167,0.0,0.0,0.0,0.0
0.21,0.21,0.21,0.21,10.0,80.0,0.0,0.0,0.12683211,1,24,2,0,,,,2.6255834,0.0,0.0,0.0,0.0
0.21,0.21,0.21,0.21,10.6,57.0,0.0,0.0,0.12801647,1,1,3,0,,,,0.8695167,0.0,0.0,0.0,0.0
0.21,0.21,0.21,0.21,9.4,66.0,0.0,0.0,0.11985434,1,2,3,0,,,,0.86225,0.0,0.0,0.0,0.0
0.21,0.21,0.21,0.21,7.2,80.0,0.0,0.0,0.12325758,1,3,3,0,,,,0.8254667,0.0,0.0,0.0,0.0
0.21,0.21,0.5,0.21,7.2,80.0,0.0,0.0,0.12185629,1,4,3,0,,,,0.81373334,0.0,0.0,0.0,0.0
0.21,0.21,0.5,0.21,7.8,74.0,0.0,0.0,0.12780121,1,5,3,0,,,,0.80795,0.0,0.0,0.0,0.0
0.21,0.21,0.5,0.21,7.2,71.0,0.0,0.0,0.140366,1,6,3,0,,,,0.90253335,0.0,0.0,0.0,0.0
0.21,0.21,0.5,0.21,7.8,68.0,0.0,0.0,0.14803971,1,7,3,0,,,,1.78095,0.0,0.0,0.0,0.0
0.21,0.21,0.5,0.21,8.9,68.0,46.0,167.0,0.14925279,1,8,3,0,,,,0.68843335,0.0,0.0,0.0,60.854168
0.21,0.21,0.21,0.21,10.6,66.0,186.0,472.0,0.15001193,1,9,3,0,,,,0.5521,0.0,0.0,0.0,164.45
0.21,0.5,0.21,0.21,12.8,64.0,366.0,674.0,0.1478135,1,10,3,0,,,,0.55425,0.0,0.0,0.0,299.9375
0.21,0.5,0.21,0.21,13.9,69.0,434.0,560.0,0.1487132,1,11,3,0,,,,0.5595667,0.0,0.0,0.0,308.1375
0.21,0.5,0.21,0.21,15.0,62.0,503.0,625.0,0.14442511,1,12,3,0,,,,0.667,0.0,0.0,0.0,303.8625
0.21,0.5,0.21,0.21,15.6,56.0,462.0,397.0,0.14794955,1,13,3,0,,,,0.7307,0.0,0.0,0.0,73.425
0.21,0.5,0.21,0.21,15.6,60.0,359.0,425.0,0.14422722,1,14,3,0,,,,0.65321666,0.0,0.0,0.0,38.733334
0.21,0.21,0.21,0.21,15.0,65.0,334.0,617.0,0.14274171,1,15,3,0,,,,0.79968333,0.0,0.0,0.0,18.370832
0.5,0.21,0.21,0.5,15.0,60.0,169.0,422.0,0.15749341,1,16,3,0,,,,1.7404333,0.0,0.0,0.0,0.0
0.5,0.21,0.21,0.5,13.9,67.0,38.0,123.0,0.16913746,1,17,3,0,,,,3.983,0.0,0.0,0.0,0.0
0.5,0.21,0.21,0.5,12.8,69.0,0.0,0.0,0.17144404,1,18,3,0,,,,2.4277167,0.0,0.0,0.0,0.0
0.5,0.21,0.21,0.5,11.7,74.0,0.0,0.0,0.16920799,1,19,3,0,,,,2.4835835,0.0,0.0,0.0,0.0
0.5,0.21,0.21,0.5,12.2,64.0,0.0,0.0,0.16186526,1,20,3,0,,,,2.412,0.0,0.0,0.0,0.0
0.21,0.21,0.21,0.21,12.2,64.0,0.0,0.0,0.15427735,1,21,3,0,,,,1.3918,0.0,0.0,0.0,0.0
0.21,0.21,0.21,0.21,11.7,74.0,0.0,0.0,0.1393823,1,22,3,0,,,,2.5918667,0.0,0.0,0.0,0.0
0.21,0.21,0.21,0.21,10.6,77.0,0.0,0.0,0.13332617,1,23,3,0,,,,1.90085,0.0,0.0,0.0,0.0
0.21,0.21,0.21,0.21,8.3,93.0,0.0,0.0,0.1344691,1,24,3,0,,,,1.3654333,0.0,0.0,0.0,0.0
0.21,0.21,0.21,0.21,10.0,80.0,0.0,0.0,0.12606354,1,1,4,0,,,,3.0133834,0.0,0.0,0.0,0.0
0.21,0.21,0.21,0.21,8.9,83.0,0.0,0.0,0.1242091,1,2,4,0,,,,1.1331667,0.0,0.0,0.0,0.0
0.21,0.21,0.21,0.21,8.3,86.0,0.0,0.0,0.12295853,1,3,4,0,,,,0.72613335,0.0,0.0,0.0,0.0
0.21,0.21,0.5,0.21,8.3,86.0,0.0,0.0,0.13321482,1,4,4,0,,,,0.55305,0.0,0.0,0.0,0.0
0.21,0.21,0.5,0.21,7.8,83.0,0.0,0.0,0.14438713,1,5,4,0,,,,0.55146664,0.0,0.0,0.0,0.0
0.21,0.21,0.5,0.21,7.8,86.0,0.0,0.0,0.1585524,1,6,4,0,,,,0.5646167,0.0,0.0,0.0,0.0
0.21,0.21,0.5,0.21,9.4,80.0,0.0,0.0,0.16801332,1,7,4,0,,,,0.64491665,0.0,0.0,0.0,0.0
0.21,0.21,0.5,0.21,8.3,89.0,37.0,49.0,0.17245486,1,8,4,0,,,,0.8949,0.0,0.0,0.0,18.825
0.21,0.21,0.21,0.21,9.4,86.0,82.0,29.0,0.17334852,1,9,4,0,,,,1.6243875,0.0,0.0,0.0,56.834373
0.21,0.5,0.21,0.21,10.0,86.0,73.0,4.0,0.17067246,1,10,4,0,,,,1.7530833,0.0,0.0,0.0,101.11667
0.21,0.5,0.21,0.21,11.7,80.0,396.0,385.0,0.17067476,1,11,4,0,,,,1.1000167,0.0,0.0,0.0,100.69583
0.21,0.5,0.21,0.21,13.3,75.0,430.0,294.0,0.17002423,1,12,4,0,,,,0.74261665,0.0,0.0,0.0,84.59167
0.21,0.5,0.21,0.21,13.3,69.0,258.0,0.0,0.17154099,1,13,4,0,,,,0.7751833,0.0,0.0,0.0,89.64167
0.21,0.5,0.21,0.21,13.3,64.0,263.0,50.0,0.17562437,1,14,4,0,,,,0.8236333,0.0,0.0,0.0,23.183332
0.21,0.21,0.21,0.21,13.3,72.0,110.0,34.0,0.17952634,1,15,4,0,,,,0.66215,0.0,0.0,0.0,4.608333
0.5,0.21,0.21,0.5,11.1,86.0,50.0,8.0,0.19242916,1,16,4,0,,,,0.6509,0.0,0.0,0.0,0.0
0.5,0.21,0.21,0.5,10.6,90.0,14.0,2.0,0.20451567,1,17,4,0,,,,3.79135,0.0,0.0,0.0,0.0
0.5,0.21,0.21,0.5,10.6,90.0,0.0,0.0,0.19438007,1,18,4,0,,,,2.5937,0.0,0.0,0.0,0.0
0.5,0.21,0.21,0.5,10.6,93.0,0.0,0.0,0.19566482,1,19,4,0,,,,1.6860167,0.0,0.0,0.0,0.0
0.5,0.21,0.21,0.5,10.0,96.0,0.0,0.0,0.1944953,1,20,4,0,,,,1.82065,0.0,0.0,0.0,0.0
0.21,0.21,0.21,0.21,9.4,96.0,0.0,0.0,0.19285388,1,21,4,0,,,,1.9579667,0.0,0.0,0.0,0.0
0.21,0.21,0.21,0.21,8.3,96.0,0.0,0.0,0.18002589,1,22,4,0,,,,0.9963167,0.0,0.0,0.0,0.0
0.21,0.21,0.21,0.21,8.3,96.0,0.0,0.0,0.17186072,1,23,4,0,,,,2.6102834,0.0,0.0,0.0,0.0
0.21,0.21,0.21,0.21,11.1,90.0,0.0,0.0,0.16683432,1,24,4,0,,,,1.0515833,0.0,0.0,0.0,0.0
0.21,0.21,0.21,0.21,8.3,96.0,0.0,0.0,0.16075365,1,1,5,0,,,,0.9928,0.0,0.0,0.0,0.0
0.21,0.21,0.21,0.21,8.3,100.0,0.0,0.0,0.16176032,1,2,5,0,,,,0.5563,0.0,0.0,0.0,0.0
0.21,0.21,0.21,0.21,8.3,96.0,0.0,0.0,0.16091166,1,3,5,0,,,,0.39371666,0.0,0.0,0.0,0.0
0.21,0.21,0.5,0.21,8.3,96.0,0.0,0.0,0.16129404,1,4,5,0,,,,0.3909,0.0,0.0,0.0,0.0
0.21,0.21,0.5,0.21,8.3,96.0,0.0,0.0,0.171654,1,5,5,0,,,,0.38846666,0.0,0.0,0.0,0.0
0.21,0.21,0.5,0.21,8.3,96.0,0.0,0.0,0.17997442,1,6,5,0,,,,0.38856667,0.0,0.0,0.0,0.0
0.21,0.21,0.5,0.21,8.3,93.0,0.0,0.0,0.18874422,1,7,5,0,,,,0.33945,0.0,0.0,0.0,0.0
0.21,0.21,0.5,0.21,8.3,93.0,13.0,2.0,0.18942465,1,8,5,0,,,,0.30776668,0.0,0.0,0.0,50.7
0.21,0.21,0.21,0.21,8.3,96.0,58.0,7.0,0.19411257,1,9,5,0,,,,0.40785,0.0,0.0,0.0,163.0625
0.21,0.5,0.21,0.21,8.3,100.0,92.0,7.0,0.18635884,1,10,5,0,,,,0.68825,0.0,0.0,0.0,290.52084
0.21,0.5,0.21,0.21,8.9,100.0,171.0,75.0,0.18600869,1,11,5,0,,,,0.6083222,0.0,0.0,0.0,177.06805
0.21,0.5,0.21,0.21,10.6,96.0,329.0,71.0,0.18077257,1,12,5,0,,,,0.3141,0.0,0.0,0.0,413.33334
0.21,0.5,0.21,0.21,10.6,96.0,102.0,6.0,0.18031356,1,13,5,0,,,,0.35386667,0.0,0.0,0.0,477.7875
0.21,0.5,0.21,0.21,10.6,96.0,260.0,1.0,0.17529267,1,14,5,0,,,,0.47485,0.0,0.0,0.0,432.85
0.21,0.21,0.21,0.21,11.1,96.0,110.0,5.0,0.17904928,1,15,5,0,,,,0.35475,0.0,0.0,0.0,322.35834
0.5,0.21,0.21,0.5,11.1,90.0,51.0,1.0,0.19228908,1,16,5,0,,,,0.71073335,0.0,0.0,0.0,101.7125
0.5,0.21,0.21,0.5,11.1,93.0,14.0,1.0,0.19924252,1,17,5,0,,,,3.8215334,0.0,0.0,0.0,0.0
0.5,0.21,0.21,0.5,11.1,93.0,0.0,0.0,0.2000289,1,18,5,0,,,,2.8610168,0.0,0.0,0.0,0.0
0.5,0.21,0.21,0.5,10.6,96.0,0.0,0.0,0.1961769,1,19,5,0,,,,2.29845,0.0,0.0,0.0,0.0
0.5,0.21,0.21,0.5,10.6,96.0,0.0,0.0,0.1925581,1,20,5,0,,,,1.6177666,0.0,0.0,0.0,0.0
0.21,0.21,0.21,0.21,11.1,93.0,0.0,0.0,0.18716358,1,21,5,0,,,,0.83168334,0.0,0.0,0.0,0.0
0.21,0.21,0.21,0.21,11.1,93.0,0.0,0.0,0.17629924,1,22,5,0,,,,1.3203666,0.0,0.0,0.0,0.0
0.21,0.21,0.21,0.21,11.1,93.0,0.0,0.0,0.17005357,1,23,5,0,,,,0.90168333,0.0,0.0,0.0,0.0
0.21,0.21,0.21,0.21,11.1,61.0,0.0,0.0,0.17369725,1,24,5,0,,,,0.39231667,0.0,0.0,0.0,0.0
0.21,0.21,0.21,0.21,10.6,96.0,0.0,0.0,0.16811664,1,1,6,0,,,,0.38335,0.0,0.0,0.0,0.0
0.21,0.21,0.21,0.21,10.6,96.0,0.0,0.0,0.16517422,1,2,6,0,,,,0.38406667,0.0,0.0,0.0,0.0
0.21,0.21,0.21,0.21,10.6,100.0,0.0,0.0,0.16382709,1,3,6,0,,,,0.38455,0.0,0.0,0.0,0.0
0.21,0.21,0.5,0.21,10.6,100.0,0.0,0.0,0.15904123,1,4,6,0,,,,0.38348332,0.0,0.0,0.0,0.0
0.21,0.21,0.5,0.21,10.6,100.0,0.0,0.0,0.16107701,1,5,6,0,,,,0.3819,0.0,0.0,0.0,0.0
0.21,0.21,0.5,0.21,10.6,100.0,0.0,0.0,0.17373715,1,6,6,0,,,,0.38145,0.0,0.0,0.0,0.0
0.21,0.21,0.5,0.21,11.1,96.0,0.0,0.0,0.1804494,1,7,6,0,,,,0.35698333,0.0,0.0,0.0,0.0
0.21,0.21,0.5,0.21,11.1,96.0,32.0,1.0,0.18581687,1,8,6,0,,,,1.2497166,0.0,0.0,0.0,47.891666
0.21,0.21,0.21,0.21,11.1,100.0,118.0,0.0,0.19222286,1,9,6,0,,,,0.38111666,0.0,0.0,0.0,112.175
0.21,0.5,0.21,0.21,11.1,100.0,175.0,1.0,0.18305461,1,10,6,0,,,,1.1825917,0.0,0.0,0.0,162.02708
0.21,0.5,0.21,0.21,11.7,93.0,233.0,1.0,0.18453306,1,11,6,0,,,,0.8197167,0.0,0.0,0.0,263.9
0.21,0.5,0.21,0.21,11.1,96.0,169.0,0.0,0.18717115,1,12,6,0,,,,0.92183334,0.0,0.0,0.0,327.57916
0.21,0.5,0.21,0.21,11.1,90.0,170.0,1.0,0.18626782,1,13,6,0,,,,1.33185,0.0,0.0,0.0,328.8
0.21,0.5,0.21,0.21,10.0,96.0,224.0,1.0,0.18835466,1,14,6,0,,,,1.12705,0.0,0.0,0.0,294.14584
0.21,0.21,0.21,0.21,10.0,93.0,190.0,1.0,0.18104084,1,15,6,0,,,,0.94585,0.0,0.0,0.0,160.37083
0.5,0.21,0.21,0.5,11.1,83.0,101.0,0.0,0.1825351,1,16,6,0,,,,1.01275,0.0,0.0,0.0,21.5125
0.5,0.21,0.21,0.5,11.1,83.0,17.0,0.0,0.18756688,1,17,6,0,,,,0.9957,0.0,0.0,0.0,0.0
0.5,0.21,0.21,0.5,10.6,83.0,0.0,0.0,0.19104666,1,18,6,0,,,,0.7585667,0.0,0.0,0.0,0.0
0.5,0.21,0.21,0.5,10.6,83.0,0.0,0.0,0.18659475,1,19,6,0,,,,2.9981334,0.0,0.0,0.0,0.0
0.5,0.21,0.21,0.5,10.6,80.0,0.0,0.0,0.18359998,1,20,6,0,,,,1.4841334,0.0,0.0,0.0,0.0
0.21,0.21,0.21,0.21,10.6,77.0,0.0,0.0,0.1732801,1,21,6,0,,,,1.6762667,0.0,0.0,0.0,0.0
0.21,0.21,0.21,0.21,10.6,69.0,0.0,0.0,0.16849642,1,22,6,0,,,,2.0034332,0.0,0.0,0.0,0.0
0.21,0.21,0.21,0.21,11.1,61.0,0.0,0.0,0.17829983,1,23,6,0,,,,1.0529,0.0,0.0,0.0,0.0
0.21,0.21,0.21,0.21,9.4,66.0,0.0,0.0,0.16283375,1,24,6,0,,,,1.782,0.0,0.0,0.0,0.0
0.21,0.21,0.21,0.21,10.6,66.0,0.0,0.0,0.1577536,1,1,7,0,,,,1.9891334,0.0,0.0,0.0,0.0
0.21,0.21,0.21,0.21,9.4,80.0,0.0,0.0,0.1566817,1,2,7,0,,,,0.7909,0.0,0.0,0.0,0.0
0.21,0.21,0.21,0.21,7.2,93.0,0.0,0.0,0.15620309,1,3,7,0,,,,0.40835,0.0,0.0,0.0,0.0
0.21,0.21,0.5,0.21,6.7,93.0,0.0,0.0,0.15436155,1,4,7,0,,,,0.40331668,0.0,0.0,0.0,0.0
0.21,0.21,0.5,0.21,6.7,96.0,0.0,0.0,0.15625569,1,5,7,0,,,,0.39345,0.0,0.0,0.0,0.0
0.21,0.21,0.5,0.21,5.6,93.0,0.0,0.0,0.15931271,1,6,7,0,,,,0.39576668,0.0,0.0,0.0,0.0
0.21,0.21,0.5,0.21,5.6,100.0,0.0,0.0,0.15878499,1,7,7,0,,,,0.30751666,0.0,0.0,0.0,0.0
0.21,0.21,0.5,0.21,6.7,100.0,40.0,63.0,0.1626413,1,8,7,0,,,,0.39885,0.0,0.0,0.0,69.7875
0.21,0.21,0.21,0.21,9.4,93.0,171.0,348.0,0.17250735,1,9,7,0,,,,0.39166668,0.0,0.0,0.0,159.22917
0.21,0.5,0.21,0.21,11.7,83.0,331.0,540.0,0.17718863,1,10,7,0,,,,0.50878334,0.0,0.0,0.0,291.375
0.21,0.5,0.21,0.21,14.4,51.0,458.0,641.0,0.17249475,1,11,7,0,,,,1.0268834,0.0,0.0,0.0,400.01666
0.21,0.5,0.21,0.21,15.0,58.0,519.0,670.0,0.17460117,1,12,7,0,,,,1.0182166,0.0,0.0,0.0,456.22083
0.21,0.5,0.21,0.21,15.0,54.0,520.0,674.0,0.17861257,1,13,7,0,,,,1.0348,0.0,0.0,0.0,466.46667
0.21,0.5,0.21,0.21,15.0,60.0,453.0,632.0,0.17323287,1,14,7,0,,,,0.65245,0.0,0.0,0.0,417.10416
0.21,0.21,0.21,0.21,15.6,58.0,332.0,545.0,0.17533499,1,15,7,0,,,,0.94121665,0.0,0.0,0.0,241.31667
0.5,0.21,0.21,0.5,15.6,58.0,173.0,364.0,0.18066989,1,16,7,0,,,,0.692,0.0,0.0,0.0,34.079166
0.5,0.21,0.21,0.5,15.0,56.0,40.0,64.0,0.18733434,1,17,7,0,,,,0.6450833,0.0,0.0,0.0,0.0
0.5,0.21,0.21,0.5,13.3,67.0,0.0,0.0,0.18869135,1,18,7,0,,,,0.7726667,0.0,0.0,0.0,0.0
0.5,0.21,0.21,0.5,13.3,40.0,0.0,0.0,0.18736656,1,19,7,0,,,,0.74436665,0.0,0.0,0.0,0.0
0.5,0.21,0.21,0.5,12.8,40.0,0.0,0.0,0.19048822,1,20,7,0,,,,0.87145,0.0,0.0,0.0,0.0
0.21,0.21,0.21,0.21,11.7,41.0,0.0,0.0,0.1900078,1,21,7,0,,,,1.1015667,0.0,0.0,0.0,0.0
0.21,0.21,0.21,0.21,9.4,56.0,0.0,0.0,0.17744699,1,22,7,0,,,,1.0911334,0.0,0.0,0.0,0.0
0.21,0.21,0.21,0.21,9.4,59.0,0.0,0.0,0.18700115,1,23,7,0,,,,0.83213335,0.0,0.0,0.0,0.0
0.21,0.21,0.21,0.21,10.0,57.0,0.0,0.0,0.18163024,1,24,7,0,,,,0.78148335,0.0,0.0,0.0,0.0
0.21,0.21,0.21,0.21,8.3,68.0,0.0,0.0,0.17876445,1,1,1,0,,,,0.8132167,0.0,0.0,0.0,0.0
0.21,0.21,0.21,0.21,7.8,68.0,0.0,0.0,0.17767107,1,2,1,0,,,,0.49621665,0.0,0.0,0.0,0.0
0.21,0.21,0.21,0.21,7.8,68.0,0.0,0.0,0.17957602,1,3,1,0,,,,0.38816667,0.0,0.0,0.0,0.0
0.21,0.21,0.5,0.21,7.8,68.0,0.0,0.0,0.18076803,1,4,1,0,,,,0.38683334,0.0,0.0,0.0,0.0
0.21,0.21,0.5,0.21,6.1,76.0,0.0,0.0,0.18713403,1,5,1,0,,,,0.38646665,0.0,0.0,0.0,0.0
0.21,0.21,0.5,0.21,7.2,68.0,0.0,0.0,0.1995163,1,6,1,0,,,,0.98003334,0.0,0.0,0.0,0.0
0.21,0.21,0.5,0.21,7.2,68.0,0.0,0.0,0.18848267,1,7,1,0,,,,0.77265,0.0,0.0,0.0,0.0
0.21,0.21,0.5,0.21,7.8,68.0,53.0,275.0,0.18639286,1,8,1,0,,,,0.33068332,0.0,0.0,0.0,19.1875
0.21,0.21,0.21,0.21,10.6,57.0,214.0,641.0,0.19485842,1,9,1,0,,,,0.29691666,0.0,0.0,0.0,39.9875
0.21,0.5,0.21,0.21,12.8,55.0,378.0,784.0,0.1993879,1,10,1,0,,,,0.29696667,0.0,0.0,0.0,53.441666
0.21,0.5,0.21,0.21,14.4,55.0,500.0,849.0,0.19981605,1,11,1,0,,,,0.29721665,0.0,0.0,0.0,103.32917
0.21,0.5,0.21,0.21,15.6,58.0,561.0,871.0,0.19441848,1,12,1,0,,,,0.29598334,0.0,0.0,0.0,44.95
0.21,0.5,0.21,0.21,16.7,56.0,561.0,871.0,0.1918477,1,13,1,0,,,,0.28955,0.0,0.0,0.0,22.641666
0.21,0.5,0.21,0.21,16.7,56.0,435.0,699.0,0.18722965,1,14,1,0,,,,0.28758332,0.0,0.0,0.0,27.825
0.21,0.21,0.21,0.21,16.7,63.0,331.0,493.0,0.1876218,1,15,1,0,,,,0.28726667,0.0,0.0,0.0,25.154167
0.5,0.21,0.21,0.5,16.1,65.0,193.0,394.0,0.19216628,1,16,1,0,,,,0.7248833,0.0,0.0,0.0,11.1
0.5,0.21,0.21,0.5,14.4,70.0,41.0,22.0,0.19250205,1,17,1,0,,,,4.10545,0.0,0.0,0.0,0.0
0.5,0.21,0.21,0.5,13.3,72.0,0.0,0.0,0.19243596,1,18,1,0,,,,2.627,0.0,0.0,0.0,0.0
0.5,0.21,0.21,0.5,12.8,77.0,0.0,0.0,0.19153541,1,19,1,0,,,,2.4692,0.0,0.0,0.0,0.0
0.5,0.21,0.21,0.5,12.2,51.0,0.0,0.0,0.18767598,1,20,1,0,,,,2.6105666,0.0,0.0,0.0,0.0
0.21,0.21,0.21,0.21,12.2,49.0,0.0,0.0,0.18266061,1,21,1,0,,,,1.7365667,0.0,0.0,0.0,0.0
0.21,0.21,0.21,0.21,12.2,47.0,0.0,0.0,0.17223679,1,22,1,0,,,,1.9907,0.0,0.0,0.0,0.0
0.21,0.21,0.21,0.21,10.6,54.0,0.0,0.0,0.16912445,1,23,1,0,,,,1.8399333,0.0,0.0,0.0,0.0
0.21,0.21,0.21,0.21,9.4,69.0,0.0,0.0,0.17549354,1,24,1,0,,,,0.7898667,0.0,0.0,0.0,0.0
0.21,0.21,0.21,0.21,8.3,63.0,0.0,0.0,0.17645842,1,1,2,0,,,,0.76173335,0.0,0.0,0.0,0.0
0.21,0.21,0.21,0.21,8.3,66.0,0.0,0.0,0.16403486,1,2,2,0,,,,0.39191666,0.0,0.0,0.0,0.0
0.21,0.21,0.21,0.21,7.8,68.0,0.0,0.0,0.16384467,1,3,2,0,,,,0.38711667,0.0,0.0,0.0,0.0
0.21,0.21,0.5,0.21,7.2,68.0,0.0,0.0,0.16787636,1,4,2,0,,,,0.38513333,0.0,0.0,0.0,0.0
0.21,0.21,0.5,0.21,6.1,71.0,0.0,0.0,0.1830103,1,5,2,0,,,,1.3730667,0.0,0.0,0.0,0.0
0.21,0.21,0.5,0.21,6.1,68.0,0.0,0.0,0.19303359,1,6,2,0,,,,1.7247334,0.0,0.0,0.0,0.0
0.21,0.21,0.5,0.21,6.1,63.0,0.0,0.0,0.18337247,1,7,2,0,,,,0.7837167,0.0,0.0,0.0,0.0
0.21,0.21,0.5,0.21,8.3,61.0,44.0,120.0,0.17762351,1,8,2,0,,,,1.3299834,0.0,0.0,0.0,23.058332
0.21,0.21,0.21,0.21,10.6,54.0,195.0,392.0,0.17790535,1,9,2,0,,,,0.29281667,0.0,0.0,0.0,21.370832
0.21,0.5,0.21,0.21,13.3,47.0,353.0,566.0,0.19114034,1,10,2,0,,,,0.29335,0.0,0.0,0.0,22.858334
0.21,0.5,0.21,0.21,15.0,56.0,367.0,352.0,0.19156931,1,11,2,0,,,,0.27473333,0.0,0.0,0.0,3.1125
0.21,0.5,0.21,0.21,15.0,70.0,463.0,491.0,0.18841104,1,12,2,0,,,,0.27668333,0.0,0.0,0.0,8.841666
0.21,0.5,0.21,0.21,15.0,70.0,472.0,477.0,0.18902954,1,13,2,0,,,,0.65748334,0.0,0.0,0.0,24.808332
0.21,0.5,0.21,0.21,15.6,65.0,419.0,442.0,0.1912394,1,14,2,0,,,,0.61805,0.0,0.0,0.0,29.5
0.21,0.21,0.21,0.21,15.6,62.0,346.0,623.0,0.19267495,1,15,2,0,,,,0.9661,0.0,0.0,0.0,3.7458334
0.5,0.21,0.21,0.5,15.0,65.0,193.0,440.0,0.19590127,1,16,2,0,,,,2.5074167,0.0,0.0,0.0,3.4583333
0.5,0.21,0.21,0.5,13.9,67.0,46.0,131.0,0.20563921,1,17,2,0,,,,3.86385,0.0,0.0,0.0,0.0
0.5,0.21,0.21,0.5,12.2,75.0,0.0,0.0,0.20226416,1,18,2,0,,,,2.3094833,0.0,0.0,0.0,0.0
0.5,0.21,0.21,0.5,12.2,75.0,0.0,0.0,0.19882873,1,19,2,0,,,,1.6261166,0.0,0.0,0.0,0.0
0.5,0.21,0.21,0.5,11.7,83.0,0.0,0.0,0.19072002,1,20,2,0,,,,1.2591667,0.0,0.0,0.0,0.0
0.21,0.21,0.21,0.21,11.7,80.0,0.0,0.0,0.17824812,1,21,2,0,,,,1.1015167,0.0,0.0,0.0,0.0
0.21,0.21,0.21,0.21,11.1,83.0,0.0,0.0,0.1537235,1,22,2,0,,,,1.0444,0.0,0.0,0.0,0.0
0.21,0.21,0.21,0.21,10.0,69.0,0.0,0.0,0.15150091,1,23,2,0,,,,0.9004167,0.0,0.0,0.0,0.0
0.21,0.21,0.21,0.21,11.7,49.0,0.0,0.0,0.14568792,1,24,2,0,,,,0.88625,0.0,0.0,0.0,0.0
0.21,0.21,0.21,0.21,8.3,77.0,0.0,0.0,0.13635263,1,1,3,0,,,,0.9475667,0.0,0.0,0.0,0.0
0.21,0.21,0.21,0.21,7.2,83.0,0.0,0.0,0.13497783,1,2,3,0,,,,0.9923667,0.0,0.0,0.0,0.0
0.21,0.21,0.21,0.21,6.1,89.0,0.0,0.0,0.1371044,1,3,3,0,,,,0.96715,0.0,0.0,0.0,0.0
0.21,0.21,0.5,0.21,6.1,86.0,0.0,0.0,0.13827781,1,4,3,0,,,,0.96715,0.0,0.0,0.0,0.0
0.21,0.21,0.5,0.21,7.2,77.0,0.0,0.0,0.14061925,1,5,3,0,,,,0.973675,0.0,0.0,0.0,0.0
0.21,0.21,0.5,0.21,6.1,83.0,0.0,0.0,0.1569473,1,6,3,0,,,,1.6202,0.0,0.0,0.0,0.0
0.21,0.21,0.5,0.21,6.1,73.0,0.0,0.0,0.16288926,1,7,3,0,,,,0.9921333,0.0,0.0,0.0,0.0
0.21,0.21,0.5,0.21,7.2,77.0,42.0,89.0,0.15982254,1,8,3,0,,,,0.9389667,0.0,0.0,0.0,36.083332
0.21,0.21,0.21,0.21,11.7,57.0,196.0,508.0,0.1570967,1,9,3,0,,,,0.7379,0.0,0.0,0.0,76.96667
0.21,0.5,0.21,0.21,14.4,48.0,347.0,657.0,0.15935168,1,10,3,0,,,,0.779,0.0,0.0,0.0,96.51667
0.21,0.5,0.21,0.21,17.2,37.0,468.0,681.0,0.15790233,1,11,3,0,,,,0.73675,0.0,0.0,0.0,121.125
0.21,0.5,0.21,0.21,18.3,36.0,525.0,697.0,0.15590246,1,12,3,0,,,,0.9256333,0.0,0.0,0.0,309.54584
0.21,0.5,0.21,0.21,20.6,32.0,537.0,688.0,0.15596245,1,13,3,0,,,,0.29686666,0.0,0.0,0.0,428.89584
0.21,0.5,0.21,0.21,20.0,35.0,342.0,352.0,0.15528245,1,14,3,0,,,,0.47933334,0.0,0.0,0.0,424.61667
0.21,0.21,0.21,0.21,17.2,60.0,315.0,374.0,0.15648067,1,15,3,0,,,,0.6587,0.0,0.0,0.0,212.17084
0.5,0.21,0.21,0.5,16.7,67.0,186.0,300.0,0.16427857,1,16,3,0,,,,1.09885,0.0,0.0,0.0,75.11667
0.5,0.21,0.21,0.5,15.6,72.0,48.0,39.0,0.17525671,1,17,3,0,,,,1.6676,0.0,0.0,0.0,0.0
0.5,0.21,0.21,0.5,15.0,70.0,0.0,0.0,0.17540121,1,18,3,0,,,,2.9434,0.0,0.0,0.0,0.0
0.5,0.21,0.21,0.5,15.0,39.0,0.0,0.0,0.16797373,1,19,3,0,,,,2.36945,0.0,0.0,0.0,0.0
0.5,0.21,0.21,0.5,15.0,38.0,0.0,0.0,0.16187522,1,20,3,0,,,,2.0226333,0.0,0.0,0.0,0.0
0.21,0.21,0.21,0.21,14.4,41.0,0.0,0.0,0.14798953,1,21,3,0,,,,2.5322165,0.0,0.0,0.0,0.0
0.21,0.21,0.21,0.21,13.3,45.0,0.0,0.0,0.13372031,1,22,3,0,,,,1.50945,0.0,0.0,0.0,0.0
0.21,0.21,0.21,0.21,13.3,45.0,0.0,0.0,0.13403319,1,23,3,0,,,,2.15785,0.0,0.0,0.0,0.0
0.21,0.21,0.21,0.21,12.2,90.0,0.0,0.0,0.12250262,1,24,3,0,,,,0.887875,0.0,0.0,0.0,0.0
0.21,0.21,0.21,0.21,11.1,53.0,0.0,0.0,0.121032305,1,1,4,0,,,,0.8160833,0.0,0.0,0.0,0.0
0.21,0.21,0.21,0.21,8.9,63.0,0.0,0.0,0.113936886,1,2,4,0,,,,0.49021667,0.0,0.0,0.0,0.0
0.21,0.21,0.21,0.21,9.4,61.0,0.0,0.0,0.11315935,1,3,4,0,,,,0.48808333,0.0,0.0,0.0,0.0
0.21,0.21,0.5,0.21,9.4,61.0,0.0,0.0,0.11173538,1,4,4,0,,,,0.48605,0.0,0.0,0.0,0.0
0.21,0.21,0.5,0.21,7.8,71.0,0.0,0.0,0.11531475,1,5,4,0,,,,0.4845,0.0,0.0,0.0,0.0
0.21,0.21,0.5,0.21,8.3,66.0,0.0,0.0,0.12920313,1,6,4,0,,,,0.65898335,0.0,0.0,0.0,0.0
0.21,0.21,0.5,0.21,8.9,66.0,0.0,0.0,0.13307787,1,7,4,0,,,,0.8890167,0.0,0.0,0.0,0.0
0.21,0.21,0.5,0.21,8.9,68.0,46.0,215.0,0.13354206,1,8,4,0,,,,0.60826665,0.0,0.0,0.0,7.2
0.21,0.21,0.21,0.21,11.7,57.0,150.0,153.0,0.13313751,1,9,4,0,,,,0.40946665,0.0,0.0,0.0,15.570833
0.21,0.5,0.21,0.21,12.8,64.0,231.0,67.0,0.13484694,1,10,4,0,,,,0.67795,0.0,0.0,0.0,25.908333
0.21,0.5,0.21,0.21,15.6,75.0,295.0,209.0,0.14148444,1,11,4,0,,,,0.8612,0.0,0.0,0.0,28.766666
0.21,0.5,0.21,0.21,16.1,75.0,543.0,739.0,0.14161593,1,12,4,0,,,,1.16215,0.0,0.0,0.0,42.904167
0.21,0.5,0.21,0.21,17.2,65.0,525.0,591.0,0.14797679,1,13,4,0,,,,1.1573334,0.0,0.0,0.0,37.145832
0.21,0.5,0.21,0.21,17.8,65.0,474.0,640.0,0.15104711,1,14,4,0,,,,0.3828,0.0,0.0,0.0,3.7875
0.21,0.21,0.21,0.21,16.7,67.0,346.0,583.0,0.15806781,1,15,4,0,,,,1.1239834,0.0,0.0,0.0,2.8208334
0.5,0.21,0.21,0.5,16.1,70.0,212.0,523.0,0.15463835,1,16,4,0,,,,1.1325166,0.0,0.0,0.0,0.21666667
0.5,0.21,0.21,0.5,15.6,78.0,51.0,201.0,0.16744974,1,17,4,0,,,,1.5847833,0.0,0.0,0.0,0.0
0.5,0.21,0.21,0.5,14.4,81.0,0.0,0.0,0.16334033,1,18,4,0,,,,5.002383,0.0,0.0,0.0,0.0
0.5,0.21,0.21,0.5,14.4,84.0,0.0,0.0,0.15532124,1,19,4,0,,,,4.1457834,0.0,0.0,0.0,0.0
0.5,0.21,0.21,0.5,13.9,83.0,0.0,0.0,0.14548133,1,20,4,0,,,,3.27895,0.0,0.0,0.0,0.0
0.21,0.21,0.21,0.21,13.3,87.0,0.0,0.0,0.13070835,1,21,4,0,,,,3.0430834,0.0,0.0,0.0,0.0
0.21,0.21,0.21,0.21,12.2,90.0,0.0,0.0,0.11232303,1,22,4,0,,,,1.9419667,0.0,0.0,0.0,0.0
0.21,0.21,0.21,0.21,12.2,90.0,0.0,0.0,0.10865479,1,23,4,0,,,,2.3517168,0.0,0.0,0.0,0.0
0.21,0.21,0.21,0.21,11.1,93.0,0.0,0.0,0.11161401,1,24,4,0,,,,0.78796667,0.0,0.0,0.0,0.0
0.21,0.21,0.21,0.21,11.7,90.0,0.0,0.0,0.10920225,1,1,5,0,,,,0.6972333,0.0,0.0,0.0,0.0
0.21,0.21,0.21,0.21,11.1,93.0,0.0,0.0,0.10723262,1,2,5,0,,,,0.38721666,0.0,0.0,0.0,0.0
0.21,0.21,0.21,0.21,10.0,93.0,0.0,0.0,0.10750421,1,3,5,0,,,,0.38775,0.0,0.0,0.0,0.0
0.21,0.21,0.5,0.21,9.4,96.0,0.0,0.0,0.10744254,1,4,5,0,,,,0.38706666,0.0,0.0,0.0,0.0
0.21,0.21,0.5,0.21,9.4,93.0,0.0,0.0,0.120967016,1,5,5,0,,,,0.38433334,0.0,0.0,0.0,0.0
0.21,0.21,0.5,0.21,9.4,89.0,0.0,0.0,0.13832287,1,6,5,0,,,,0.7190167,0.0,0.0,0.0,0.0
0.21,0.21,0.5,0.21,8.3,93.0,0.0,0.0,0.14214149,1,7,5,0,,,,0.77245,0.0,0.0,0.0,0.0
0.21,0.21,0.5,0.21,8.9,89.0,39.0,61.0,0.1411621,1,8,5,0,,,,0.71275,0.0,0.0,0.0,78.183334
0.21,0.21,0.21,0.21,11.1,83.0,178.0,363.0,0.14476545,1,9,5,0,,,,1.0485333,0.0,0.0,0.0,140.42084
0.21,0.5,0.21,0.21,13.9,72.0,334.0,532.0,0.14214268,1,10,5,0,,,,0.35068333,0.0,0.0,0.0,182.47084
0.21,0.5,0.21,0.21,15.6,70.0,459.0,624.0,0.13988277,1,11,5,0,,,,0.98223335,0.0,0.0,0.0,371.78333
0.21,0.5,0.21,0.21,15.6,70.0,535.0,644.0,0.13648802,1,12,5,0,,,,0.29803333,0.0,0.0,0.0,280.0125
0.21,0.5,0.21,0.21,16.1,58.0,535.0,655.0,0.13642898,1,13,5,0,,,,0.97823334,0.0,0.0,0.0,271.34167
0.21,0.5,0.21,0.21,16.7,70.0,469.0,618.0,0.13970846,1,14,5,0,,,,0.30136666,0.0,0.0,0.0,76.4625
0.21,0.21,0.21,0.21,16.7,75.0,344.0,544.0,0.14170112,1,15,5,0,,,,1.2488166,0.0,0.0,0.0,115.166664
0.5,0.21,0.21,0.5,16.1,70.0,186.0,374.0,0.15199134,1,16,5,0,,,,1.3928,0.0,0.0,0.0,111.9875
0.5,0.21,0.21,0.5,15.0,75.0,43.0,73.0,0.16745493,1,17,5,0,,,,4.0947833,0.0,0.0,0.0,0.0
0.5,0.21,0.21,0.5,13.9,78.0,0.0,0.0,0.17209402,1,18,5,0,,,,2.8139334,0.0,0.0,0.0,0.0
0.5,0.21,0.21,0.5,13.3,93.0,0.0,0.0,0.16990237,1,19,5,0,,,,2.3115666,0.0,0.0,0.0,0.0
0.5,0.21,0.21,0.5,13.3,93.0,0.0,0.0,0.16595913,1,20,5,0,,,,2.9829,0.0,0.0,0.0,0.0
0.21,0.21,0.21,0.21,13.3,83.0,0.0,0.0,0.15663539,1,21,5,0,,,,2.1485667,0.0,0.0,0.0,0.0
0.21,0.21,0.21,0.21,12.8,90.0,0.0,0.0,0.1474222,1,22,5,0,,,,0.98705,0.0,0.0,0.0,0.0
0.21,0.21,0.21,0.21,12.2,93.0,0.0,0.0,0.14609553,1,23,5,0,,,,0.8117,0.0,0.0,0.0,0.0
0.21,0.21,0.21,0.21,11.7,62.0,0.0,0.0,0.14750469,1,24,5,0,,,,0.6386333,0.0,0.0,0.0,0.0
0.21,0.21,0.21,0.21,10.6,93.0,0.0,0.0,0.1471853,1,1,6,0,,,,1.0217,0.0,0.0,0.0,0.0
0.21,0.21,0.21,0.21,10.0,93.0,0.0,0.0,0.15007636,1,2,6,0,,,,0.99685,0.0,0.0,0.0,0.0
0.21,0.21,0.21,0.21,10.0,93.0,0.0,0.0,0.153232,1,3,6,0,,,,1.60015,0.0,0.0,0.0,0.0
0.21,0.21,0.5,0.21,8.9,96.0,0.0,0.0,0.1497389,1,4,6,0,,,,1.3597,0.0,0.0,0.0,0.0
0.21,0.21,0.5,0.21,9.4,93.0,0.0,0.0,0.15278183,1,5,6,0,,,,0.4281,0.0,0.0,0.0,0.0
0.21,0.21,0.5,0.21,10.0,86.0,0.0,0.0,0.14794193,1,6,6,0,,,,1.2626667,0.0,0.0,0.0,0.0
0.21,0.21,0.5,0.21,10.0,83.0,0.0,0.0,0.14906187,1,7,6,0,,,,1.2519,0.0,0.0,0.0,0.0
0.21,0.21,0.5,0.21,10.0,86.0,49.0,223.0,0.15431347,1,8,6,0,,,,0.40576667,0.0,0.0,0.0,43.070835
0.21,0.21,0.21,0.21,11.1,83.0,210.0,589.0,0.15640397,1,9,6,0,,,,0.48095,0.0,0.0,0.0,174.98334
0.21,0.5,0.21,0.21,13.9,75.0,375.0,741.0,0.16150409,1,10,6,0,,,,0.8323333,0.0,0.0,0.0,344.39584
0.21,0.5,0.21,0.21,16.1,60.0,501.0,814.0,0.16408922,1,11,6,0,,,,1.1008,0.0,0.0,0.0,447.60666
0.21,0.5,0.21,0.21,18.3,47.0,570.0,847.0,0.16402094,1,12,6,0,,,,0.98659164,0.0,0.0,0.0,448.50833
0.21,0.5,0.21,0.21,20.0,36.0,575.0,853.0,0.16353752,1,13,6,0,,,,0.80745,0.0,0.0,0.0,215.20833
0.21,0.5,0.21,0.21,20.6,38.0,510.0,822.0,0.16639102,1,14,6,0,,,,0.69093335,0.0,0.0,0.0,385.90417
0.21,0.21,0.21,0.21,19.4,61.0,382.0,742.0,0.17284977,1,15,6,0,,,,0.8655667,0.0,0.0,0.0,378.7375
0.5,0.21,0.21,0.5,17.8,70.0,219.0,597.0,0.17541865,1,16,6,0,,,,0.8560167,0.0,0.0,0.0,135.24583
0.5,0.21,0.21,0.5,16.1,78.0,55.0,255.0,0.18564677,1,17,6,0,,,,1.353,0.0,0.0,0.0,0.0
0.5,0.21,0.21,0.5,13.9,90.0,1.0,1.0,0.18018375,1,18,6,0,,,,3.86685,0.0,0.0,0.0,0.0
0.5,0.21,0.21,0.5,13.9,93.0,0.0,0.0,0.1760384,1,19,6,0,,,,2.3532667,0.0,0.0,0.0,0.0
0.5,0.21,0.21,0.5,13.9,93.0,0.0,0.0,0.170166,1,20,6,0,,,,1.8398,0.0,0.0,0.0,0.0
0.21,0.21,0.21,0.21,13.9,44.0,0.0,0.0,0.17022535,1,21,6,0,,,,0.67931664,0.0,0.0,0.0,0.0
0.21,0.21,0.21,0.21,13.3,44.0,0.0,0.0,0.15427545,1,22,6,0,,,,2.2309666,0.0,0.0,0.0,0.0
0.21,0.21,0.21,0.21,12.2,62.0,0.0,0.0,0.15072116,1,23,6,0,,,,1.5195333,0.0,0.0,0.0,0.0
0.21,0.21,0.21,0.21,12.2,77.0,0.0,0.0,0.14447069,1,24,6,0,,,,2.7187417,0.0,0.0,0.0,0.0
0.21,0.21,0.21,0.21,11.7,53.0,0.0,0.0,0.13827969,1,1,7,0,,,,1.2178333,0.0,0.0,0.0,0.0
0.21,0.21,0.21,0.21,10.0,57.0,0.0,0.0,0.13995625,1,2,7,0,,,,0.77135,0.0,0.0,0.0,0.0
0.21,0.21,0.21,0.21,9.4,58.0,0.0,0.0,0.14034563,1,3,7,0,,,,0.76418334,0.0,0.0,0.0,0.0
0.21,0.21,0.5,0.21,8.9,61.0,0.0,0.0,0.14221478,1,4,7,0,,,,0.76283336,0.0,0.0,0.0,0.0
0.21,0.21,0.5,0.21,9.4,54.0,0.0,0.0,0.14805655,1,5,7,0,,,,0.9048833,0.0,0.0,0.0,0.0
0.21,0.21,0.5,0.21,8.3,61.0,0.0,0.0,0.14900568,1,6,7,0,,,,1.10925,0.0,0.0,0.0,0.0
0.21,0.21,0.5,0.21,8.3,61.0,0.0,0.0,0.14245583,1,7,7,0,,,,0.6967,0.0,0.0,0.0,0.0
0.21,0.21,0.5,0.21,9.4,59.0,55.0,316.0,0.14216802,1,8,7,0,,,,0.7879,0.0,0.0,0.0,38.983334
0.21,0.21,0.21,0.21,12.2,53.0,196.0,548.0,0.1458142,1,9,7,0,,,,0.9898667,0.0,0.0,0.0,160.4625
0.21,0.5,0.21,0.21,15.6,43.0,392.0,817.0,0.15025996,1,10,7,0,,,,1.0661167,0.0,0.0,0.0,299.81668
0.21,0.5,0.21,0.21,17.8,35.0,510.0,863.0,0.151168,1,11,7,0,,,,0.57923335,0.0,0.0,0.0,312.49582
0.21,0.5,0.21,0.21,19.4,31.0,587.0,904.0,0.1452942,1,12,7,0,,,,0.7373,0.0,0.0,0.0,347.575
0.21,0.5,0.21,0.21,21.1,38.0,531.0,808.0,0.14460199,1,13,7,0,,,,0.74205,0.0,0.0,0.0,343.28333
0.21,0.5,0.21,0.21,20.6,44.0,502.0,835.0,0.14783072,1,14,7,0,,,,0.77055,0.0,0.0,0.0,360.05
0.21,0.21,0.21,0.21,19.4,47.0,375.0,719.0,0.15717345,1,15,7,0,,,,1.2550666,0.0,0.0,0.0,97.25833
0.5,0.21,0.21,0.5,18.3,52.0,208.0,566.0,0.1666065,1,16,7,0,,,,1.1415833,0.0,0.0,0.0,13.495833
0.5,0.21,0.21,0.5,17.2,60.0,59.0,178.0,0.17265226,1,17,7,0,,,,0.80506665,0.0,0.0,0.0,0.0
0.5,0.21,0.21,0.5,13.9,90.0,3.0,2.0,0.17473222,1,18,7,0,,,,0.9317833,0.0,0.0,0.0,0.0
0.5,0.21,0.21,0.5,13.9,87.0,0.0,0.0,0.17368622,1,19,7,0,,,,3.6207,0.0,0.0,0.0,0.0
0.5,0.21,0.21,0.5,13.9,83.0,0.0,0.0,0.17518984,1,20,7,0,,,,2.4658666,0.0,0.0,0.0,0.0
0.21,0.21,0.21,0.21,13.9,87.0,0.0,0.0,0.171795,1,21,7,0,,,,1.89535,0.0,0.0,0.0,0.0
0.21,0.21,0.21,0.21,13.3,93.0,0.0,0.0,0.15361536,1,22,7,0,,,,1.9501667,0.0,0.0,0.0,0.0
0.21,0.21,0.21,0.21,12.8,86.0,0.0,0.0,0.14331098,1,23,7,0,,,,1.1202333,0.0,0.0,0.0,0.0
0.21,0.21,0.21,0.21,12.2,55.0,0.0,0.0,0.14377536,1,24,7,0,,,,0.63346666,0.0,0.0,0.0,0.0
0.21,0.21,0.21,0.21,10.6,71.0,0.0,0.0,0.14370926,1,1,1,0,,,,0.49913332,0.0,0.0,0.0,0.0
0.21,0.21,0.21,0.21,10.6,64.0,0.0,0.0,0.14364778,1,2,1,0,,,,0.52898335,0.0,0.0,0.0,0.0
0.21,0.21,0.21,0.21,10.6,59.0,0.0,0.0,0.14402416,1,3,1,0,,,,0.75275,0.0,0.0,0.0,0.0
0.21,0.21,0.5,0.21,10.0,57.0,0.0,0.0,0.14689003,1,4,1,0,,,,0.7730167,0.0,0.0,0.0,0.0
0.21,0.21,0.5,0.21,7.8,71.0,0.0,0.0,0.15352717,1,5,1,0,,,,0.71818334,0.0,0.0,0.0,0.0
0.21,0.21,0.5,0.21,7.8,71.0,0.0,0.0,0.15927848,1,6,1,0,,,,0.38655,0.0,0.0,0.0,0.0
0.21,0.21,0.5,0.21,7.8,66.0,0.0,0.0,0.15319355,1,7,1,0,,,,0.28615,0.0,0.0,0.0,0.0
0.21,0.21,0.5,0.21,8.9,66.0,50.0,227.0,0.15424986,1,8,1,0,,,,0.61575,0.0,0.0,0.0,53.7375
0.21,0.21,0.21,0.21,12.8,53.0,213.0,599.0,0.15480867,1,9,1,0,,,,0.7809167,0.0,0.0,0.0,163.36667
0.21,0.5,0.21,0.21,16.7,43.0,380.0,750.0,0.1623964,1,10,1,0,,,,0.76318336,0.0,0.0,0.0,319.4625
0.21,0.5,0.21,0.21,19.4,32.0,508.0,824.0,0.1629202,1,11,1,0,,,,0.583,0.0,0.0,0.0,435.42917
0.21,0.5,0.21,0.21,21.1,28.0,582.0,863.0,0.1566863,1,12,1,0,,,,0.33358333,0.0,0.0,0.0,498.07916
0.21,0.5,0.21,0.21,23.3,24.0,585.0,864.0,0.15316711,1,13,1,0,,,,0.33433333,0.0,0.0,0.0,511.39166
0.21,0.5,0.21,0.21,22.2,38.0,475.0,723.0,0.1519644,1,14,1,0,,,,0.32126668,0.0,0.0,0.0,467.12082
0.21,0.21,0.21,0.21,20.6,39.0,372.0,708.0,0.16243324,1,15,1,0,,,,0.33041668,0.0,0.0,0.0,361.49167
0.5,0.21,0.21,0.5,19.4,44.0,226.0,610.0,0.17184499,1,16,1,0,,,,0.47463334,0.0,0.0,0.0,135.85834
0.5,0.21,0.21,0.5,17.2,48.0,61.0,281.0,0.17983083,1,17,1,0,,,,0.53963333,0.0,0.0,0.0,0.0
0.5,0.21,0.21,0.5,15.0,70.0,2.0,2.0,0.18631497,1,18,1,0,,,,1.4308333,0.0,0.0,0.0,0.0
0.5,0.21,0.21,0.5,14.4,84.0,0.0,0.0,0.17816849,1,19,1,0,,,,1.3579167,0.0,0.0,0.0,0.0
0.5,0.21,0.21,0.5,14.4,81.0,0.0,0.0,0.17581359,1,20,1,0,,,,1.9636166,0.0,0.0,0.0,0.0
0.21,0.21,0.21,0.21,14.4,65.0,0.0,0.0,0.16352017,1,21,1,0,,,,2.1446333,0.0,0.0,0.0,0.0
0.21,0.21,0.21,0.21,12.2,69.0,0.0,0.0,0.14476071,1,22,1,0,,,,1.5092334,0.0,0.0,0.0,0.0
0.21,0.21,0.21,0.21,13.3,53.0,0.0,0.0,0.14170343,1,23,1,0,,,,0.9735,0.0,0.0,0.0,0.0
0.21,0.21,0.21,0.21,15.0,41.0,0.0,0.0,0.14220577,1,24,1,0,,,,1.6811,0.0,0.0,0.0,0.0
0.21,0.21,0.21,0.21,11.7,53.0,0.0,0.0,0.14474724,1,1,2,0,,,,0.7796,0.0,0.0,0.0,0.0
0.21,0.21,0.21,0.21,9.4,61.0,0.0,0.0,0.14309613,1,2,2,0,,,,0.71345,0.0,0.0,0.0,0.0
0.21,0.21,0.21,0.21,10.6,48.0,0.0,0.0,0.14560808,1,3,2,0,,,,0.7654167,0.0,0.0,0.0,0.0
0.21,0.21,0.5,0.21,11.7,38.0,0.0,0.0,0.14739688,1,4,2,0,,,,0.576,0.0,0.0,0.0,0.0
0.21,0.21,0.5,0.21,13.3,33.0,0.0,0.0,0.15571287,1,5,2,0,,,,0.95121664,0.0,0.0,0.0,0.0
0.21,0.21,0.5,0.21,11.7,38.0,0.0,0.0,0.17046425,1,6,2,0,,,,1.3536333,0.0,0.0,0.0,0.0
0.21,0.21,0.5,0.21,12.8,33.0,0.0,0.0,0.17789063,1,7,2,0,,,,1.1033,0.0,0.0,0.0,0.0
0.21,0.21,0.5,0.21,12.8,40.0,40.0,49.0,0.17748043,1,8,2,0,,,,0.76955,0.0,0.0,0.0,34.8625
0.21,0.21,0.21,0.21,18.3,28.0,179.0,333.0,0.1731585,1,9,2,0,,,,0.26506665,0.0,0.0,0.0,167.6375
0.21,0.5,0.21,0.21,21.1,28.0,341.0,513.0,0.17241256,1,10,2,0,,,,0.2306,0.0,0.0,0.0,326.31668
0.21,0.5,0.21,0.21,23.9,23.0,469.0,607.0,0.17310849,1,11,2,0,,,,0.2421,0.0,0.0,0.0,442.525
0.21,0.5,0.21,0.21,25.0,18.0,541.0,651.0,0.16656542,1,12,2,0,,,,0.9151833,0.0,0.0,0.0,507.24167
0.21,0.5,0.21,0.21,26.1,16.0,546.0,655.0,0.16658847,1,13,2,0,,,,0.20325,0.0,0.0,0.0,511.35416
0.21,0.5,0.21,0.21,27.2,17.0,481.0,617.0,0.16575126,1,14,2,0,,,,0.19245,0.0,0.0,0.0,455.59167
0.21,0.21,0.21,0.21,26.7,21.0,355.0,526.0,0.16902971,1,15,2,0,,,,0.19848333,0.0,0.0,0.0,348.1
0.5,0.21,0.21,0.5,23.9,31.0,194.0,353.0,0.17623922,1,16,2,0,,,,1.5894667,0.0,0.0,0.0,87.26667
0.5,0.21,0.21,0.5,22.2,25.0,42.0,61.0,0.1758682,1,17,2,0,,,,2.9878166,0.0,0.0,0.0,0.0
0.5,0.21,0.21,0.5,21.7,27.0,0.0,0.0,0.17664908,1,18,2,0,,,,2.0933833,0.0,0.0,0.0,0.0
0.5,0.21,0.21,0.5,21.1,18.0,0.0,0.0,0.17452192,1,19,2,0,,,,1.1246333,0.0,0.0,0.0,0.0
0.5,0.21,0.21,0.5,21.1,18.0,0.0,0.0,0.17517929,1,20,2,0,,,,2.5315,0.0,0.0,0.0,0.0
0.21,0.21,0.21,0.21,20.6,19.0,0.0,0.0,0.16346034,1,21,2,0,,,,2.0426,0.0,0.0,0.0,0.0
0.21,0.21,0.21,0.21,18.3,24.0,0.0,0.0,0.13531102,1,22,2,0,,,,1.9151833,0.0,0.0,0.0,0.0
0.21,0.21,0.21,0.21,15.0,44.0,0.0,0.0,0.12682523,1,23,2,0,,,,1.4546334,0.0,0.0,0.0,0.0
0.21,0.21,0.21,0.21,16.7,50.0,0.0,0.0,0.13684817,1,24,2,0,,,,0.244675,0.0,0.0,0.0,0.0
0.21,0.21,0.21,0.21,15.0,38.0,0.0,0.0,0.13699517,1,1,3,0,,,,0.2289,0.0,0.0,0.0,0.0
0.21,0.21,0.21,0.21,13.9,46.0,0.0,0.0,0.1353502,1,2,3,0,,,,0.22743334,0.0,0.0,0.0,0.0
0.21,0.21,0.21,0.21,13.3,45.0,0.0,0.0,0.13670574,1,3,3,0,,,,0.22813334,0.0,0.0,0.0,0.0
0.21,0.21,0.5,0.21,12.8,49.0,0.0,0.0,0.1373006,1,4,3,0,,,,0.22788334,0.0,0.0,0.0,0.0
0.21,0.21,0.5,0.21,13.3,44.0,0.0,0.0,0.14445648,1,5,3,0,,,,0.2259,0.0,0.0,0.0,0.0
0.21,0.21,0.5,0.21,13.3,40.0,0.0,0.0,0.1502552,1,6,3,0,,,,0.77508336,0.0,0.0,0.0,0.0
0.21,0.21,0.5,0.21,13.3,40.0,0.0,0.0,0.15884295,1,7,3,0,,,,0.68955,0.0,0.0,0.0,0.0
0.21,0.21,0.5,0.21,16.1,35.0,48.0,29.0,0.16195875,1,8,3,0,,,,0.42995,0.0,0.0,0.0,40.075
0.21,0.21,0.21,0.21,17.8,38.0,181.0,295.0,0.16134654,1,9,3,0,,,,1.0107833,0.0,0.0,0.0,167.26666
0.21,0.5,0.21,0.21,20.0,39.0,237.0,206.0,0.15975322,1,10,3,0,,,,0.24405,0.0,0.0,0.0,318.31668
0.21,0.5,0.21,0.21,22.8,29.0,224.0,2.0,0.16262682,1,11,3,0,,,,0.25566667,0.0,0.0,0.0,429.39166
0.21,0.5,0.21,0.21,25.0,30.0,210.0,10.0,0.16731533,1,12,3,0,,,,0.25095,0.0,0.0,0.0,405.66666
0.21,0.5,0.21,0.21,26.1,27.0,236.0,1.0,0.16829331,1,13,3,0,,,,0.24988334,0.0,0.0,0.0,401.4125
0.21,0.5,0.21,0.21,24.4,33.0,213.0,5.0,0.16383244,1,14,3,0,,,,0.24175,0.0,0.0,0.0,187.72084
0.21,0.21,0.21,0.21,24.4,30.0,190.0,6.0,0.1654046,1,15,3,0,,,,0.30591667,0.0,0.0,0.0,87.05417
0.5,0.21,0.21,0.5,21.7,48.0,105.0,6.0,0.16966294,1,16,3,0,,,,3.3475332,0.0,0.0,0.0,26.741667
0.5,0.21,0.21,0.5,19.4,45.0,39.0,2.0,0.18237877,1,17,3,0,,,,2.5634665,0.0,0.0,0.0,0.0
0.5,0.21,0.21,0.5,17.2,56.0,2.0,0.0,0.18128736,1,18,3,0,,,,1.7506,0.0,0.0,0.0,0.0
0.5,0.21,0.21,0.5,17.2,56.0,0.0,0.0,0.17911464,1,19,3,0,,,,1.43,0.0,0.0,0.0,0.0
0.5,0.21,0.21,0.5,17.2,52.0,0.0,0.0,0.17415048,1,20,3,0,,,,1.9496,0.0,0.0,0.0,0.0
0.21,0.21,0.21,0.21,17.2,54.0,0.0,0.0,0.16973886,1,21,3,0,,,,1.0231667,0.0,0.0,0.0,0.0
0.21,0.21,0.21,0.21,17.2,48.0,0.0,0.0,0.14117159,1,22,3,0,,,,1.8822167,0.0,0.0,0.0,0.0
0.21,0.21,0.21,0.21,17.2,48.0,0.0,0.0,0.13078944,1,23,3,0,,,,1.9550333,0.0,0.0,0.0,0.0
0.21,0.21,0.21,0.21,14.4,81.0,0.0,0.0,0.13556892,1,24,3,0,,,,0.571775,0.0,0.0,0.0,0.0
0.21,0.21,0.21,0.21,15.6,52.0,0.0,0.0,0.12680231,1,1,4,0,,,,0.23165,0.0,0.0,0.0,0.0
0.21,0.21,0.21,0.21,15.6,52.0,0.0,0.0,0.12514536,1,2,4,0,,,,0.23095,0.0,0.0,0.0,0.0
0.21,0.21,0.21,0.21,15.0,51.0,0.0,0.0,0.12178907,1,3,4,0,,,,0.23011667,0.0,0.0,0.0,0.0
0.21,0.21,0.5,0.21,13.3,62.0,0.0,0.0,0.12550905,1,4,4,0,,,,0.22883333,0.0,0.0,0.0,0.0
0.21,0.21,0.5,0.21,13.3,57.0,0.0,0.0,0.1395419,1,5,4,0,,,,0.22848333,0.0,0.0,0.0,0.0
0.21,0.21,0.5,0.21,13.3,57.0,0.0,0.0,0.16211107,1,6,4,0,,,,0.54508334,0.0,0.0,0.0,0.0
0.21,0.21,0.5,0.21,13.3,55.0,0.0,0.0,0.1693229,1,7,4,0,,,,1.4992,0.0,0.0,0.0,0.0
0.21,0.21,0.5,0.21,15.0,50.0,37.0,0.0,0.17554283,1,8,4,0,,,,0.8864833,0.0,0.0,0.0,39.370834
0.21,0.21,0.21,0.21,16.1,48.0,115.0,0.0,0.16731502,1,9,4,0,,,,0.6940333,0.0,0.0,0.0,36.729168
0.21,0.5,0.21,0.21,16.7,54.0,183.0,1.0,0.16974755,1,10,4,0,,,,1.1144667,0.0,0.0,0.0,93.416664
0.21,0.5,0.21,0.21,18.3,50.0,262.0,2.0,0.16703619,1,11,4,0,,,,0.7967,0.0,0.0,0.0,449.65833
0.21,0.5,0.21,0.21,21.1,42.0,409.0,204.0,0.16485192,1,12,4,0,,,,0.61866665,0.0,0.0,0.0,430.85834
0.21,0.5,0.21,0.21,22.2,38.0,264.0,87.0,0.1665053,1,13,4,0,,,,0.90855,0.0,0.0,0.0,253.24167
0.21,0.5,0.21,0.21,23.3,34.0,366.0,283.0,0.16837686,1,14,4,0,,,,0.20968333,0.0,0.0,0.0,34.695835
0.21,0.21,0.21,0.21,21.7,61.0,259.0,110.0,0.16806795,1,15,4,0,,,,1.1087667,0.0,0.0,0.0,0.0
0.5,0.21,0.21,0.5,18.9,70.0,177.0,175.0,0.16840278,1,16,4,0,,,,0.6456,0.0,0.0,0.0,0.0
0.5,0.21,0.21,0.5,17.2,68.0,64.0,20.0,0.17741835,1,17,4,0,,,,1.7964833,0.0,0.0,0.0,0.0
0.5,0.21,0.21,0.5,16.7,70.0,1.0,0.0,0.17868432,1,18,4,0,,,,1.7886,0.0,0.0,0.0,0.0
0.5,0.21,0.21,0.5,16.7,75.0,0.0,0.0,0.1783144,1,19,4,0,,,,1.2303667,0.0,0.0,0.0,0.0
0.5,0.21,0.21,0.5,16.1,78.0,0.0,0.0,0.17153373,1,20,4,0,,,,1.2518667,0.0,0.0,0.0,0.0
0.21,0.21,0.21,0.21,16.1,81.0,0.0,0.0,0.16379851,1,21,4,0,,,,2.0208166,0.0,0.0,0.0,0.0
0.21,0.21,0.21,0.21,16.1,81.0,0.0,0.0,0.14023948,1,22,4,0,,,,1.0979333,0.0,0.0,0.0,0.0
0.21,0.21,0.21,0.21,15.6,75.0,0.0,0.0,0.13653432,1,23,4,0,,,,1.7193834,0.0,0.0,0.0,0.0
0.21,0.21,0.21,0.21,14.4,93.0,0.0,0.0,0.13068587,1,24,4,0,,,,1.7220167,0.0,0.0,0.0,0.0
0.21,0.21,0.21,0.21,14.4,84.0,0.0,0.0,0.12847914,1,1,5,0,,,,0.85373336,0.0,0.0,0.0,0.0
0.21,0.21,0.21,0.21,13.9,87.0,0.0,0.0,0.12753399,1,2,5,0,,,,1.1364833,0.0,0.0,0.0,0.0
0.21,0.21,0.21,0.21,13.9,87.0,0.0,0.0,0.1264067,1,3,5,0,,,,1.266,0.0,0.0,0.0,0.0
0.21,0.21,0.5,0.21,13.9,83.0,0.0,0.0,0.1294763,1,4,5,0,,,,1.278525,0.0,0.0,0.0,0.0
0.21,0.21,0.5,0.21,13.9,72.0,0.0,0.0,0.14028569,1,5,5,0,,,,1.3115833,0.0,0.0,0.0,0.0
0.21,0.21,0.5,0.21,13.9,75.0,0.0,0.0,0.15639827,1,6,5,0,,,,1.8007166,0.0,0.0,0.0,0.0
0.21,0.21,0.5,0.21,14.4,70.0,0.0,0.0,0.15903533,1,7,5,0,,,,0.7838167,0.0,0.0,0.0,0.0
0.21,0.21,0.5,0.21,14.4,70.0,29.0,2.0,0.16115287,1,8,5,0,,,,1.4507333,0.0,0.0,0.0,23.15
0.21,0.21,0.21,0.21,15.6,67.0,70.0,6.0,0.16308099,1,9,5,0,,,,1.0261667,0.0,0.0,0.0,30.058332
0.21,0.5,0.21,0.21,16.1,67.0,167.0,6.0,0.16406748,1,10,5,0,,,,1.15345,0.0,0.0,0.0,83.03333
0.21,0.5,0.21,0.21,17.2,81.0,166.0,5.0,0.1638804,1,11,5,0,,,,1.0477667,0.0,0.0,0.0,12.491667
0.21,0.5,0.21,0.21,18.3,59.0,307.0,8.0,0.16320468,1,12,5,0,,,,1.1240833,0.0,0.0,0.0,4.1
0.21,0.5,0.21,0.21,18.9,54.0,218.0,4.0,0.16247647,1,13,5,0,,,,1.19105,0.0,0.0,0.0,19.4625
0.21,0.5,0.21,0.21,19.4,47.0,246.0,0.0,0.16410409,1,14,5,0,,,,1.27035,0.0,0.0,0.0,58.554165
0.21,0.21,0.21,0.21,18.3,70.0,165.0,2.0,0.16008608,1,15,5,0,,,,1.3409667,0.0,0.0,0.0,73.38333
0.5,0.21,0.21,0.5,16.7,70.0,105.0,1.0,0.16398522,1,16,5,0,,,,1.7485833,0.0,0.0,0.0,0.8041667
0.5,0.21,0.21,0.5,16.1,81.0,24.0,0.0,0.17172103,1,17,5,0,,,,2.1021667,0.0,0.0,0.0,0.0
0.5,0.21,0.21,0.5,15.6,78.0,2.0,0.0,0.16918926,1,18,5,0,,,,1.9532833,0.0,0.0,0.0,0.0
0.5,0.21,0.21,0.5,15.6,84.0,0.0,0.0,0.16395898,1,19,5,0,,,,1.38335,0.0,0.0,0.0,0.0
0.5,0.21,0.21,0.5,15.6,87.0,0.0,0.0,0.1635077,1,20,5,0,,,,1.1051667,0.0,0.0,0.0,0.0
0.21,0.21,0.21,0.21,15.0,84.0,0.0,0.0,0.15929015,1,21,5,0,,,,1.67405,0.0,0.0,0.0,0.0
0.21,0.21,0.21,0.21,14.4,87.0,0.0,0.0,0.14660108,1,22,5,0,,,,1.4935167,0.0,0.0,0.0,0.0
0.21,0.21,0.21,0.21,14.4,90.0,0.0,0.0,0.13253659,1,23,5,0,,,,1.4068,0.0,0.0,0.0,0.0
0.21,0.21,0.21,0.21,13.9,90.0,0.0,0.0,0.12438087,1,24,5,0,,,,0.6853667,0.0,0.0,0.0,0.0
0.21,0.21,0.21,0.21,14.4,93.0,0.0,0.0,0.11396964,1,1,6,0,,,,0.54391664,0.0,0.0,0.0,0.0
0.21,0.21,0.21,0.21,14.4,96.0,0.0,0.0,0.11271595,1,2,6,0,,,,0.54085,0.0,0.0,0.0,0.0
0.21,0.21,0.21,0.21,14.4,93.0,0.0,0.0,0.115932286,1,3,6,0,,,,1.2734833,0.0,0.0,0.0,0.0
0.21,0.21,0.5,0.21,13.9,96.0,0.0,0.0,0.11078177,1,4,6,0,,,,1.0474666,0.0,0.0,0.0,0.0
0.21,0.21,0.5,0.21,13.9,96.0,0.0,0.0,0.115786366,1,5,6,0,,,,0.60108334,0.0,0.0,0.0,0.0
0.21,0.21,0.5,0.21,13.9,96.0,0.0,0.0,0.12552233,1,6,6,0,,,,1.3006166,0.0,0.0,0.0,0.0
0.21,0.21,0.5,0.21,13.9,96.0,0.0,0.0,0.12865794,1,7,6,0,,,,1.2217,0.0,0.0,0.0,0.0
0.21,0.21,0.5,0.21,13.9,96.0,33.0,0.0,0.13602272,1,8,6,0,,,,0.48218334,0.0,0.0,0.0,45.245834
0.21,0.21,0.21,0.21,13.9,93.0,135.0,0.0,0.1387974,1,9,6,0,,,,0.5345333,0.0,0.0,0.0,211.9
0.21,0.5,0.21,0.21,15.0,90.0,282.0,200.0,0.13765594,1,10,6,0,,,,3.03955,0.0,0.0,0.0,329.70416
0.21,0.5,0.21,0.21,15.6,87.0,356.0,360.0,0.14122248,1,11,6,0,,,,1.7477833,0.0,0.0,0.0,445.4375
0.21,0.5,0.21,0.21,16.1,87.0,446.0,371.0,0.13845333,1,12,6,0,,,,0.85,0.0,0.0,0.0,238.85834
0.21,0.5,0.21,0.21,17.2,84.0,434.0,320.0,0.13766576,1,13,6,0,,,,1.0455834,0.0,0.0,0.0,151.3375
0.21,0.5,0.21,0.21,17.8,78.0,477.0,657.0,0.13923004,1,14,6,0,,,,1.0949334,0.0,0.0,0.0,165.67084
0.21,0.21,0.21,0.21,17.2,78.0,256.0,322.0,0.14102183,1,15,6,0,,,,0.96433336,0.0,0.0,0.0,158.85834
0.5,0.21,0.21,0.5,16.7,81.0,235.0,474.0,0.152359,1,16,6,0,,,,1.2477167,0.0,0.0,0.0,40.7625
0.5,0.21,0.21,0.5,15.6,84.0,71.0,147.0,0.15993772,1,17,6,0,,,,2.7562168,0.0,0.0,0.0,0.0
0.5,0.21,0.21,0.5,14.4,87.0,4.0,6.0,0.16115169,1,18,6,0,,,,1.97865,0.0,0.0,0.0,0.0
0.5,0.21,0.21,0.5,14.4,90.0,0.0,0.0,0.15867949,1,19,6,0,,,,1.7631167,0.0,0.0,0.0,0.0
0.5,0.21,0.21,0.5,14.4,90.0,0.0,0.0,0.15383607,1,20,6,0,,,,1.2436334,0.0,0.0,0.0,0.0
0.21,0.21,0.21,0.21,14.4,90.0,0.0,0.0,0.1467185,1,21,6,0,,,,1.6975666,0.0,0.0,0.0,0.0
0.21,0.21,0.21,0.21,14.4,90.0,0.0,0.0,0.13533139,1,22,6,0,,,,0.8897667,0.0,0.0,0.0,0.0
0.21,0.21,0.21,0.21,13.9,93.0,0.0,0.0,0.13013594,1,23,6,0,,,,0.7318,0.0,0.0,0.0,0.0
0.21,0.21,0.21,0.21,13.3,93.0,0.0,0.0,0.12024799,1,24,6,0,,,,0.61915,0.0,0.0,0.0,0.0
0.21,0.21,0.21,0.21,13.9,87.0,0.0,0.0,0.120317034,1,1,7,0,,,,0.56596667,0.0,0.0,0.0,0.0
0.21,0.21,0.21,0.21,13.3,90.0,0.0,0.0,0.11757943,1,2,7,0,,,,1.52725,0.0,0.0,0.0,0.0
0.21,0.21,0.21,0.21,12.2,93.0,0.0,0.0,0.11990154,1,3,7,0,,,,1.4960834,0.0,0.0,0.0,0.0
0.21,0.21,0.5,0.21,12.2,93.0,0.0,0.0,0.11993453,1,4,7,0,,,,0.54768336,0.0,0.0,0.0,0.0
0.21,0.21,0.5,0.21,12.2,93.0,0.0,0.0,0.121368766,1,5,7,0,,,,1.51375,0.0,0.0,0.0,0.0
0.21,0.21,0.5,0.21,12.2,93.0,0.0,0.0,0.1267619,1,6,7,0,,,,1.3776333,0.0,0.0,0.0,0.0
0.21,0.21,0.5,0.21,12.2,93.0,0.0,0.0,0.12108549,1,7,7,0,,,,0.5109,0.0,0.0,0.0,0.0
0.21,0.21,0.5,0.21,12.2,93.0,38.0,17.0,0.12304905,1,8,7,0,,,,1.2797166,0.0,0.0,0.0,65.15833
0.21,0.21,0.21,0.21,13.3,96.0,127.0,74.0,0.12719215,1,9,7,0,,,,1.6247667,0.0,0.0,0.0,83.67083
0.21,0.5,0.21,0.21,15.0,90.0,266.0,169.0,0.1245906,1,10,7,0,,,,2.0599,0.0,0.0,0.0,103.38333
0.21,0.5,0.21,0.21,16.7,84.0,438.0,295.0,0.12642422,1,11,7,0,,,,1.5591333,0.0,0.0,0.0,49.066666
0.21,0.5,0.21,0.21,17.2,81.0,506.0,442.0,0.12774679,1,12,7,0,,,,2.6157,0.0,0.0,0.0,8.479167
0.21,0.5,0.21,0.21,17.8,75.0,549.0,749.0,0.13020018,1,13,7,0,,,,1.4624667,0.0,0.0,0.0,17.895834
0.21,0.5,0.21,0.21,17.8,75.0,417.0,389.0,0.13692845,1,14,7,0,,,,1.3650833,0.0,0.0,0.0,1.5916667
0.21,0.21,0.21,0.21,17.8,73.0,278.0,233.0,0.14032127,1,15,7,0,,,,2.3775334,0.0,0.0,0.0,0.0
0.5,0.21,0.21,0.5,17.2,68.0,201.0,353.0,0.14640345,1,16,7,0,,,,1.37415,0.0,0.0,0.0,0.0
0.5,0.21,0.21,0.5,16.7,81.0,62.0,119.0,0.15916866,1,17,7,0,,,,2.34315,0.0,0.0,0.0,0.0
0.5,0.21,0.21,0.5,15.6,87.0,2.0,1.0,0.14769404,1,18,7,0,,,,1.3627833,0.0,0.0,0.0,0.0
0.5,0.21,0.21,0.5,15.0,90.0,0.0,0.0,0.14538732,1,19,7,0,,,,2.3315334,0.0,0.0,0.0,0.0
0.5,0.21,0.21,0.5,14.4,93.0,0.0,0.0,0.14289941,1,20,7,0,,,,1.6314,0.0,0.0,0.0,0.0
0.21,0.21,0.21,0.21,14.4,93.0,0.0,0.0,0.13904321,1,21,7,0,,,,1.9218167,0.0,0.0,0.0,0.0
0.21,0.21,0.21,0.21,13.9,93.0,0.0,0.0,0.121635064,1,22,7,0,,,,1.9021,0.0,0.0,0.0,0.0
0.21,0.21,0.21,0.21,13.3,93.0,0.0,0.0,0.119663104,1,23,7,0,,,,1.9088833,0.0,0.0,0.0,0.0
0.21,0.21,0.21,0.21,13.3,90.0,0.0,0.0,0.11895867,1,24,7,0,,,,1.493475,0.0,0.0,0.0,0.0
0.21,0.21,0.21,0.21,13.3,93.0,0.0,0.0,0.12103495,1,1,1,0,,,,1.6430666,0.0,0.0,0.0,0.0
0.21,0.21,0.21,0.21,12.8,90.0,0.0,0.0,0.119274236,1,2,1,0,,,,1.55765,0.0,0.0,0.0,0.0
0.21,0.21,0.21,0.21,12.8,90.0,0.0,0.0,0.11552526,1,3,1,0,,,,1.2666667,0.0,0.0,0.0,0.0
0.21,0.21,0.5,0.21,11.1,93.0,0.0,0.0,0.116575874,1,4,1,0,,,,1.32985,0.0,0.0,0.0,0.0
0.21,0.21,0.5,0.21,11.1,90.0,0.0,0.0,0.13208571,1,5,1,0,,,,1.3140833,0.0,0.0,0.0,0.0
0.21,0.21,0.5,0.21,11.1,90.0,0.0,0.0,0.16090967,1,6,1,0,,,,1.4194334,0.0,0.0,0.0,0.0
0.21,0.21,0.5,0.21,11.1,90.0,0.0,0.0,0.15364444,1,7,1,0,,,,1.0473334,0.0,0.0,0.0,0.0
0.21,0.21,0.5,0.21,10.6,96.0,49.0,146.0,0.15449148,1,8,1,0,,,,1.2377666,0.0,0.0,0.0,90.441666
0.21,0.21,0.21,0.21,12.8,86.0,210.0,502.0,0.16088042,1,9,1,0,,,,1.0667334,0.0,0.0,0.0,78.0875
0.21,0.5,0.21,0.21,15.0,78.0,375.0,657.0,0.16334051,1,10,1,0,,,,0.279,0.0,0.0,0.0,147.48334
0.21,0.5,0.21,0.21,16.7,70.0,509.0,745.0,0.1611089,1,11,1,0,,,,1.0670167,0.0,0.0,0.0,39.908333
0.21,0.5,0.21,0.21,17.8,75.0,573.0,767.0,0.16042635,1,12,1,0,,,,1.0982667,0.0,0.0,0.0,64.49167
0.21,0.5,0.21,0.21,17.8,78.0,582.0,776.0,0.16071992,1,13,1,0,,,,1.13825,0.0,0.0,0.0,124.07917
0.21,0.5,0.21,0.21,17.8,73.0,522.0,747.0,0.16152702,1,14,1,0,,,,0.9906333,0.0,0.0,0.0,423.99167
0.21,0.21,0.21,0.21,17.8,75.0,401.0,679.0,0.16131239,1,15,1,0,,,,0.8804833,0.0,0.0,0.0,69.15
0.5,0.21,0.21,0.5,17.8,78.0,237.0,534.0,0.16800138,1,16,1,0,,,,0.49136665,0.0,0.0,0.0,32.404167
0.5,0.21,0.21,0.5,16.7,84.0,71.0,226.0,0.17738889,1,17,1,0,,,,1.4924667,0.0,0.0,0.0,0.0
0.5,0.21,0.21,0.5,15.0,90.0,4.0,2.0,0.17475177,1,18,1,0,,,,1.94625,0.0,0.0,0.0,0.0
0.5,0.21,0.21,0.5,15.0,93.0,0.0,0.0,0.17328507,1,19,1,0,,,,1.3281833,0.0,0.0,0.0,0.0
0.5,0.21,0.21,0.5,15.0,90.0,0.0,0.0,0.17007406,1,20,1,0,,,,2.1008334,0.0,0.0,0.0,0.0
0.21,0.21,0.21,0.21,13.9,93.0,0.0,0.0,0.16745305,1,21,1,0,,,,2.1877167,0.0,0.0,0.0,0.0
0.21,0.21,0.21,0.21,13.9,93.0,0.0,0.0,0.14269269,1,22,1,0,,,,1.3611,0.0,0.0,0.0,0.0
0.21,0.21,0.21,0.21,13.3,93.0,0.0,0.0,0.13311608,1,23,1,0,,,,1.8936583,0.0,0.0,0.0,0.0
0.21,0.21,0.21,0.21,15.6,48.0,0.0,0.0,0.13196559,1,24,1,0,,,,1.6961083,0.0,0.0,0.0,0.0
0.21,0.21,0.21,0.21,12.8,83.0,0.0,0.0,0.13661529,1,1,2,0,,,,1.3572,0.0,0.0,0.0,0.0
0.21,0.21,0.21,0.21,11.7,80.0,0.0,0.0,0.13526797,1,2,2,0,,,,1.35075,0.0,0.0,0.0,0.0
0.21,0.21,0.21,0.21,11.1,80.0,0.0,0.0,0.13424939,1,3,2,0,,,,1.3816,0.0,0.0,0.0,0.0
0.21,0.21,0.5,0.21,11.1,77.0,0.0,0.0,0.13527307,1,4,2,0,,,,1.3760667,0.0,0.0,0.0,0.0
0.21,0.21,0.5,0.21,10.0,77.0,0.0,0.0,0.14486197,1,5,2,0,,,,1.3673333,0.0,0.0,0.0,0.0
0.21,0.21,0.5,0.21,10.0,77.0,0.0,0.0,0.1629814,1,6,2,0,,,,1.48745,0.0,0.0,0.0,0.0
0.21,0.21,0.5,0.21,9.4,83.0,0.0,0.0,0.16844873,1,7,2,0,,,,0.86401665,0.0,0.0,0.0,0.0
0.21,0.21,0.5,0.21,11.7,77.0,43.0,54.0,0.1730553,1,8,2,0,,,,1.6490166,0.0,0.0,0.0,97.75
0.21,0.21,0.21,0.21,15.6,60.0,188.0,333.0,0.17358269,1,9,2,0,,,,0.2826,0.0,0.0,0.0,184.50833
0.21,0.5,0.21,0.21,17.8,52.0,360.0,490.0,0.17314622,1,10,2,0,,,,0.28485,0.0,0.0,0.0,387.35
0.21,0.5,0.21,0.21,20.0,45.0,458.0,515.0,0.1752291,1,11,2,0,,,,0.28558335,0.0,0.0,0.0,416.14584
0.21,0.5,0.21,0.21,21.1,39.0,531.0,548.0,0.17482322,1,12,2,0,,,,0.2854,0.0,0.0,0.0,171.74167
0.21,0.5,0.21,0.21,22.2,35.0,534.0,443.0,0.1734652,1,13,2,0,,,,0.28018335,0.0,0.0,0.0,284.62082
0.21,0.5,0.21,0.21,22.8,33.0,458.0,355.0,0.17234005,1,14,2,0,,,,0.28643334,0.0,0.0,0.0,380.29166
0.21,0.21,0.21,0.21,21.1,46.0,260.0,115.0,0.17259814,1,15,2,0,,,,0.27185,0.0,0.0,0.0,118.9375
0.5,0.21,0.21,0.5,20.0,55.0,203.0,226.0,0.17696519,1,16,2,0,,,,0.36933333,0.0,0.0,0.0,23.320833
0.5,0.21,0.21,0.5,18.3,50.0,57.0,44.0,0.17858596,1,17,2,0,,,,0.50633335,0.0,0.0,0.0,0.0
0.5,0.21,0.21,0.5,16.7,50.0,2.0,0.0,0.17719248,1,18,2,0,,,,0.65926665,0.0,0.0,0.0,0.0
0.5,0.21,0.21,0.5,17.2,56.0,0.0,0.0,0.17679644,1,19,2,0,,,,2.9621167,0.0,0.0,0.0,0.0
0.5,0.21,0.21,0.5,17.2,48.0,0.0,0.0,0.1725045,1,20,2,0,,,,2.7817166,0.0,0.0,0.0,0.0
0.21,0.21,0.21,0.21,16.7,45.0,0.0,0.0,0.16666767,1,21,2,0,,,,2.7745166,0.0,0.0,0.0,0.0
0.21,0.21,0.21,0.21,15.6,52.0,0.0,0.0,0.14861429,1,22,2,0,,,,3.9731166,0.0,0.0,0.0,0.0
0.21,0.21,0.21,0.21,15.6,50.0,0.0,0.0,0.12673858,1,23,2,0,,,,2.6423166,0.0,0.0,0.0,0.0
0.21,0.21,0.21,0.21,15.6,67.0,0.0,0.0,0.121880785,1,24,2,0,,,,2.553375,0.0,0.0,0.0,0.0
0.21,0.21,0.21,0.21,14.4,49.0,0.0,0.0,0.119755946,1,1,3,0,,,,0.58345,0.0,0.0,0.0,0.0
0.21,0.21,0.21,0.21,14.4,48.0,0.0,0.0,0.12123044,1,2,3,0,,,,0.49025,0.0,0.0,0.0,0.0
0.21,0.21,0.21,0.21,14.4,48.0,0.0,0.0,0.12699151,1,3,3,0,,,,1.497,0.0,0.0,0.0,0.0
0.21,0.21,0.5,0.21,12.8,55.0,0.0,0.0,0.12706484,1,4,3,0,,,,0.7150667,0.0,0.0,0.0,0.0
0.21,0.21,0.5,0.21,12.8,51.0,0.0,0.0,0.1365116,1,5,3,0,,,,1.5743333,0.0,0.0,0.0,0.0
0.21,0.21,0.5,0.21,13.9,47.0,0.0,0.0,0.16017942,1,6,3,0,,,,2.0579667,0.0,0.0,0.0,0.0
0.21,0.21,0.5,0.21,13.9,47.0,1.0,0.0,0.1667777,1,7,3,0,,,,1.58045,0.0,0.0,0.0,9.854167
0.21,0.21,0.5,0.21,13.9,49.0,22.0,1.0,0.16736226,1,8,3,0,,,,0.72485,0.0,0.0,0.0,40.129166
0.21,0.21,0.21,0.21,14.4,51.0,111.0,5.0,0.16887955,1,9,3,0,,,,0.5752,0.0,0.0,0.0,184.96666
0.21,0.5,0.21,0.21,15.0,50.0,142.0,4.0,0.16991353,1,10,3,0,,,,0.29143333,0.0,0.0,0.0,344.74167
0.21,0.5,0.21,0.21,17.2,45.0,212.0,8.0,0.16715448,1,11,3,0,,,,0.29896668,0.0,0.0,0.0,461.00833
0.21,0.5,0.21,0.21,18.9,39.0,255.0,16.0,0.16530778,1,12,3,0,,,,0.30375,0.0,0.0,0.0,527.4042
0.21,0.5,0.21,0.21,20.0,39.0,401.0,237.0,0.16263025,1,13,3,0,,,,0.30071667,0.0,0.0,0.0,532.0208
0.21,0.5,0.21,0.21,21.1,35.0,453.0,415.0,0.16477965,1,14,3,0,,,,0.29878333,0.0,0.0,0.0,479.3125
0.21,0.21,0.21,0.21,19.4,42.0,189.0,73.0,0.1677552,1,15,3,0,,,,0.28558335,0.0,0.0,0.0,368.0
0.5,0.21,0.21,0.5,18.3,47.0,119.0,2.0,0.16950604,1,16,3,0,,,,0.26991665,0.0,0.0,0.0,157.52083
0.5,0.21,0.21,0.5,17.8,50.0,42.0,1.0,0.17685036,1,17,3,0,,,,0.33948332,0.0,0.0,0.0,0.0
0.5,0.21,0.21,0.5,16.7,58.0,5.0,0.0,0.17819484,1,18,3,0,,,,0.50013334,0.0,0.0,0.0,0.0
0.5,0.21,0.21,0.5,17.2,58.0,0.0,0.0,0.17107296,1,19,3,0,,,,0.8936667,0.0,0.0,0.0,0.0
0.5,0.21,0.21,0.5,16.7,54.0,0.0,0.0,0.16404136,1,20,3,0,,,,1.5079666,0.0,0.0,0.0,0.0
0.21,0.21,0.21,0.21,16.7,58.0,0.0,0.0,0.15001239,1,21,3,0,,,,4.232617,0.0,0.0,0.0,0.0
0.21,0.21,0.21,0.21,16.7,73.0,0.0,0.0,0.13744062,1,22,3,0,,,,2.1884665,0.0,0.0,0.0,0.0
0.21,0.21,0.21,0.21,16.1,65.0,0.0,0.0,0.12735328,1,23,3,0,,,,2.5040834,0.0,0.0,0.0,0.0
0.21,0.21,0.21,0.21,12.8,80.0,0.0,0.0,0.11895213,1,24,3,0,,,,2.3492084,0.0,0.0,0.0,0.0
0.21,0.21,0.21,0.21,15.0,65.0,0.0,0.0,0.11487475,1,1,4,0,,,,1.6913167,0.0,0.0,0.0,0.0
0.21,0.21,0.21,0.21,15.0,65.0,0.0,0.0,0.11562415,1,2,4,0,,,,0.33368334,0.0,0.0,0.0,0.0
0.21,0.21,0.21,0.21,15.0,65.0,0.0,0.0,0.11591515,1,3,4,0,,,,0.28781667,0.0,0.0,0.0,0.0
0.21,0.21,0.5,0.21,14.4,70.0,0.0,0.0,0.11612869,1,4,4,0,,,,1.1949667,0.0,0.0,0.0,0.0
0.21,0.21,0.5,0.21,13.3,72.0,0.0,0.0,0.12298503,1,5,4,0,,,,1.1439167,0.0,0.0,0.0,0.0
0.21,0.21,0.5,0.21,12.8,75.0,0.0,0.0,0.14405563,1,6,4,0,,,,2.1330833,0.0,0.0,0.0,0.0
0.21,0.21,0.5,0.21,12.2,77.0,1.0,1.0,0.15187487,1,7,4,0,,,,0.7678,0.0,0.0,0.0,10.195833
0.21,0.21,0.5,0.21,13.3,72.0,60.0,303.0,0.15580508,1,8,4,0,,,,0.6839,0.0,0.0,0.0,40.958332
0.21,0.21,0.21,0.21,15.0,65.0,235.0,647.0,0.15168184,1,9,4,0,,,,1.2914166,0.0,0.0,0.0,183.37917
0.21,0.5,0.21,0.21,16.7,63.0,408.0,784.0,0.14567769,1,10,4,0,,,,0.284775,0.0,0.0,0.0,343.06876
0.21,0.5,0.21,0.21,18.3,59.0,538.0,847.0,0.14429866,1,11,4,0,,,,0.29165,0.0,0.0,0.0,462.63333
0.21,0.5,0.21,0.21,18.9,54.0,586.0,789.0,0.14606541,1,12,4,0,,,,0.29195,0.0,0.0,0.0,460.84167
0.21,0.5,0.21,0.21,19.4,57.0,588.0,817.0,0.14528234,1,13,4,0,,,,0.29458332,0.0,0.0,0.0,558.56665
0.21,0.5,0.21,0.21,18.9,61.0,551.0,846.0,0.14254244,1,14,4,0,,,,0.2899,0.0,0.0,0.0,553.2208
0.21,0.21,0.21,0.21,18.9,59.0,387.0,681.0,0.1436614,1,15,4,0,,,,0.27926666,0.0,0.0,0.0,324.61667
0.5,0.21,0.21,0.5,17.2,75.0,249.0,581.0,0.15104261,1,16,4,0,,,,0.43498334,0.0,0.0,0.0,83.32917
0.5,0.21,0.21,0.5,16.7,78.0,88.0,370.0,0.16535704,1,17,4,0,,,,3.1449666,0.0,0.0,0.0,0.0
0.5,0.21,0.21,0.5,15.6,84.0,7.0,18.0,0.16598062,1,18,4,0,,,,2.0416,0.0,0.0,0.0,0.0
0.5,0.21,0.21,0.5,15.0,87.0,0.0,0.0,0.16732948,1,19,4,0,,,,4.033533,0.0,0.0,0.0,0.0
0.5,0.21,0.21,0.5,14.4,90.0,0.0,0.0,0.16020072,1,20,4,0,,,,2.6821,0.0,0.0,0.0,0.0
0.21,0.21,0.21,0.21,14.4,93.0,0.0,0.0,0.14628555,1,21,4,0,,,,2.70315,0.0,0.0,0.0,0.0
0.21,0.21,0.21,0.21,14.4,81.0,0.0,0.0,0.13009924,1,22,4,0,,,,2.7741833,0.0,0.0,0.0,0.0
0.21,0.21,0.21,0.21,14.4,72.0,0.0,0.0,0.12695755,1,23,4,0,,,,2.011,0.0,0.0,0.0,0.0
0.21,0.21,0.21,0.21,15.0,93.0,0.0,0.0,0.12643637,1,24,4,0,,,,0.99986666,0.0,0.0,0.0,0.0
0.21,0.21,0.21,0.21,12.2,83.0,0.0,0.0,0.120314404,1,1,5,0,,,,0.85463333,0.0,0.0,0.0,0.0
0.21,0.21,0.21,0.21,11.7,86.0,0.0,0.0,0.119354896,1,2,5,0,,,,0.76981664,0.0,0.0,0.0,0.0
0.21,0.21,0.21,0.21,11.1,83.0,0.0,0.0,0.11687055,1,3,5,0,,,,1.3460833,0.0,0.0,0.0,0.0
0.21,0.21,0.5,0.21,11.1,83.0,0.0,0.0,0.12130037,1,4,5,0,,,,1.4885167,0.0,0.0,0.0,0.0
0.21,0.21,0.5,0.21,11.1,83.0,0.0,0.0,0.13375609,1,5,5,0,,,,1.19195,0.0,0.0,0.0,0.0
0.21,0.21,0.5,0.21,11.1,80.0,0.0,0.0,0.14030477,1,6,5,0,,,,1.8556,0.0,0.0,0.0,0.0
0.21,0.21,0.5,0.21,11.1,80.0,1.0,1.0,0.14067897,1,7,5,0,,,,1.9494333,0.0,0.0,0.0,11.2625
0.21,0.21,0.5,0.21,11.7,77.0,56.0,207.0,0.14199927,1,8,5,0,,,,0.6714333,0.0,0.0,0.0,43.533333
0.21,0.21,0.21,0.21,13.3,75.0,207.0,452.0,0.14384018,1,9,5,0,,,,1.0285,0.0,0.0,0.0,189.85417
0.21,0.5,0.21,0.21,15.6,67.0,387.0,619.0,0.14373772,1,10,5,0,,,,0.7288333,0.0,0.0,0.0,357.87918
0.21,0.5,0.21,0.21,17.2,63.0,432.0,463.0,0.14725932,1,11,5,0,,,,1.30045,0.0,0.0,0.0,482.30832
0.21,0.5,0.21,0.21,18.3,56.0,427.0,181.0,0.15282308,1,12,5,0,,,,0.40801665,0.0,0.0,0.0,555.7625
0.21,0.5,0.21,0.21,18.3,54.0,364.0,119.0,0.14084409,1,13,5,0,,,,0.58433336,0.0,0.0,0.0,572.7292
0.21,0.5,0.21,0.21,18.3,68.0,319.0,40.0,0.1403299,1,14,5,0,,,,0.58065,0.0,0.0,0.0,529.5417
0.21,0.21,0.21,0.21,18.9,68.0,402.0,520.0,0.14174253,1,15,5,0,,,,0.68146664,0.0,0.0,0.0,417.89166
0.5,0.21,0.21,0.5,18.3,68.0,197.0,251.0,0.14960036,1,16,5,0,,,,1.6818612,0.0,0.0,0.0,210.05556
0.5,0.21,0.21,0.5,16.1,81.0,60.0,64.0,0.16118163,1,17,5,0,,,,1.9175333,0.0,0.0,0.0,0.0
0.5,0.21,0.21,0.5,16.1,87.0,6.0,2.0,0.16310242,1,18,5,0,,,,1.9044833,0.0,0.0,0.0,0.0
0.5,0.21,0.21,0.5,15.6,90.0,0.0,0.0,0.15068355,1,19,5,0,,,,1.5925333,0.0,0.0,0.0,0.0
0.5,0.21,0.21,0.5,15.6,87.0,0.0,0.0,0.14494476,1,20,5,0,,,,2.4485166,0.0,0.0,0.0,0.0
0.21,0.21,0.21,0.21,15.6,90.0,0.0,0.0,0.14246681,1,21,5,0,,,,3.1001167,0.0,0.0,0.0,0.0
0.21,0.21,0.21,0.21,15.0,87.0,0.0,0.0,0.13322222,1,22,5,0,,,,2.7329667,0.0,0.0,0.0,0.0
0.21,0.21,0.21,0.21,15.0,93.0,0.0,0.0,0.13917856,1,23,5,0,,,,1.7216333,0.0,0.0,0.0,0.0
0.21,0.21,0.21,0.21,12.8,96.0,0.0,0.0,0.13645823,1,24,5,0,,,,1.06745,0.0,0.0,0.0,0.0
0.21,0.21,0.21,0.21,15.0,93.0,0.0,0.0,0.13824576,1,1,6,0,,,,1.5164,0.0,0.0,0.0,0.0
0.21,0.21,0.21,0.21,15.0,97.0,0.0,0.0,0.12865496,1,2,6,0,,,,1.34345,0.0,0.0,0.0,0.0
0.21,0.21,0.21,0.21,15.0,97.0,0.0,0.0,0.1290041,1,3,6,0,,,,1.0154834,0.0,0.0,0.0,0.0
0.21,0.21,0.5,0.21,15.0,93.0,0.0,0.0,0.1276479,1,4,6,0,,,,0.93986666,0.0,0.0,0.0,0.0
0.21,0.21,0.5,0.21,14.4,96.0,0.0,0.0,0.12839788,1,5,6,0,,,,1.2559,0.0,0.0,0.0,0.0
0.21,0.21,0.5,0.21,14.4,96.0,0.0,0.0,0.13036047,1,6,6,0,,,,1.24075,0.0,0.0,0.0,0.0
0.21,0.21,0.5,0.21,14.4,93.0,0.0,0.0,0.1345474,1,7,6,0,,,,1.184,0.0,0.0,0.0,0.0
0.21,0.21,0.5,0.21,14.4,96.0,23.0,1.0,0.14021364,1,8,6,0,,,,0.3882,0.0,0.0,0.0,42.7875
0.21,0.21,0.21,0.21,14.4,93.0,144.0,129.0,0.1402076,1,9,6,0,,,,0.5534833,0.0,0.0,0.0,192.05
0.21,0.5,0.21,0.21,15.6,90.0,236.0,35.0,0.14398772,1,10,6,0,,,,1.04225,0.0,0.0,0.0,358.61667
0.21,0.5,0.21,0.21,17.2,73.0,280.0,76.0,0.14305732,1,11,6,0,,,,0.89045,0.0,0.0,0.0,481.43332
0.21,0.5,0.21,0.21,17.2,84.0,285.0,6.0,0.14285295,1,12,6,0,,,,0.736,0.0,0.0,0.0,552.85834
0.21,0.5,0.21,0.21,16.1,90.0,144.0,5.0,0.14359741,1,13,6,0,,,,0.4956,0.0,0.0,0.0,569.57086
0.21,0.5,0.21,0.21,16.1,87.0,201.0,0.0,0.14676279,1,14,6,0,,,,0.76276666,0.0,0.0,0.0,532.05835
0.21,0.21,0.21,0.21,15.6,90.0,249.0,6.0,0.14272177,1,15,6,0,,,,1.3505666,0.0,0.0,0.0,428.1
0.5,0.21,0.21,0.5,15.6,93.0,69.0,4.0,0.14431854,1,16,6,0,,,,1.3961,0.0,0.0,0.0,225.51666
0.5,0.21,0.21,0.5,15.0,93.0,32.0,2.0,0.15110286,1,17,6,0,,,,1.2962,0.0,0.0,0.0,0.0
0.5,0.21,0.21,0.5,15.0,93.0,4.0,0.0,0.15067396,1,18,6,0,,,,1.29255,0.0,0.0,0.0,0.0
0.5,0.21,0.21,0.5,14.4,93.0,0.0,0.0,0.15076303,1,19,6,0,,,,1.43655,0.0,0.0,0.0,0.0
0.5,0.21,0.21,0.5,14.4,87.0,0.0,0.0,0.14694266,1,20,6,0,,,,1.9551667,0.0,0.0,0.0,0.0
0.21,0.21,0.21,0.21,14.4,87.0,0.0,0.0,0.14351855,1,21,6,0,,,,2.0150833,0.0,0.0,0.0,0.0
0.21,0.21,0.21,0.21,13.9,90.0,0.0,0.0,0.13840093,1,22,6,0,,,,0.94885,0.0,0.0,0.0,0.0
0.21,0.21,0.21,0.21,12.8,96.0,0.0,0.0,0.13011102,1,23,6,0,,,,0.6299667,0.0,0.0,0.0,0.0
0.21,0.21,0.21,0.21,12.2,100.0,0.0,0.0,0.13305952,1,24,6,0,,,,0.8769583,0.0,0.0,0.0,0.0
0.21,0.21,0.21,0.21,12.2,96.0,0.0,0.0,0.13668998,1,1,7,0,,,,0.9202,0.0,0.0,0.0,0.0
0.21,0.21,0.21,0.21,12.2,96.0,0.0,0.0,0.13570592,1,2,7,0,,,,0.56911665,0.0,0.0,0.0,0.0
0.21,0.21,0.21,0.21,12.2,96.0,0.0,0.0,0.1379311,1,3,7,0,,,,0.49921668,0.0,0.0,0.0,0.0
0.21,0.21,0.5,0.21,11.7,96.0,0.0,0.0,0.13735946,1,4,7,0,,,,0.49705,0.0,0.0,0.0,0.0
0.21,0.21,0.5,0.21,11.1,96.0,0.0,0.0,0.13407816,1,5,7,0,,,,1.305,0.0,0.0,0.0,0.0
0.21,0.21,0.5,0.21,11.1,93.0,0.0,0.0,0.1320769,1,6,7,0,,,,1.9164333,0.0,0.0,0.0,0.0
0.21,0.21,0.5,0.21,11.1,96.0,2.0,6.0,0.12783897,1,7,7,0,,,,1.4377667,0.0,0.0,0.0,9.9625
0.21,0.21,0.5,0.21,11.1,93.0,55.0,81.0,0.130544,1,8,7,0,,,,1.2089334,0.0,0.0,0.0,41.916668
0.21,0.21,0.21,0.21,11.7,93.0,228.0,360.0,0.13346948,1,9,7,0,,,,0.5294333,0.0,0.0,0.0,188.3
0.21,0.5,0.21,0.21,14.4,90.0,387.0,639.0,0.13486457,1,10,7,0,,,,0.48881668,0.0,0.0,0.0,349.2625
0.21,0.5,0.21,0.21,15.6,87.0,464.0,631.0,0.1367577,1,11,7,0,,,,0.58681667,0.0,0.0,0.0,469.50418
0.21,0.5,0.21,0.21,17.8,81.0,550.0,627.0,0.1336904,1,12,7,0,,,,0.75518334,0.0,0.0,0.0,541.1042
0.21,0.5,0.21,0.21,17.8,75.0,588.0,830.0,0.13370697,1,13,7,0,,,,0.68621665,0.0,0.0,0.0,556.82086
0.21,0.5,0.21,0.21,17.8,81.0,457.0,591.0,0.13593508,1,14,7,0,,,,0.7255167,0.0,0.0,0.0,516.4167
0.21,0.21,0.21,0.21,17.8,81.0,430.0,659.0,0.14104305,1,15,7,0,,,,0.41078332,0.0,0.0,0.0,413.90833
0.5,0.21,0.21,0.5,17.2,84.0,249.0,472.0,0.14725932,1,16,7,0,,,,0.29943332,0.0,0.0,0.0,221.05833
0.5,0.21,0.21,0.5,16.1,87.0,99.0,430.0,0.1614458,1,17,7,0,,,,0.4494,0.0,0.0,0.0,0.0
0.5,0.21,0.21,0.5,14.4,93.0,12.0,40.0,0.16795792,1,18,7,0,,,,2.6136,0.0,0.0,0.0,0.0
0.5,0.21,0.21,0.5,14.4,93.0,0.0,0.0,0.16706166,1,19,7,0,,,,1.14985,0.0,0.0,0.0,0.0
0.5,0.21,0.21,0.5,13.9,96.0,0.0,0.0,0.165235,1,20,7,0,,,,1.3266833,0.0,0.0,0.0,0.0
0.21,0.21,0.21,0.21,13.9,96.0,0.0,0.0,0.16004385,1,21,7,0,,,,1.3841166,0.0,0.0,0.0,0.0
0.21,0.21,0.21,0.21,13.9,96.0,0.0,0.0,0.14885914,1,22,7,0,,,,1.0537167,0.0,0.0,0.0,0.0
0.21,0.21,0.21,0.21,12.8,96.0,0.0,0.0,0.14200808,1,23,7,0,,,,0.7825,0.0,0.0,0.0,0.0
0.21,0.21,0.21,0.21,12.8,96.0,0.0,0.0,0.14713764,1,24,7,0,,,,0.65774167,0.0,0.0,0.0,0.0
0.21,0.21,0.21,0.21,11.7,100.0,0.0,0.0,0.14758407,1,1,1,0,,,,0.43233332,0.0,0.0,0.0,0.0
0.21,0.21,0.21,0.21,11.7,96.0,0.0,0.0,0.14547436,1,2,1,0,,,,0.42301667,0.0,0.0,0.0,0.0
0.21,0.21,0.21,0.21,11.1,100.0,0.0,0.0,0.1442248,1,3,1,0,,,,0.4162,0.0,0.0,0.0,0.0
0.21,0.21,0.5,0.21,10.6,100.0,0.0,0.0,0.14760019,1,4,1,0,,,,0.41961667,0.0,0.0,0.0,0.0
0.21,0.21,0.5,0.21,9.4,96.0,0.0,0.0,0.16021286,1,5,1,0,,,,0.41795,0.0,0.0,0.0,0.0
0.21,0.21,0.5,0.21,8.9,100.0,0.0,0.0,0.17406705,1,6,1,0,,,,0.79576665,0.0,0.0,0.0,0.0
0.21,0.21,0.5,0.21,8.9,100.0,3.0,7.0,0.177444,1,7,1,0,,,,0.37396666,0.0,0.0,0.0,6.95
0.21,0.21,0.5,0.21,8.9,100.0,68.0,363.0,0.1787291,1,8,1,0,,,,0.32025,0.0,0.0,0.0,44.641666
0.21,0.21,0.21,0.21,12.8,86.0,251.0,704.0,0.1787361,1,9,1,0,,,,0.3139,0.0,0.0,0.0,192.775
0.21,0.5,0.21,0.21,15.0,90.0,400.0,728.0,0.18350133,1,10,1,0,,,,0.31278333,0.0,0.0,0.0,353.79584
0.21,0.5,0.21,0.21,17.8,78.0,517.0,790.0,0.1779138,1,11,1,0,,,,0.32051668,0.0,0.0,0.0,471.12918
0.21,0.5,0.21,0.21,18.9,70.0,595.0,854.0,0.1711057,1,12,1,0,,,,0.32066667,0.0,0.0,0.0,532.0417
0.21,0.5,0.21,0.21,19.4,70.0,632.0,900.0,0.16736141,1,13,1,0,,,,0.6939,0.0,0.0,0.0,538.3875
0.21,0.5,0.21,0.21,18.3,78.0,573.0,880.0,0.16502814,1,14,1,0,,,,1.0143,0.0,0.0,0.0,480.55
0.21,0.21,0.21,0.21,18.3,78.0,451.0,824.0,0.17091407,1,15,1,0,,,,1.2703834,0.0,0.0,0.0,308.73334
0.5,0.21,0.21,0.5,18.3,70.0,288.0,727.0,0.18366027,1,16,1,0,,,,3.3819168,0.0,0.0,0.0,117.96667
0.5,0.21,0.21,0.5,17.8,78.0,105.0,480.0,0.19127005,1,17,1,0,,,,0.9946,0.0,0.0,0.0,2.7791667
0.5,0.21,0.21,0.5,15.6,87.0,13.0,43.0,0.19645001,1,18,1,0,,,,0.9469333,0.0,0.0,0.0,0.0
0.5,0.21,0.21,0.5,15.0,93.0,0.0,0.0,0.19432896,1,19,1,0,,,,1.1888167,0.0,0.0,0.0,0.0
0.5,0.21,0.21,0.5,15.0,93.0,0.0,0.0,0.19497213,1,20,1,0,,,,1.2100834,0.0,0.0,0.0,0.0
0.21,0.21,0.21,0.21,14.4,96.0,0.0,0.0,0.18629488,1,21,1,0,,,,0.6858,0.0,0.0,0.0,0.0
0.21,0.21,0.21,0.21,13.9,96.0,0.0,0.0,0.16556554,1,22,1,0,,,,0.78276664,0.0,0.0,0.0,0.0
0.21,0.21,0.21,0.21,12.8,96.0,0.0,0.0,0.1639282,1,23,1,0,,,,0.6469167,0.0,0.0,0.0,0.0
0.21,0.21,0.21,0.21,12.4,96.0,0.0,0.0,0.15570894,1,24,1,0,,,,0.44781667,0.0,0.0,0.0,0.0
0.21,0.21,0.21,0.21,11.7,96.0,0.0,0.0,0.15221916,1,1,2,0,,,,0.75883335,0.0,0.0,0.0,0.0
0.21,0.21,0.21,0.21,10.6,96.0,0.0,0.0,0.15094171,1,2,2,0,,,,0.78571665,0.0,0.0,0.0,0.0
0.21,0.21,0.21,0.21,9.4,83.0,0.0,0.0,0.14999157,1,3,2,0,,,,0.39303333,0.0,0.0,0.0,0.0
0.21,0.21,0.5,0.21,8.3,89.0,0.0,0.0,0.15029448,1,4,2,0,,,,1.32905,0.0,0.0,0.0,0.0
0.21,0.21,0.5,0.21,7.8,86.0,0.0,0.0,0.16754729,1,5,2,0,,,,0.390775,0.0,0.0,0.0,0.0
0.21,0.21,0.5,0.21,7.8,83.0,0.0,0.0,0.20141412,1,6,2,0,,,,1.692175,0.0,0.0,0.0,0.0
0.21,0.21,0.5,0.21,11.7,59.0,0.0,0.0,0.19423226,1,7,2,0,,,,0.46763334,0.0,0.0,0.0,0.0
0.21,0.21,0.5,0.21,12.2,57.0,44.0,0.0,0.17982765,1,8,2,0,,,,0.6896667,0.0,0.0,0.0,63.5125
0.21,0.21,0.21,0.21,11.7,100.0,91.0,8.0,0.18187387,1,9,2,0,,,,0.7429417,0.0,0.0,0.0,190.41875
0.21,0.5,0.21,0.21,13.3,96.0,399.0,596.0,0.18699433,1,10,2,0,,,,0.6789167,0.0,0.0,0.0,345.40833
0.21,0.5,0.21,0.21,16.7,70.0,445.0,298.0,0.1936418,1,11,2,0,,,,0.59723336,0.0,0.0,0.0,457.15
0.21,0.5,0.21,0.21,18.3,61.0,523.0,418.0,0.19652545,1,12,2,0,,,,0.5859,0.0,0.0,0.0,524.225
0.21,0.5,0.21,0.21,20.0,63.0,568.0,522.0,0.19852835,1,13,2,0,,,,0.57488334,0.0,0.0,0.0,534.55835
0.21,0.5,0.21,0.21,18.9,76.0,542.0,668.0,0.19678801,1,14,2,0,,,,0.57318336,0.0,0.0,0.0,493.6625
0.21,0.21,0.21,0.21,18.3,78.0,430.0,675.0,0.19755019,1,15,2,0,,,,0.7026333,0.0,0.0,0.0,390.07916
0.5,0.21,0.21,0.5,17.2,84.0,257.0,532.0,0.19954607,1,16,2,0,,,,0.9741333,0.0,0.0,0.0,192.26666
0.5,0.21,0.21,0.5,15.6,90.0,100.0,301.0,0.20107307,1,17,2,0,,,,1.3437166,0.0,0.0,0.0,0.2125
0.5,0.21,0.21,0.5,14.4,93.0,10.0,21.0,0.2042417,1,18,2,0,,,,1.25845,0.0,0.0,0.0,0.0
0.5,0.21,0.21,0.5,13.3,96.0,0.0,0.0,0.20783393,1,19,2,0,,,,1.15595,0.0,0.0,0.0,0.0
0.5,0.21,0.21,0.5,13.3,96.0,0.0,0.0,0.20444968,1,20,2,0,,,,1.3999833,0.0,0.0,0.0,0.0
0.21,0.21,0.21,0.21,13.3,96.0,0.0,0.0,0.19207801,1,21,2,0,,,,1.33805,0.0,0.0,0.0,0.0
0.21,0.21,0.21,0.21,13.0,96.0,0.0,0.0,0.17132005,1,22,2,0,,,,1.3355833,0.0,0.0,0.0,0.0
0.21,0.21,0.21,0.21,12.7,96.0,0.0,0.0,0.16763988,1,23,2,0,,,,1.0500222,0.0,0.0,0.0,0.0
0.21,0.21,0.21,0.21,12.2,93.0,0.0,0.0,0.15992379,1,24,2,0,,,,0.86006665,0.0,0.0,0.0,0.0
0.21,0.21,0.21,0.21,12.0,90.0,0.0,0.0,0.15539673,2,1,3,0,,,,0.42255,0.0,0.0,0.0,0.0
0.21,0.21,0.21,0.21,11.7,90.0,0.0,0.0,0.15522659,2,2,3,0,,,,0.42266667,0.0,0.0,0.0,0.0
0.21,0.21,0.21,0.21,11.4,93.0,0.0,0.0,0.15676624,2,3,3,0,,,,0.41921666,0.0,0.0,0.0,0.0
0.21,0.21,0.5,0.21,11.1,93.0,0.0,0.0,0.16142668,2,4,3,0,,,,0.41608334,0.0,0.0,0.0,0.0
0.21,0.21,0.5,0.21,10.6,93.0,0.0,0.0,0.17473552,2,5,3,0,,,,1.5304834,0.0,0.0,0.0,0.0
0.21,0.21,0.5,0.21,10.0,89.0,0.0,0.0,0.20133269,2,6,3,0,,,,0.7199,0.0,0.0,0.0,0.0
0.21,0.21,0.5,0.21,10.0,89.0,2.0,7.0,0.1925019,2,7,3,0,,,,1.4199333,0.0,0.0,0.0,14.804167
0.21,0.21,0.5,0.21,11.1,90.0,72.0,356.0,0.18806246,2,8,3,0,,,,0.6009333,0.0,0.0,0.0,50.1
0.21,0.21,0.21,0.21,13.9,78.0,252.0,668.0,0.19498098,2,9,3,0,,,,0.76198334,0.0,0.0,0.0,194.52916
0.21,0.5,0.21,0.21,15.6,81.0,424.0,789.0,0.18985224,2,10,3,0,,,,0.6807,0.0,0.0,0.0,353.3
0.21,0.5,0.21,0.21,17.2,70.0,528.0,735.0,0.17894511,2,11,3,0,,,,0.68348336,0.0,0.0,0.0,467.28333
0.21,0.5,0.21,0.21,17.2,75.0,574.0,712.0,0.17774302,2,12,3,0,,,,0.5157,0.0,0.0,0.0,529.54584
0.21,0.5,0.21,0.21,17.2,75.0,550.0,570.0,0.1754348,2,13,3,0,,,,0.40381667,0.0,0.0,0.0,487.06668
0.21,0.5,0.21,0.21,16.7,81.0,594.0,708.0,0.1745722,2,14,3,0,,,,0.7912167,0.0,0.0,0.0,435.8
0.21,0.21,0.21,0.21,16.1,81.0,418.0,595.0,0.17754038,2,15,3,0,,,,0.66735,0.0,0.0,0.0,286.95416
0.5,0.21,0.21,0.5,16.1,81.0,264.0,536.0,0.17770208,2,16,3,0,,,,0.55591667,0.0,0.0,0.0,85.73333
0.5,0.21,0.21,0.5,15.6,81.0,108.0,429.0,0.1894127,2,17,3,0,,,,0.55763334,0.0,0.0,0.0,0.72083336
0.5,0.21,0.21,0.5,14.4,84.0,12.0,14.0,0.19307196,2,18,3,0,,,,0.4883,0.0,0.0,0.0,0.0
0.5,0.21,0.21,0.5,14.4,84.0,0.0,0.0,0.1901855,2,19,3,0,,,,0.7145,0.0,0.0,0.0,0.0
0.5,0.21,0.21,0.5,13.9,90.0,0.0,0.0,0.18072386,2,20,3,0,,,,0.72515,0.0,0.0,0.0,0.0
0.21,0.21,0.21,0.21,13.3,90.0,0.0,0.0,0.17074397,2,21,3,0,,,,0.7846,0.0,0.0,0.0,0.0
0.21,0.21,0.21,0.21,13.3,90.0,0.0,0.0,0.15924977,2,22,3,0,,,,0.95005,0.0,0.0,0.0,0.0
0.21,0.21,0.21,0.21,13.3,93.0,0.0,0.0,0.13959098,2,23,3,0,,,,1.14855,0.0,0.0,0.0,0.0
0.21,0.21,0.21,0.21,13.3,93.0,0.0,0.0,0.14340843,2,24,3,0,,,,0.57268333,0.0,0.0,0.0,0.0
0.21,0.21,0.21,0.21,11.7,96.0,0.0,0.0,0.14315675,2,1,4,0,,,,0.6347,0.0,0.0,0.0,0.0
0.21,0.21,0.21,0.21,11.7,93.0,0.0,0.0,0.1367441,2,2,4,0,,,,0.3098,0.0,0.0,0.0,0.0
0.21,0.21,0.21,0.21,11.1,93.0,0.0,0.0,0.14114451,2,3,4,0,,,,0.30903333,0.0,0.0,0.0,0.0
0.21,0.21,0.5,0.21,10.6,96.0,0.0,0.0,0.14059614,2,4,4,0,,,,0.30785,0.0,0.0,0.0,0.0
0.21,0.21,0.5,0.21,9.4,100.0,0.0,0.0,0.15312614,2,5,4,0,,,,0.3067,0.0,0.0,0.0,0.0
0.21,0.21,0.5,0.21,9.4,96.0,0.0,0.0,0.17494503,2,6,4,0,,,,0.6727,0.0,0.0,0.0,0.0
0.21,0.21,0.5,0.21,9.4,93.0,0.0,0.0,0.18416838,2,7,4,0,,,,1.0876833,0.0,0.0,0.0,0.0
0.21,0.21,0.5,0.21,10.6,93.0,43.0,22.0,0.17656653,2,8,4,0,,,,1.5052834,0.0,0.0,0.0,116.041664
0.21,0.21,0.21,0.21,11.7,86.0,205.0,303.0,0.16979855,2,9,4,0,,,,1.6200833,0.0,0.0,0.0,172.3875
0.21,0.5,0.21,0.21,13.9,83.0,339.0,403.0,0.15776192,2,10,4,0,,,,1.0981667,0.0,0.0,0.0,305.7125
0.21,0.5,0.21,0.21,16.7,75.0,497.0,554.0,0.14983344,2,11,4,0,,,,1.1014167,0.0,0.0,0.0,439.975
0.21,0.5,0.21,0.21,17.2,78.0,583.0,626.0,0.14830479,2,12,4,0,,,,1.0950167,0.0,0.0,0.0,496.89166
0.21,0.5,0.21,0.21,16.7,78.0,592.0,633.0,0.15273894,2,13,4,0,,,,0.8107333,0.0,0.0,0.0,407.4
0.21,0.5,0.21,0.21,16.7,81.0,532.0,601.0,0.15824804,2,14,4,0,,,,0.7356333,0.0,0.0,0.0,366.325
0.21,0.21,0.21,0.21,16.7,81.0,410.0,526.0,0.1638376,2,15,4,0,,,,0.5917,0.0,0.0,0.0,206.09166
0.5,0.21,0.21,0.5,16.7,78.0,245.0,382.0,0.1707987,2,16,4,0,,,,0.6202833,0.0,0.0,0.0,84.15
0.5,0.21,0.21,0.5,15.6,84.0,79.0,103.0,0.18542962,2,17,4,0,,,,0.66275,0.0,0.0,0.0,0.0
0.5,0.21,0.21,0.5,15.0,87.0,6.0,1.0,0.19154923,2,18,4,0,,,,0.42641667,0.0,0.0,0.0,0.0
0.5,0.21,0.21,0.5,14.4,90.0,0.0,0.0,0.188954,2,19,4,0,,,,0.66001666,0.0,0.0,0.0,0.0
0.5,0.21,0.21,0.5,14.4,90.0,0.0,0.0,0.18073584,2,20,4,0,,,,1.6656,0.0,0.0,0.0,0.0
0.21,0.21,0.21,0.21,14.4,90.0,0.0,0.0,0.16721922,2,21,4,0,,,,2.7318666,0.0,0.0,0.0,0.0
0.21,0.21,0.21,0.21,14.4,90.0,0.0,0.0,0.16502231,2,22,4,0,,,,2.2648,0.0,0.0,0.0,0.0
0.21,0.21,0.21,0.21,13.9,90.0,0.0,0.0,0.16098851,2,23,4,0,,,,1.6248167,0.0,0.0,0.0,0.0
0.21,0.21,0.21,0.21,16.1,50.0,0.0,0.0,0.15352693,2,24,4,0,,,,0.59704167,0.0,0.0,0.0,0.0
0.21,0.21,0.21,0.21,12.2,93.0,0.0,0.0,0.14820246,2,1,5,0,,,,0.5197833,0.0,0.0,0.0,0.0
0.21,0.21,0.21,0.21,11.1,93.0,0.0,0.0,0.1476385,2,2,5,0,,,,0.52025,0.0,0.0,0.0,0.0
0.21,0.21,0.21,0.21,11.7,90.0,0.0,0.0,0.14705285,2,3,5,0,,,,0.51998335,0.0,0.0,0.0,0.0
0.21,0.21,0.5,0.21,10.6,93.0,0.0,0.0,0.14794599,2,4,5,0,,,,0.5178,0.0,0.0,0.0,0.0
0.21,0.21,0.5,0.21,10.0,93.0,0.0,0.0,0.15731603,2,5,5,0,,,,0.517,0.0,0.0,0.0,0.0
0.21,0.21,0.5,0.21,9.4,86.0,0.0,0.0,0.1810108,2,6,5,0,,,,0.61301666,0.0,0.0,0.0,0.0
0.21,0.21,0.5,0.21,9.4,83.0,2.0,1.0,0.18860948,2,7,5,0,,,,0.5236833,0.0,0.0,0.0,6.9333334
0.21,0.21,0.5,0.21,12.2,69.0,66.0,178.0,0.18619365,2,8,5,0,,,,0.43301666,0.0,0.0,0.0,76.566666
0.21,0.21,0.21,0.21,15.6,56.0,222.0,465.0,0.18360367,2,9,5,0,,,,0.90445,0.0,0.0,0.0,145.89166
0.21,0.5,0.21,0.21,18.9,42.0,400.0,574.0,0.18033072,2,10,5,0,,,,3.5605667,0.0,0.0,0.0,146.08333
0.21,0.5,0.21,0.21,21.1,34.0,502.0,598.0,0.17676009,2,11,5,0,,,,3.2184334,0.0,0.0,0.0,92.98333
0.21,0.5,0.21,0.21,22.8,30.0,609.0,646.0,0.17336516,2,12,5,0,,,,1.6696833,0.0,0.0,0.0,52.708332
0.21,0.5,0.21,0.21,21.1,53.0,609.0,681.0,0.17196703,2,13,5,0,,,,1.8594834,0.0,0.0,0.0,69.1875
0.21,0.5,0.21,0.21,19.4,68.0,533.0,628.0,0.17467882,2,14,5,0,,,,1.1320333,0.0,0.0,0.0,87.86667
0.21,0.21,0.21,0.21,19.4,59.0,386.0,398.0,0.17794785,2,15,5,0,,,,1.7276167,0.0,0.0,0.0,42.404167
0.5,0.21,0.21,0.5,20.0,55.0,273.0,378.0,0.18358654,2,16,5,0,,,,1.7352834,0.0,0.0,0.0,2.8541667
0.5,0.21,0.21,0.5,16.7,73.0,90.0,98.0,0.19097137,2,17,5,0,,,,0.8502333,0.0,0.0,0.0,0.0
0.5,0.21,0.21,0.5,15.6,72.0,8.0,2.0,0.18900445,2,18,5,0,,,,1.16355,0.0,0.0,0.0,0.0
0.5,0.21,0.21,0.5,16.1,67.0,0.0,0.0,0.18819292,2,19,5,0,,,,0.9383,0.0,0.0,0.0,0.0
0.5,0.21,0.21,0.5,16.1,67.0,0.0,0.0,0.18490817,2,20,5,0,,,,0.8599333,0.0,0.0,0.0,0.0
0.21,0.21,0.21,0.21,16.1,67.0,0.0,0.0,0.1802883,2,21,5,0,,,,1.10155,0.0,0.0,0.0,0.0
0.21,0.21,0.21,0.21,16.7,56.0,0.0,0.0,0.1620421,2,22,5,0,,,,0.9869,0.0,0.0,0.0,0.0
0.21,0.21,0.21,0.21,16.7,54.0,0.0,0.0,0.15058087,2,23,5,0,,,,0.81985,0.0,0.0,0.0,0.0
0.21,0.21,0.21,0.21,18.3,47.0,0.0,0.0,0.15035821,2,24,5,0,,,,0.81684166,0.0,0.0,0.0,0.0
0.21,0.21,0.21,0.21,15.6,52.0,0.0,0.0,0.14093271,2,1,6,0,,,,0.81726664,0.0,0.0,0.0,0.0
0.21,0.21,0.21,0.21,15.6,48.0,0.0,0.0,0.14041865,2,2,6,0,,,,0.72938335,0.0,0.0,0.0,0.0
0.21,0.21,0.21,0.21,16.1,46.0,0.0,0.0,0.13975248,2,3,6,0,,,,0.5197167,0.0,0.0,0.0,0.0
0.21,0.21,0.5,0.21,14.4,51.0,0.0,0.0,0.1477781,2,4,6,0,,,,0.51596665,0.0,0.0,0.0,0.0
0.21,0.21,0.5,0.21,15.6,46.0,0.0,0.0,0.1557047,2,5,6,0,,,,0.65068334,0.0,0.0,0.0,0.0
0.21,0.21,0.5,0.21,14.4,51.0,0.0,0.0,0.15650521,2,6,6,0,,,,1.20665,0.0,0.0,0.0,0.0
0.21,0.21,0.5,0.21,14.4,49.0,0.0,0.0,0.16039576,2,7,6,0,,,,0.39476666,0.0,0.0,0.0,0.0
0.21,0.21,0.5,0.21,16.1,44.0,40.0,7.0,0.16237956,2,8,6,0,,,,0.51255,0.0,0.0,0.0,103.09583
0.21,0.21,0.21,0.21,17.8,38.0,152.0,65.0,0.15619375,2,9,6,0,,,,0.59136665,0.0,0.0,0.0,85.3625
0.21,0.5,0.21,0.21,19.4,36.0,221.0,65.0,0.15626699,2,10,6,0,,,,0.63439167,0.0,0.0,0.0,408.22916
0.21,0.5,0.21,0.21,20.6,34.0,252.0,90.0,0.15320766,2,11,6,0,,,,0.42886665,0.0,0.0,0.0,233.00417
0.21,0.5,0.21,0.21,23.3,28.0,280.0,48.0,0.15220815,2,12,6,0,,,,0.43813333,0.0,0.0,0.0,129.6375
0.21,0.5,0.21,0.21,23.9,27.0,590.0,374.0,0.14945573,2,13,6,0,,,,0.9908,0.0,0.0,0.0,213.92084
0.21,0.5,0.21,0.21,23.9,25.0,415.0,238.0,0.14940162,2,14,6,0,,,,1.0651,0.0,0.0,0.0,322.62082
0.21,0.21,0.21,0.21,23.9,24.0,342.0,246.0,0.15067777,2,15,6,0,,,,0.72391665,0.0,0.0,0.0,301.51666
0.5,0.21,0.21,0.5,21.7,41.0,110.0,38.0,0.16017216,2,16,6,0,,,,2.0735166,0.0,0.0,0.0,79.375
0.5,0.21,0.21,0.5,22.8,29.0,31.0,6.0,0.17305756,2,17,6,0,,,,1.28355,0.0,0.0,0.0,2.0
0.5,0.21,0.21,0.5,21.1,35.0,7.0,0.0,0.1737241,2,18,6,0,,,,1.1787333,0.0,0.0,0.0,0.0
0.5,0.21,0.21,0.5,21.1,32.0,0.0,0.0,0.17454357,2,19,6,0,,,,1.1166667,0.0,0.0,0.0,0.0
0.5,0.21,0.21,0.5,21.1,32.0,0.0,0.0,0.1732292,2,20,6,0,,,,1.02915,0.0,0.0,0.0,0.0
0.21,0.21,0.21,0.21,20.0,44.0,0.0,0.0,0.16356695,2,21,6,0,,,,1.1043833,0.0,0.0,0.0,0.0
0.21,0.21,0.21,0.21,19.4,45.0,0.0,0.0,0.15180099,2,22,6,0,,,,4.0388665,0.0,0.0,0.0,0.0
0.21,0.21,0.21,0.21,18.9,45.0,0.0,0.0,0.14669073,2,23,6,0,,,,2.2423832,0.0,0.0,0.0,0.0
0.21,0.21,0.21,0.21,14.4,96.0,0.0,0.0,0.14974701,2,24,6,0,,,,1.8472834,0.0,0.0,0.0,0.0
0.21,0.21,0.21,0.21,19.4,37.0,0.0,0.0,0.1451233,2,1,7,0,,,,1.258,0.0,0.0,0.0,0.0
0.21,0.21,0.21,0.21,18.9,43.0,0.0,0.0,0.13727951,2,2,7,0,,,,1.21395,0.0,0.0,0.0,0.0
0.21,0.21,0.21,0.21,18.3,49.0,0.0,0.0,0.13892551,2,3,7,0,,,,1.8634167,0.0,0.0,0.0,0.0
0.21,0.21,0.5,0.21,17.8,50.0,0.0,0.0,0.14162488,2,4,7,0,,,,0.6613,0.0,0.0,0.0,0.0
0.21,0.21,0.5,0.21,17.2,58.0,0.0,0.0,0.14493604,2,5,7,0,,,,0.81195,0.0,0.0,0.0,0.0
0.21,0.21,0.5,0.21,15.6,78.0,0.0,0.0,0.14863864,2,6,7,0,,,,0.6044667,0.0,0.0,0.0,0.0
0.21,0.21,0.5,0.21,15.0,84.0,2.0,0.0,0.1405506,2,7,7,0,,,,0.41866666,0.0,0.0,0.0,37.358334
0.21,0.21,0.5,0.21,14.4,90.0,31.0,1.0,0.13821849,2,8,7,0,,,,0.422,0.0,0.0,0.0,95.40833
0.21,0.21,0.21,0.21,13.9,96.0,70.0,0.0,0.14089517,2,9,7,0,,,,0.41493332,0.0,0.0,0.0,172.57083
0.21,0.5,0.21,0.21,13.3,93.0,91.0,2.0,0.14384484,2,10,7,0,,,,0.9788167,0.0,0.0,0.0,80.629166
0.21,0.5,0.21,0.21,13.3,96.0,159.0,5.0,0.14788385,2,11,7,0,,,,0.77965,0.0,0.0,0.0,146.45
0.21,0.5,0.21,0.21,13.9,96.0,152.0,0.0,0.1410308,2,12,7,0,,,,1.1511834,0.0,0.0,0.0,265.04584
0.21,0.5,0.21,0.21,13.9,96.0,265.0,3.0,0.14159183,2,13,7,0,,,,1.0694,0.0,0.0,0.0,267.99167
0.21,0.5,0.21,0.21,13.9,96.0,304.0,2.0,0.1397262,2,14,7,0,,,,1.1933334,0.0,0.0,0.0,169.19167
0.21,0.21,0.21,0.21,13.9,96.0,225.0,1.0,0.1447896,2,15,7,0,,,,1.7204833,0.0,0.0,0.0,80.541664
0.5,0.21,0.21,0.5,13.9,96.0,88.0,0.0,0.15319951,2,16,7,0,,,,2.4521334,0.0,0.0,0.0,23.120832
0.5,0.21,0.21,0.5,13.9,96.0,37.0,0.0,0.15633391,2,17,7,0,,,,2.1838167,0.0,0.0,0.0,1.975
0.5,0.21,0.21,0.5,14.4,93.0,8.0,0.0,0.16309804,2,18,7,0,,,,2.3151166,0.0,0.0,0.0,0.0
0.5,0.21,0.21,0.5,14.4,93.0,0.0,0.0,0.15292022,2,19,7,0,,,,2.1826832,0.0,0.0,0.0,0.0
0.5,0.21,0.21,0.5,14.4,96.0,0.0,0.0,0.14455943,2,20,7,0,,,,2.1229668,0.0,0.0,0.0,0.0
0.21,0.21,0.21,0.21,14.4,96.0,0.0,0.0,0.13873304,2,21,7,0,,,,1.6121167,0.0,0.0,0.0,0.0
0.21,0.21,0.21,0.21,14.4,96.0,0.0,0.0,0.12422649,2,22,7,0,,,,1.7863834,0.0,0.0,0.0,0.0
0.21,0.21,0.21,0.21,14.4,96.0,0.0,0.0,0.1265251,2,23,7,0,,,,1.0066167,0.0,0.0,0.0,0.0
0.21,0.21,0.21,0.21,15.0,93.0,0.0,0.0,0.13001959,2,24,7,0,,,,0.89245,0.0,0.0,0.0,0.0
0.21,0.21,0.21,0.21,14.4,96.0,0.0,0.0,0.13961998,2,1,1,0,,,,0.51696664,0.0,0.0,0.0,0.0
0.21,0.21,0.21,0.21,14.4,96.0,0.0,0.0,0.13475531,2,2,1,0,,,,0.5162333,0.0,0.0,0.0,0.0
0.21,0.21,0.21,0.21,14.4,96.0,0.0,0.0,0.13938358,2,3,1,0,,,,0.51535,0.0,0.0,0.0,0.0
0.21,0.21,0.5,0.21,14.4,100.0,0.0,0.0,0.14446841,2,4,1,0,,,,0.55681664,0.0,0.0,0.0,0.0
0.21,0.21,0.5,0.21,14.4,100.0,0.0,0.0,0.16111666,2,5,1,0,,,,1.21275,0.0,0.0,0.0,0.0
0.21,0.21,0.5,0.21,14.4,100.0,0.0,0.0,0.1886535,2,6,1,0,,,,1.43095,0.0,0.0,0.0,0.0
0.21,0.21,0.5,0.21,15.0,100.0,2.0,0.0,0.1848916,2,7,1,0,,,,1.0498834,0.0,0.0,0.0,0.22083333
0.21,0.21,0.5,0.21,15.0,100.0,31.0,0.0,0.18194261,2,8,1,0,,,,1.1961334,0.0,0.0,0.0,25.025
0.21,0.21,0.21,0.21,15.6,100.0,153.0,4.0,0.18165146,2,9,1,0,,,,0.424,0.0,0.0,0.0,35.0375
0.21,0.5,0.21,0.21,16.1,97.0,359.0,269.0,0.17132273,2,10,1,0,,,,0.42645,0.0,0.0,0.0,62.579166
0.21,0.5,0.21,0.21,17.2,87.0,309.0,117.0,0.16603117,2,11,1,0,,,,1.1403,0.0,0.0,0.0,113.82917
0.21,0.5,0.21,0.21,17.2,87.0,383.0,111.0,0.1672972,2,12,1,0,,,,0.42831665,0.0,0.0,0.0,160.45
0.21,0.5,0.21,0.21,17.2,81.0,590.0,556.0,0.16908583,2,13,1,0,,,,1.168,0.0,0.0,0.0,104.254166
0.21,0.5,0.21,0.21,17.2,81.0,403.0,250.0,0.17082033,2,14,1,0,,,,0.43491668,0.0,0.0,0.0,73.88333
0.21,0.21,0.21,0.21,17.2,81.0,228.0,15.0,0.17227437,2,15,1,0,,,,1.2183,0.0,0.0,0.0,78.49167
0.5,0.21,0.21,0.5,16.7,87.0,200.0,174.0,0.18116188,2,16,1,0,,,,0.656,0.0,0.0,0.0,32.954166
0.5,0.21,0.21,0.5,16.7,81.0,93.0,125.0,0.18920518,2,17,1,0,,,,3.5665834,0.0,0.0,0.0,0.0
0.5,0.21,0.21,0.5,16.1,87.0,15.0,30.0,0.19798453,2,18,1,0,,,,2.4740083,0.0,0.0,0.0,0.0
0.5,0.21,0.21,0.5,15.6,90.0,0.0,0.0,0.19716084,2,19,1,0,,,,2.23895,0.0,0.0,0.0,0.0
0.5,0.21,0.21,0.5,15.0,90.0,0.0,0.0,0.1896496,2,20,1,0,,,,3.0794,0.0,0.0,0.0,0.0
0.21,0.21,0.21,0.21,15.0,93.0,0.0,0.0,0.17456229,2,21,1,0,,,,1.3178166,0.0,0.0,0.0,0.0
0.21,0.21,0.21,0.21,15.0,97.0,0.0,0.0,0.15920997,2,22,1,0,,,,2.1166334,0.0,0.0,0.0,0.0
0.21,0.21,0.21,0.21,15.0,97.0,0.0,0.0,0.1469035,2,23,1,0,,,,1.5150833,0.0,0.0,0.0,0.0
0.21,0.21,0.21,0.21,12.8,93.0,0.0,0.0,0.14093365,2,24,1,0,,,,1.0277417,0.0,0.0,0.0,0.0
0.21,0.21,0.21,0.21,14.4,96.0,0.0,0.0,0.13959314,2,1,2,0,,,,1.6371,0.0,0.0,0.0,0.0
0.21,0.21,0.21,0.21,14.4,96.0,0.0,0.0,0.13995461,2,2,2,0,,,,0.51483333,0.0,0.0,0.0,0.0
0.21,0.21,0.21,0.21,14.4,96.0,0.0,0.0,0.13763905,2,3,2,0,,,,0.42955,0.0,0.0,0.0,0.0
0.21,0.21,0.5,0.21,14.4,96.0,0.0,0.0,0.13542515,2,4,2,0,,,,0.42651665,0.0,0.0,0.0,0.0
0.21,0.21,0.5,0.21,14.4,96.0,0.0,0.0,0.14772253,2,5,2,0,,,,0.4253,0.0,0.0,0.0,0.0
0.21,0.21,0.5,0.21,14.4,96.0,0.0,0.0,0.16277665,2,6,2,0,,,,0.56401664,0.0,0.0,0.0,0.0
0.21,0.21,0.5,0.21,14.4,96.0,1.0,0.0,0.16563673,2,7,2,0,,,,0.94301665,0.0,0.0,0.0,16.4375
0.21,0.21,0.5,0.21,14.4,96.0,50.0,53.0,0.16390775,2,8,2,0,,,,0.7269167,0.0,0.0,0.0,73.21667
0.21,0.21,0.21,0.21,16.1,90.0,115.0,40.0,0.1681316,2,9,2,0,,,,0.4217,0.0,0.0,0.0,163.04584
0.21,0.5,0.21,0.21,16.1,87.0,225.0,2.0,0.16855477,2,10,2,0,,,,0.4143,0.0,0.0,0.0,96.45
0.21,0.5,0.21,0.21,16.7,81.0,215.0,5.0,0.16778132,2,11,2,0,,,,0.41621667,0.0,0.0,0.0,139.25
0.21,0.5,0.21,0.21,16.7,81.0,148.0,19.0,0.17145157,2,12,2,0,,,,1.1493833,0.0,0.0,0.0,140.1125
0.21,0.5,0.21,0.21,15.0,90.0,222.0,7.0,0.17224336,2,13,2,0,,,,0.41728333,0.0,0.0,0.0,142.925
0.21,0.5,0.21,0.21,15.0,93.0,143.0,2.0,0.17373063,2,14,2,0,,,,0.44546667,0.0,0.0,0.0,99.67083
0.21,0.21,0.21,0.21,14.4,93.0,147.0,2.0,0.17141828,2,15,2,0,,,,0.82785,0.0,0.0,0.0,13.358334
0.5,0.21,0.21,0.5,14.4,93.0,93.0,5.0,0.1739076,2,16,2,0,,,,0.94955,0.0,0.0,0.0,0.0
0.5,0.21,0.21,0.5,14.4,93.0,38.0,2.0,0.18125351,2,17,2,0,,,,1.5073833,0.0,0.0,0.0,0.0
0.5,0.21,0.21,0.5,14.4,93.0,12.0,0.0,0.17911613,2,18,2,0,,,,1.7209667,0.0,0.0,0.0,0.0
0.5,0.21,0.21,0.5,14.4,93.0,0.0,0.0,0.17218225,2,19,2,0,,,,1.6741834,0.0,0.0,0.0,0.0
0.5,0.21,0.21,0.5,14.4,93.0,0.0,0.0,0.16878527,2,20,2,0,,,,1.2755333,0.0,0.0,0.0,0.0
0.21,0.21,0.21,0.21,14.4,90.0,0.0,0.0,0.15149172,2,21,2,0,,,,2.5434167,0.0,0.0,0.0,0.0
0.21,0.21,0.21,0.21,14.4,90.0,0.0,0.0,0.12714504,2,22,2,0,,,,1.1936166,0.0,0.0,0.0,0.0
0.21,0.21,0.21,0.21,13.9,90.0,0.0,0.0,0.12225852,2,23,2,0,,,,1.3500167,0.0,0.0,0.0,0.0
0.21,0.21,0.21,0.21,12.2,100.0,0.0,0.0,0.13415092,2,24,2,0,,,,1.4841833,0.0,0.0,0.0,0.0
0.21,0.21,0.21,0.21,11.7,96.0,0.0,0.0,0.13872193,2,1,3,0,,,,0.7604833,0.0,0.0,0.0,0.0
0.21,0.21,0.21,0.21,11.7,96.0,0.0,0.0,0.13213459,2,2,3,0,,,,0.5136,0.0,0.0,0.0,0.0
0.21,0.21,0.21,0.21,11.1,96.0,0.0,0.0,0.11944389,2,3,3,0,,,,1.3018167,0.0,0.0,0.0,0.0
0.21,0.21,0.5,0.21,10.6,96.0,0.0,0.0,0.11918912,2,4,3,0,,,,0.51198334,0.0,0.0,0.0,0.0
0.21,0.21,0.5,0.21,10.6,100.0,0.0,0.0,0.13048436,2,5,3,0,,,,0.5132167,0.0,0.0,0.0,0.0
0.21,0.21,0.5,0.21,11.1,96.0,0.0,0.0,0.14286785,2,6,3,0,,,,1.5860333,0.0,0.0,0.0,0.0
0.21,0.21,0.5,0.21,10.6,96.0,0.0,0.0,0.15416005,2,7,3,0,,,,0.8179167,0.0,0.0,0.0,0.0
0.21,0.21,0.5,0.21,11.1,100.0,60.0,94.0,0.15817115,2,8,3,0,,,,0.6713333,0.0,0.0,0.0,98.36667
0.21,0.21,0.21,0.21,12.8,93.0,194.0,232.0,0.15740429,2,9,3,0,,,,0.42231667,0.0,0.0,0.0,239.2375
0.21,0.5,0.21,0.21,15.6,78.0,371.0,377.0,0.15975542,2,10,3,0,,,,0.41413334,0.0,0.0,0.0,197.85417
0.21,0.5,0.21,0.21,16.1,75.0,484.0,431.0,0.16114011,2,11,3,0,,,,0.41433334,0.0,0.0,0.0,192.83333
0.21,0.5,0.21,0.21,17.8,65.0,518.0,361.0,0.1613565,2,12,3,0,,,,0.4164,0.0,0.0,0.0,215.99167
0.21,0.5,0.21,0.21,17.8,61.0,268.0,1.0,0.1549562,2,13,3,0,,,,0.42613333,0.0,0.0,0.0,349.24167
0.21,0.5,0.21,0.21,18.3,65.0,388.0,74.0,0.156499,2,14,3,0,,,,0.42751667,0.0,0.0,0.0,372.27084
0.21,0.21,0.21,0.21,18.3,61.0,166.0,2.0,0.16193585,2,15,3,0,,,,0.42653334,0.0,0.0,0.0,309.21667
0.5,0.21,0.21,0.5,17.2,60.0,138.0,6.0,0.16928735,2,16,3,0,,,,0.581,0.0,0.0,0.0,198.90416
0.5,0.21,0.21,0.5,15.0,51.0,27.0,0.0,0.1813877,2,17,3,0,,,,1.4794333,0.0,0.0,0.0,5.2625
0.5,0.21,0.21,0.5,13.3,80.0,10.0,0.0,0.1890307,2,18,3,0,,,,1.6778667,0.0,0.0,0.0,0.0
0.5,0.21,0.21,0.5,12.8,86.0,0.0,0.0,0.18505064,2,19,3,0,,,,1.7442,0.0,0.0,0.0,0.0
0.5,0.21,0.21,0.5,12.2,90.0,0.0,0.0,0.18055955,2,20,3,0,,,,1.354,0.0,0.0,0.0,0.0
0.21,0.21,0.21,0.21,12.2,93.0,0.0,0.0,0.17585377,2,21,3,0,,,,1.2696,0.0,0.0,0.0,0.0
0.21,0.21,0.21,0.21,12.2,93.0,0.0,0.0,0.16407913,2,22,3,0,,,,1.1375333,0.0,0.0,0.0,0.0
0.21,0.21,0.21,0.21,12.2,96.0,0.0,0.0,0.15675433,2,23,3,0,,,,0.9006,0.0,0.0,0.0,0.0
0.21,0.21,0.21,0.21,15.6,93.0,0.0,0.0,0.14754839,2,24,3,0,,,,0.6595,0.0,0.0,0.0,0.0
0.21,0.21,0.21,0.21,12.8,100.0,0.0,0.0,0.1443112,2,1,4,0,,,,0.5121167,0.0,0.0,0.0,0.0
0.21,0.21,0.21,0.21,15.6,100.0,0.0,0.0,0.14486605,2,2,4,0,,,,0.51131666,0.0,0.0,0.0,0.0
0.21,0.21,0.21,0.21,15.6,100.0,0.0,0.0,0.146155,2,3,4,0,,,,0.51175,0.0,0.0,0.0,0.0
0.21,0.21,0.5,0.21,15.0,97.0,0.0,0.0,0.15175532,2,4,4,0,,,,0.51093334,0.0,0.0,0.0,0.0
0.21,0.21,0.5,0.21,15.0,93.0,0.0,0.0,0.16523793,2,5,4,0,,,,0.5097167,0.0,0.0,0.0,0.0
0.21,0.21,0.5,0.21,15.0,93.0,0.0,0.0,0.17662741,2,6,4,0,,,,0.8122,0.0,0.0,0.0,0.0
0.21,0.21,0.5,0.21,14.4,96.0,2.0,0.0,0.17826334,2,7,4,0,,,,1.0242167,0.0,0.0,0.0,24.9625
0.21,0.21,0.5,0.21,14.4,100.0,28.0,3.0,0.1798815,2,8,4,0,,,,0.54415,0.0,0.0,0.0,83.729164
0.21,0.21,0.21,0.21,15.0,97.0,89.0,0.0,0.1824848,2,9,4,0,,,,0.42398334,0.0,0.0,0.0,263.09583
0.21,0.5,0.21,0.21,16.1,93.0,206.0,3.0,0.1752061,2,10,4,0,,,,0.38665,0.0,0.0,0.0,384.5125
0.21,0.5,0.21,0.21,16.7,90.0,161.0,1.0,0.17987087,2,11,4,0,,,,0.39106667,0.0,0.0,0.0,470.54166
0.21,0.5,0.21,0.21,16.7,90.0,312.0,0.0,0.17357521,2,12,4,0,,,,0.3903,0.0,0.0,0.0,505.6125
0.21,0.5,0.21,0.21,16.7,90.0,328.0,2.0,0.17065841,2,13,4,0,,,,0.37995,0.0,0.0,0.0,515.24164
0.21,0.5,0.21,0.21,17.2,87.0,322.0,1.0,0.17160617,2,14,4,0,,,,0.46803334,0.0,0.0,0.0,484.2125
0.21,0.21,0.21,0.21,17.2,81.0,138.0,0.0,0.17226797,2,15,4,0,,,,0.44998333,0.0,0.0,0.0,239.42084
0.5,0.21,0.21,0.5,16.7,84.0,94.0,1.0,0.17595883,2,16,4,0,,,,0.6055667,0.0,0.0,0.0,178.925
0.5,0.21,0.21,0.5,16.7,84.0,46.0,1.0,0.18123394,2,17,4,0,,,,0.74841666,0.0,0.0,0.0,2.0375
0.5,0.21,0.21,0.5,16.1,87.0,9.0,0.0,0.1923729,2,18,4,0,,,,1.7742,0.0,0.0,0.0,0.0
0.5,0.21,0.21,0.5,16.1,90.0,0.0,0.0,0.19027184,2,19,4,0,,,,1.8212167,0.0,0.0,0.0,0.0
0.5,0.21,0.21,0.5,15.6,90.0,0.0,0.0,0.18899533,2,20,4,0,,,,2.1741166,0.0,0.0,0.0,0.0
0.21,0.21,0.21,0.21,15.6,90.0,0.0,0.0,0.17932957,2,21,4,0,,,,1.2317,0.0,0.0,0.0,0.0
0.21,0.21,0.21,0.21,15.6,90.0,0.0,0.0,0.17099711,2,22,4,0,,,,3.3185666,0.0,0.0,0.0,0.0
0.21,0.21,0.21,0.21,15.6,93.0,0.0,0.0,0.16458714,2,23,4,0,,,,2.4052835,0.0,0.0,0.0,0.0
0.21,0.21,0.21,0.21,10.6,66.0,0.0,0.0,0.16447823,2,24,4,0,,,,1.0269166,0.0,0.0,0.0,0.0
0.21,0.21,0.21,0.21,15.6,93.0,0.0,0.0,0.16489644,2,1,5,0,,,,0.5086667,0.0,0.0,0.0,0.0
0.21,0.21,0.21,0.21,15.0,90.0,0.0,0.0,0.16282448,2,2,5,0,,,,0.50805,0.0,0.0,0.0,0.0
0.21,0.21,0.21,0.21,15.0,90.0,0.0,0.0,0.1661742,2,3,5,0,,,,0.51105,0.0,0.0,0.0,0.0
0.21,0.21,0.5,0.21,15.0,90.0,0.0,0.0,0.17107368,2,4,5,0,,,,0.5061,0.0,0.0,0.0,0.0
0.21,0.21,0.5,0.21,15.0,97.0,0.0,0.0,0.17077258,2,5,5,0,,,,0.50625,0.0,0.0,0.0,0.0
0.21,0.21,0.5,0.21,15.0,87.0,0.0,0.0,0.17848438,2,6,5,0,,,,1.8926834,0.0,0.0,0.0,0.0
0.21,0.21,0.5,0.21,12.8,80.0,0.0,0.0,0.17556241,2,7,5,0,,,,0.8523833,0.0,0.0,0.0,0.0
0.21,0.21,0.5,0.21,12.8,75.0,61.0,53.0,0.17763773,2,8,5,0,,,,0.58171666,0.0,0.0,0.0,132.22084
0.21,0.21,0.21,0.21,12.2,75.0,217.0,274.0,0.17973064,2,9,5,0,,,,0.40155,0.0,0.0,0.0,194.825
0.21,0.5,0.21,0.21,13.3,69.0,405.0,434.0,0.17947336,2,10,5,0,,,,0.39435,0.0,0.0,0.0,176.5875
0.21,0.5,0.21,0.21,13.9,67.0,545.0,480.0,0.1828662,2,11,5,0,,,,0.39616665,0.0,0.0,0.0,184.825
0.21,0.5,0.21,0.21,13.9,67.0,444.0,159.0,0.18298939,2,12,5,0,,,,0.39695,0.0,0.0,0.0,177.78334
0.21,0.5,0.21,0.21,13.9,67.0,591.0,476.0,0.18182647,2,13,5,0,,,,0.39928332,0.0,0.0,0.0,179.53334
0.21,0.5,0.21,0.21,13.9,67.0,500.0,497.0,0.18222396,2,14,5,0,,,,0.3975,0.0,0.0,0.0,172.80833
0.21,0.21,0.21,0.21,13.9,67.0,438.0,483.0,0.17896038,2,15,5,0,,,,0.42018333,0.0,0.0,0.0,130.74167
0.5,0.21,0.21,0.5,13.9,62.0,285.0,480.0,0.17940271,2,16,5,0,,,,0.80973333,0.0,0.0,0.0,19.7125
0.5,0.21,0.21,0.5,13.3,62.0,111.0,211.0,0.18339737,2,17,5,0,,,,0.78886664,0.0,0.0,0.0,0.0
0.5,0.21,0.21,0.5,12.8,62.0,12.0,11.0,0.18478604,2,18,5,0,,,,0.9619667,0.0,0.0,0.0,0.0
0.5,0.21,0.21,0.5,12.2,59.0,0.0,0.0,0.18609059,2,19,5,0,,,,1.1421334,0.0,0.0,0.0,0.0
0.5,0.21,0.21,0.5,12.2,62.0,0.0,0.0,0.18086544,2,20,5,0,,,,1.3687834,0.0,0.0,0.0,0.0
0.21,0.21,0.21,0.21,11.7,62.0,0.0,0.0,0.17006382,2,21,5,0,,,,1.5598167,0.0,0.0,0.0,0.0
0.21,0.21,0.21,0.21,11.7,59.0,0.0,0.0,0.16144706,2,22,5,0,,,,1.0644166,0.0,0.0,0.0,0.0
0.21,0.21,0.21,0.21,11.7,59.0,0.0,0.0,0.15447336,2,23,5,0,,,,0.72711664,0.0,0.0,0.0,0.0
0.21,0.21,0.21,0.21,10.6,50.0,0.0,0.0,0.13194537,2,24,5,0,,,,1.013925,0.0,0.0,0.0,0.0
0.21,0.21,0.21,0.21,10.0,64.0,0.0,0.0,0.13233846,2,1,6,0,,,,0.6379833,0.0,0.0,0.0,0.0
0.21,0.21,0.21,0.21,9.4,69.0,0.0,0.0,0.13295716,2,2,6,0,,,,0.49185,0.0,0.0,0.0,0.0
0.21,0.21,0.21,0.21,8.3,74.0,0.0,0.0,0.13073796,2,3,6,0,,,,0.49283335,0.0,0.0,0.0,0.0
0.21,0.21,0.5,0.21,7.2,86.0,0.0,0.0,0.13228086,2,4,6,0,,,,0.4926,0.0,0.0,0.0,0.0
0.21,0.21,0.5,0.21,7.8,83.0,0.0,0.0,0.13466322,2,5,6,0,,,,0.49063334,0.0,0.0,0.0,0.0
0.21,0.21,0.5,0.21,7.8,83.0,0.0,0.0,0.13380164,2,6,6,0,,,,0.48935,0.0,0.0,0.0,0.0
0.21,0.21,0.5,0.21,6.7,89.0,5.0,2.0,0.13249055,2,7,6,0,,,,0.4794,0.0,0.0,0.0,4.6
0.21,0.21,0.5,0.21,8.9,80.0,40.0,9.0,0.13840453,2,8,6,0,,,,0.65078336,0.0,0.0,0.0,29.079166
0.21,0.21,0.21,0.21,10.0,77.0,221.0,317.0,0.14654574,2,9,6,0,,,,1.0264167,0.0,0.0,0.0,153.01666
0.21,0.5,0.21,0.21,11.7,69.0,429.0,524.0,0.15481386,2,10,6,0,,,,0.8581667,0.0,0.0,0.0,297.35416
0.21,0.5,0.21,0.21,12.8,64.0,582.0,747.0,0.1520356,2,11,6,0,,,,0.5312667,0.0,0.0,0.0,336.7875
0.21,0.5,0.21,0.21,13.3,64.0,602.0,667.0,0.15036906,2,12,6,0,,,,0.5877333,0.0,0.0,0.0,160.7125
0.21,0.5,0.21,0.21,13.3,67.0,655.0,706.0,0.14828481,2,13,6,0,,,,0.40613332,0.0,0.0,0.0,332.425
0.21,0.5,0.21,0.21,13.9,60.0,427.0,345.0,0.14900063,2,14,6,0,,,,0.5024,0.0,0.0,0.0,441.55832
0.21,0.21,0.21,0.21,13.9,55.0,335.0,286.0,0.15019166,2,15,6,0,,,,0.5919667,0.0,0.0,0.0,426.3125
0.5,0.21,0.21,0.5,13.9,57.0,233.0,181.0,0.15534423,2,16,6,0,,,,0.73315,0.0,0.0,0.0,269.1
0.5,0.21,0.21,0.5,14.4,53.0,89.0,122.0,0.16776371,2,17,6,0,,,,0.71025,0.0,0.0,0.0,8.495833
0.5,0.21,0.21,0.5,13.9,42.0,19.0,25.0,0.17573196,2,18,6,0,,,,0.81583333,0.0,0.0,0.0,0.0
0.5,0.21,0.21,0.5,12.8,40.0,0.0,0.0,0.1741886,2,19,6,0,,,,1.19975,0.0,0.0,0.0,0.0
0.5,0.21,0.21,0.5,12.8,40.0,0.0,0.0,0.16843103,2,20,6,0,,,,0.92006665,0.0,0.0,0.0,0.0
0.21,0.21,0.21,0.21,11.7,45.0,0.0,0.0,0.15244722,2,21,6,0,,,,0.9539833,0.0,0.0,0.0,0.0
0.21,0.21,0.21,0.21,11.7,45.0,0.0,0.0,0.14136998,2,22,6,0,,,,0.85715,0.0,0.0,0.0,0.0
0.21,0.21,0.21,0.21,11.1,47.0,0.0,0.0,0.12863351,2,23,6,0,,,,0.82498336,0.0,0.0,0.0,0.0
0.21,0.21,0.21,0.21,11.7,96.0,0.0,0.0,0.13068001,2,24,6,0,,,,0.81663334,0.0,0.0,0.0,0.0
0.21,0.21,0.21,0.21,10.6,46.0,0.0,0.0,0.12765399,2,1,7,0,,,,0.67915,0.0,0.0,0.0,0.0
0.21,0.21,0.21,0.21,10.0,48.0,0.0,0.0,0.12906213,2,2,7,0,,,,0.72943336,0.0,0.0,0.0,0.0
0.21,0.21,0.21,0.21,7.8,63.0,0.0,0.0,0.12927465,2,3,7,0,,,,0.6892667,0.0,0.0,0.0,0.0
0.21,0.21,0.5,0.21,7.2,68.0,0.0,0.0,0.13144137,2,4,7,0,,,,0.68581665,0.0,0.0,0.0,0.0
0.21,0.21,0.5,0.21,7.8,68.0,0.0,0.0,0.12750861,2,5,7,0,,,,0.68548334,0.0,0.0,0.0,0.0
0.21,0.21,0.5,0.21,7.2,71.0,0.0,0.0,0.13055778,2,6,7,0,,,,0.6838,0.0,0.0,0.0,0.0
0.21,0.21,0.5,0.21,8.3,66.0,5.0,5.0,0.12722877,2,7,7,0,,,,0.6853333,0.0,0.0,0.0,16.129168
0.21,0.21,0.5,0.21,7.8,68.0,90.0,261.0,0.13402842,2,8,7,0,,,,0.5123,0.0,0.0,0.0,52.925
0.21,0.21,0.21,0.21,10.0,69.0,157.0,83.0,0.13936196,2,9,7,0,,,,0.51103336,0.0,0.0,0.0,218.6625
0.21,0.5,0.21,0.21,11.7,64.0,247.0,71.0,0.14340338,2,10,7,0,,,,0.61883336,0.0,0.0,0.0,394.8375
0.21,0.5,0.21,0.21,13.3,67.0,283.0,27.0,0.15054403,2,11,7,0,,,,3.0071666,0.0,0.0,0.0,513.0125
0.21,0.5,0.21,0.21,12.8,69.0,326.0,8.0,0.15586556,2,12,7,0,,,,1.1774833,0.0,0.0,0.0,581.2292
0.21,0.5,0.21,0.21,12.8,72.0,166.0,21.0,0.15584065,2,13,7,0,,,,0.81451666,0.0,0.0,0.0,595.2208
0.21,0.5,0.21,0.21,12.2,86.0,203.0,1.0,0.15400799,2,14,7,0,,,,0.41573334,0.0,0.0,0.0,553.92084
0.21,0.21,0.21,0.21,11.7,93.0,132.0,3.0,0.14907226,2,15,7,0,,,,0.41383332,0.0,0.0,0.0,453.70416
0.5,0.21,0.21,0.5,11.7,93.0,94.0,4.0,0.14894612,2,16,7,0,,,,0.40928334,0.0,0.0,0.0,277.67084
0.5,0.21,0.21,0.5,11.1,90.0,37.0,1.0,0.15444303,2,17,7,0,,,,0.38538334,0.0,0.0,0.0,16.925
0.5,0.21,0.21,0.5,10.6,93.0,10.0,0.0,0.15927099,2,18,7,0,,,,0.38781667,0.0,0.0,0.0,0.0
0.5,0.21,0.21,0.5,10.6,100.0,0.0,0.0,0.15731005,2,19,7,0,,,,0.39171666,0.0,0.0,0.0,0.0
0.5,0.21,0.21,0.5,11.1,96.0,0.0,0.0,0.15609111,2,20,7,0,,,,1.4677167,0.0,0.0,0.0,0.0
0.21,0.21,0.21,0.21,11.1,93.0,0.0,0.0,0.15513165,2,21,7,0,,,,1.5047166,0.0,0.0,0.0,0.0
0.21,0.21,0.21,0.21,11.1,96.0,0.0,0.0,0.14189635,2,22,7,0,,,,1.5295833,0.0,0.0,0.0,0.0
0.21,0.21,0.21,0.21,11.1,96.0,0.0,0.0,0.13415226,2,23,7,0,,,,1.5810833,0.0,0.0,0.0,0.0
0.21,0.21,0.21,0.21,10.6,80.0,0.0,0.0,0.13933067,2,24,7,0,,,,1.2629417,0.0,0.0,0.0,0.0
0.21,0.21,0.21,0.21,11.1,90.0,0.0,0.0,0.13775791,2,1,1,0,,,,0.80738336,0.0,0.0,0.0,0.0
0.21,0.21,0.21,0.21,10.6,93.0,0.0,0.0,0.13640118,2,2,1,0,,,,0.40873334,0.0,0.0,0.0,0.0
0.21,0.21,0.21,0.21,9.4,93.0,0.0,0.0,0.13420047,2,3,1,0,,,,0.4011,0.0,0.0,0.0,0.0
0.21,0.21,0.5,0.21,9.4,100.0,0.0,0.0,0.13759212,2,4,1,0,,,,1.0101,0.0,0.0,0.0,0.0
0.21,0.21,0.5,0.21,9.4,100.0,0.0,0.0,0.140874,2,5,1,0,,,,0.87668335,0.0,0.0,0.0,0.0
0.21,0.21,0.5,0.21,9.4,93.0,0.0,0.0,0.15617725,2,6,1,0,,,,0.6590667,0.0,0.0,0.0,0.0
0.21,0.21,0.5,0.21,9.4,93.0,4.0,6.0,0.16353054,2,7,1,0,,,,0.89075,0.0,0.0,0.0,14.829166
0.21,0.21,0.5,0.21,9.4,96.0,24.0,3.0,0.16239558,2,8,1,0,,,,0.6969333,0.0,0.0,0.0,62.004166
0.21,0.21,0.21,0.21,10.0,93.0,176.0,74.0,0.16033992,2,9,1,0,,,,0.52778333,0.0,0.0,0.0,229.79167
0.21,0.5,0.21,0.21,11.7,86.0,399.0,285.0,0.15940693,2,10,1,0,,,,0.5799417,0.0,0.0,0.0,384.58957
0.21,0.5,0.21,0.21,12.2,86.0,566.0,537.0,0.16041662,2,11,1,0,,,,0.59445,0.0,0.0,0.0,501.10416
0.21,0.5,0.21,0.21,13.9,78.0,525.0,472.0,0.16417935,2,12,1,0,,,,0.5524833,0.0,0.0,0.0,562.1625
0.21,0.5,0.21,0.21,14.4,81.0,650.0,736.0,0.1629482,2,13,1,0,,,,0.4073,0.0,0.0,0.0,452.25
0.21,0.5,0.21,0.21,14.4,75.0,396.0,244.0,0.16302516,2,14,1,0,,,,0.40823334,0.0,0.0,0.0,519.9083
0.21,0.21,0.21,0.21,15.0,72.0,246.0,139.0,0.16180913,2,15,1,0,,,,0.7715167,0.0,0.0,0.0,444.54166
0.5,0.21,0.21,0.5,14.4,70.0,205.0,212.0,0.16382846,2,16,1,0,,,,0.5416833,0.0,0.0,0.0,136.14166
0.5,0.21,0.21,0.5,14.4,65.0,159.0,493.0,0.17666763,2,17,1,0,,,,0.83103335,0.0,0.0,0.0,9.95
0.5,0.21,0.21,0.5,13.9,69.0,23.0,56.0,0.18770316,2,18,1,0,,,,1.0816833,0.0,0.0,0.0,0.0
0.5,0.21,0.21,0.5,13.3,72.0,0.0,0.0,0.18324624,2,19,1,0,,,,0.9368,0.0,0.0,0.0,0.0
0.5,0.21,0.21,0.5,13.3,67.0,0.0,0.0,0.18277135,2,20,1,0,,,,1.30805,0.0,0.0,0.0,0.0
0.21,0.21,0.21,0.21,12.8,69.0,0.0,0.0,0.18255284,2,21,1,0,,,,1.2606,0.0,0.0,0.0,0.0
0.21,0.21,0.21,0.21,11.7,77.0,0.0,0.0,0.16909483,2,22,1,0,,,,1.3385667,0.0,0.0,0.0,0.0
0.21,0.21,0.21,0.21,11.7,77.0,0.0,0.0,0.16165148,2,23,1,0,,,,1.2605166,0.0,0.0,0.0,0.0
0.21,0.21,0.21,0.21,11.7,62.0,0.0,0.0,0.1587282,2,24,1,0,,,,0.9784,0.0,0.0,0.0,0.0
0.21,0.21,0.21,0.21,10.0,77.0,0.0,0.0,0.15461816,2,1,2,0,,,,0.49331668,0.0,0.0,0.0,0.0
0.21,0.21,0.21,0.21,10.0,71.0,0.0,0.0,0.15539065,2,2,2,0,,,,0.48968333,0.0,0.0,0.0,0.0
0.21,0.21,0.21,0.21,8.3,83.0,0.0,0.0,0.1537576,2,3,2,0,,,,0.48696667,0.0,0.0,0.0,0.0
0.21,0.21,0.5,0.21,8.3,83.0,0.0,0.0,0.15744689,2,4,2,0,,,,0.48791668,0.0,0.0,0.0,0.0
0.21,0.21,0.5,0.21,7.2,83.0,0.0,0.0,0.1666894,2,5,2,0,,,,0.48728332,0.0,0.0,0.0,0.0
0.21,0.21,0.5,0.21,6.7,89.0,0.0,0.0,0.17543584,2,6,2,0,,,,0.9548,0.0,0.0,0.0,0.0
0.21,0.21,0.5,0.21,7.2,86.0,7.0,4.0,0.17475945,2,7,2,0,,,,0.99025,0.0,0.0,0.0,31.558332
0.21,0.21,0.5,0.21,9.4,80.0,91.0,262.0,0.1675329,2,8,2,0,,,,0.55911666,0.0,0.0,0.0,97.8
0.21,0.21,0.21,0.21,10.6,83.0,277.0,556.0,0.16915642,2,9,2,0,,,,0.4012,0.0,0.0,0.0,289.90833
0.21,0.5,0.21,0.21,13.3,67.0,463.0,698.0,0.17187615,2,10,2,0,,,,0.4039,0.0,0.0,0.0,408.3875
0.21,0.5,0.21,0.21,14.4,62.0,599.0,763.0,0.16940585,2,11,2,0,,,,0.52595,0.0,0.0,0.0,505.77917
0.21,0.5,0.21,0.21,15.6,58.0,682.0,803.0,0.16355152,2,12,2,0,,,,0.6423,0.0,0.0,0.0,571.3417
0.21,0.5,0.21,0.21,15.6,62.0,690.0,803.0,0.15757051,2,13,2,0,,,,0.6314167,0.0,0.0,0.0,590.3625
0.21,0.5,0.21,0.21,15.6,60.0,628.0,778.0,0.15426885,2,14,2,0,,,,0.6333,0.0,0.0,0.0,558.0
0.21,0.21,0.21,0.21,16.1,58.0,506.0,702.0,0.15907843,2,15,2,0,,,,0.69515,0.0,0.0,0.0,460.31668
0.5,0.21,0.21,0.5,16.1,63.0,331.0,586.0,0.16142704,2,16,2,0,,,,0.8138,0.0,0.0,0.0,283.375
0.5,0.21,0.21,0.5,15.6,60.0,136.0,361.0,0.16665706,2,17,2,0,,,,0.6131333,0.0,0.0,0.0,22.9875
0.5,0.21,0.21,0.5,15.0,62.0,22.0,28.0,0.1736571,2,18,2,0,,,,0.89753336,0.0,0.0,0.0,0.0
0.5,0.21,0.21,0.5,15.0,44.0,0.0,0.0,0.17145534,2,19,2,0,,,,0.89521664,0.0,0.0,0.0,0.0
0.5,0.21,0.21,0.5,14.4,44.0,0.0,0.0,0.16816567,2,20,2,0,,,,1.0618833,0.0,0.0,0.0,0.0
0.21,0.21,0.21,0.21,13.9,46.0,0.0,0.0,0.1624407,2,21,2,0,,,,1.2328167,0.0,0.0,0.0,0.0
0.21,0.21,0.21,0.21,12.8,51.0,0.0,0.0,0.14458911,2,22,2,0,,,,1.3156667,0.0,0.0,0.0,0.0
0.21,0.21,0.21,0.21,12.2,57.0,0.0,0.0,0.14096637,2,23,2,0,,,,0.86165,0.0,0.0,0.0,0.0
0.21,0.21,0.21,0.21,13.3,44.0,0.0,0.0,0.14691563,2,24,2,0,,,,0.911575,0.0,0.0,0.0,0.0
0.21,0.21,0.21,0.21,11.1,61.0,0.0,0.0,0.14991675,2,1,3,0,,,,0.5463,0.0,0.0,0.0,0.0
0.21,0.21,0.21,0.21,10.0,66.0,0.0,0.0,0.14979807,2,2,3,0,,,,0.49315,0.0,0.0,0.0,0.0
0.21,0.21,0.21,0.21,8.9,71.0,0.0,0.0,0.1502159,2,3,3,0,,,,0.4887,0.0,0.0,0.0,0.0
0.21,0.21,0.5,0.21,8.3,74.0,0.0,0.0,0.14990124,2,4,3,0,,,,0.48858333,0.0,0.0,0.0,0.0
0.21,0.21,0.5,0.21,8.3,77.0,0.0,0.0,0.15676984,2,5,3,0,,,,0.4838,0.0,0.0,0.0,0.0
0.21,0.21,0.5,0.21,8.9,71.0,0.0,0.0,0.1693887,2,6,3,0,,,,0.7584,0.0,0.0,0.0,0.0
0.21,0.21,0.5,0.21,8.9,71.0,11.0,25.0,0.17359349,2,7,3,0,,,,0.84746665,0.0,0.0,0.0,18.008333
0.21,0.21,0.5,0.21,10.6,66.0,96.0,271.0,0.1665385,2,8,3,0,,,,0.55111665,0.0,0.0,0.0,79.245834
0.21,0.21,0.21,0.21,12.8,69.0,196.0,335.0,0.15970528,2,9,3,0,,,,0.40088335,0.0,0.0,0.0,242.67084
0.21,0.5,0.21,0.21,14.4,67.0,456.0,721.0,0.15668814,2,10,3,0,,,,0.40846667,0.0,0.0,0.0,405.3125
0.21,0.5,0.21,0.21,15.6,62.0,633.0,893.0,0.15802531,2,11,3,0,,,,0.40841666,0.0,0.0,0.0,474.6
0.21,0.5,0.21,0.21,15.6,62.0,706.0,898.0,0.15304917,2,12,3,0,,,,0.61828333,0.0,0.0,0.0,560.12915
0.21,0.5,0.21,0.21,15.6,62.0,716.0,903.0,0.15515782,2,13,3,0,,,,0.6153,0.0,0.0,0.0,573.61664
0.21,0.5,0.21,0.21,15.6,62.0,658.0,908.0,0.15529494,2,14,3,0,,,,0.58933336,0.0,0.0,0.0,530.6583
0.21,0.21,0.21,0.21,15.6,62.0,537.0,867.0,0.1629427,2,15,3,0,,,,0.58998334,0.0,0.0,0.0,444.21667
0.5,0.21,0.21,0.5,15.6,65.0,361.0,777.0,0.16390032,2,16,3,0,,,,0.59783334,0.0,0.0,0.0,220.51666
0.5,0.21,0.21,0.5,15.0,70.0,114.0,133.0,0.17118695,2,17,3,0,,,,0.7542667,0.0,0.0,0.0,6.366667
0.5,0.21,0.21,0.5,14.4,78.0,26.0,75.0,0.17341475,2,18,3,0,,,,1.1482,0.0,0.0,0.0,0.0
0.5,0.21,0.21,0.5,13.3,83.0,0.0,0.0,0.17154539,2,19,3,0,,,,1.2777833,0.0,0.0,0.0,0.0
0.5,0.21,0.21,0.5,13.3,87.0,0.0,0.0,0.17129041,2,20,3,0,,,,1.44065,0.0,0.0,0.0,0.0
0.21,0.21,0.21,0.21,13.3,47.0,0.0,0.0,0.17473441,2,21,3,0,,,,1.0821167,0.0,0.0,0.0,0.0
0.21,0.21,0.21,0.21,13.3,45.0,0.0,0.0,0.16686341,2,22,3,0,,,,0.7684,0.0,0.0,0.0,0.0
0.21,0.21,0.21,0.21,13.3,47.0,0.0,0.0,0.15503329,2,23,3,0,,,,0.7385,0.0,0.0,0.0,0.0
0.21,0.21,0.21,0.21,12.8,53.0,0.0,0.0,0.15316945,2,24,3,0,,,,0.7493917,0.0,0.0,0.0,0.0
0.21,0.21,0.21,0.21,12.8,45.0,0.0,0.0,0.15250544,2,1,4,0,,,,0.53346664,0.0,0.0,0.0,0.0
0.21,0.21,0.21,0.21,12.8,43.0,0.0,0.0,0.15029317,2,2,4,0,,,,0.5122333,0.0,0.0,0.0,0.0
0.21,0.21,0.21,0.21,12.8,43.0,0.0,0.0,0.1518711,2,3,4,0,,,,0.5118833,0.0,0.0,0.0,0.0
0.21,0.21,0.5,0.21,12.2,47.0,0.0,0.0,0.15101355,2,4,4,0,,,,0.5098,0.0,0.0,0.0,0.0
0.21,0.21,0.5,0.21,11.7,49.0,0.0,0.0,0.16021425,2,5,4,0,,,,0.50835,0.0,0.0,0.0,0.0
0.21,0.21,0.5,0.21,11.7,45.0,0.0,0.0,0.1699563,2,6,4,0,,,,0.81311667,0.0,0.0,0.0,0.0
0.21,0.21,0.5,0.21,11.1,47.0,9.0,10.0,0.17472887,2,7,4,0,,,,0.93448335,0.0,0.0,0.0,17.979166
0.21,0.21,0.5,0.21,11.7,49.0,93.0,278.0,0.17562066,2,8,4,0,,,,1.0642166,0.0,0.0,0.0,84.09583
0.21,0.21,0.21,0.21,13.9,44.0,280.0,552.0,0.17578083,2,9,4,0,,,,1.5999666,0.0,0.0,0.0,238.33333
0.21,0.5,0.21,0.21,15.0,39.0,480.0,734.0,0.17427719,2,10,4,0,,,,0.84613335,0.0,0.0,0.0,410.7125
0.21,0.5,0.21,0.21,17.2,33.0,613.0,794.0,0.17243296,2,11,4,0,,,,0.53531665,0.0,0.0,0.0,452.225
0.21,0.5,0.21,0.21,17.8,28.0,707.0,848.0,0.16999966,2,12,4,0,,,,0.32081667,0.0,0.0,0.0,390.73334
0.21,0.5,0.21,0.21,18.9,25.0,685.0,787.0,0.16788383,2,13,4,0,,,,0.31768334,0.0,0.0,0.0,376.1125
0.21,0.5,0.21,0.21,18.9,39.0,639.0,799.0,0.16575618,2,14,4,0,,,,0.31966665,0.0,0.0,0.0,435.90417
0.21,0.21,0.21,0.21,17.8,40.0,507.0,705.0,0.16443934,2,15,4,0,,,,0.3885,0.0,0.0,0.0,345.29166
0.5,0.21,0.21,0.5,16.1,56.0,329.0,494.0,0.16610341,2,16,4,0,,,,0.69768333,0.0,0.0,0.0,159.4125
0.5,0.21,0.21,0.5,15.6,54.0,149.0,398.0,0.17093068,2,17,4,0,,,,0.58215,0.0,0.0,0.0,7.0041666
0.5,0.21,0.21,0.5,14.4,58.0,25.0,47.0,0.17585737,2,18,4,0,,,,0.9173667,0.0,0.0,0.0,0.0
0.5,0.21,0.21,0.5,14.4,72.0,0.0,0.0,0.17689763,2,19,4,0,,,,0.93833333,0.0,0.0,0.0,0.0
0.5,0.21,0.21,0.5,14.4,72.0,0.0,0.0,0.17532906,2,20,4,0,,,,0.8935,0.0,0.0,0.0,0.0
0.21,0.21,0.21,0.21,13.9,60.0,0.0,0.0,0.17259687,2,21,4,0,,,,1.06955,0.0,0.0,0.0,0.0
0.21,0.21,0.21,0.21,13.3,47.0,0.0,0.0,0.15983625,2,22,4,0,,,,1.1012167,0.0,0.0,0.0,0.0
0.21,0.21,0.21,0.21,12.8,51.0,0.0,0.0,0.14930801,2,23,4,0,,,,1.1463333,0.0,0.0,0.0,0.0
0.21,0.21,0.21,0.21,13.3,53.0,0.0,0.0,0.1456687,2,24,4,0,,,,1.15135,0.0,0.0,0.0,0.0
0.21,0.21,0.21,0.21,12.8,53.0,0.0,0.0,0.146571,2,1,5,0,,,,0.73448336,0.0,0.0,0.0,0.0
0.21,0.21,0.21,0.21,10.0,69.0,0.0,0.0,0.14609021,2,2,5,0,,,,0.41875,0.0,0.0,0.0,0.0
0.21,0.21,0.21,0.21,9.4,74.0,0.0,0.0,0.14397477,2,3,5,0,,,,0.4141,0.0,0.0,0.0,0.0
0.21,0.21,0.5,0.21,10.0,69.0,0.0,0.0,0.14541808,2,4,5,0,,,,0.41325,0.0,0.0,0.0,0.0
0.21,0.21,0.5,0.21,9.4,71.0,0.0,0.0,0.15725799,2,5,5,0,,,,0.41435,0.0,0.0,0.0,0.0
0.21,0.21,0.5,0.21,8.9,74.0,0.0,0.0,0.16691068,2,6,5,0,,,,0.73148334,0.0,0.0,0.0,0.0
0.21,0.21,0.5,0.21,10.0,69.0,11.0,29.0,0.17638542,2,7,5,0,,,,0.90025,0.0,0.0,0.0,48.291668
0.21,0.21,0.5,0.21,11.1,66.0,114.0,437.0,0.17075518,2,8,5,0,,,,0.41133332,0.0,0.0,0.0,83.1375
0.21,0.21,0.21,0.21,13.3,55.0,314.0,707.0,0.16985711,2,9,5,0,,,,0.31358334,0.0,0.0,0.0,59.520832
0.21,0.5,0.21,0.21,16.1,41.0,503.0,825.0,0.16928531,2,10,5,0,,,,0.5165167,0.0,0.0,0.0,77.95417
0.21,0.5,0.21,0.21,17.8,37.0,644.0,883.0,0.1645,2,11,5,0,,,,0.54651666,0.0,0.0,0.0,50.804165
0.21,0.5,0.21,0.21,18.3,50.0,712.0,893.0,0.16199355,2,12,5,0,,,,0.53903335,0.0,0.0,0.0,22.058332
0.21,0.5,0.21,0.21,18.3,45.0,725.0,901.0,0.16134164,2,13,5,0,,,,0.53463334,0.0,0.0,0.0,13.075
0.21,0.5,0.21,0.21,18.3,52.0,664.0,881.0,0.16090867,2,14,5,0,,,,0.53931665,0.0,0.0,0.0,14.358334
0.21,0.21,0.21,0.21,17.8,63.0,502.0,702.0,0.16306953,2,15,5,0,,,,1.0453833,0.0,0.0,0.0,0.0
0.5,0.21,0.21,0.5,17.2,68.0,285.0,240.0,0.16711071,2,16,5,0,,,,1.31625,0.0,0.0,0.0,0.0
0.5,0.21,0.21,0.5,16.7,65.0,141.0,263.0,0.17291208,2,17,5,0,,,,1.4115778,0.0,0.0,0.0,3.0583334
0.5,0.21,0.21,0.5,15.6,65.0,29.0,82.0,0.17909065,2,18,5,0,,,,0.69423336,0.0,0.0,0.0,0.0
0.5,0.21,0.21,0.5,16.1,43.0,0.0,0.0,0.17330128,2,19,5,0,,,,1.8650167,0.0,0.0,0.0,0.0
0.5,0.21,0.21,0.5,15.6,62.0,0.0,0.0,0.17429627,2,20,5,0,,,,0.9159667,0.0,0.0,0.0,0.0
0.21,0.21,0.21,0.21,15.0,65.0,0.0,0.0,0.16089618,2,21,5,0,,,,3.51415,0.0,0.0,0.0,0.0
0.21,0.21,0.21,0.21,14.4,62.0,0.0,0.0,0.13983415,2,22,5,0,,,,2.7096834,0.0,0.0,0.0,0.0
0.21,0.21,0.21,0.21,13.9,51.0,0.0,0.0,0.137464,2,23,5,0,,,,0.5883167,0.0,0.0,0.0,0.0
0.21,0.21,0.21,0.21,12.2,80.0,0.0,0.0,0.118715495,2,24,5,0,,,,0.42106667,0.0,0.0,0.0,0.0
0.21,0.21,0.21,0.21,11.7,64.0,0.0,0.0,0.1192095,2,1,6,0,,,,0.46228334,0.0,0.0,0.0,0.0
0.21,0.21,0.21,0.21,11.1,61.0,0.0,0.0,0.120227255,2,2,6,0,,,,0.64355,0.0,0.0,0.0,0.0
0.21,0.21,0.21,0.21,10.6,57.0,0.0,0.0,0.11708533,2,3,6,0,,,,0.6393333,0.0,0.0,0.0,0.0
0.21,0.21,0.5,0.21,10.0,57.0,0.0,0.0,0.123214304,2,4,6,0,,,,1.4324,0.0,0.0,0.0,0.0
0.21,0.21,0.5,0.21,10.0,57.0,0.0,0.0,0.12197945,2,5,6,0,,,,0.7134,0.0,0.0,0.0,0.0
0.21,0.21,0.5,0.21,10.0,54.0,0.0,0.0,0.12343778,2,6,6,0,,,,0.9741833,0.0,0.0,0.0,0.0
0.21,0.21,0.5,0.21,9.4,59.0,12.0,22.0,0.13008939,2,7,6,0,,,,1.6223167,0.0,0.0,0.0,3.8458333
0.21,0.21,0.5,0.21,12.2,49.0,114.0,406.0,0.1403916,2,8,6,0,,,,0.45713332,0.0,0.0,0.0,83.78333
0.21,0.21,0.21,0.21,15.0,44.0,313.0,675.0,0.13456984,2,9,6,0,,,,1.1563333,0.0,0.0,0.0,143.75833
0.21,0.5,0.21,0.21,17.2,35.0,504.0,802.0,0.12525858,2,10,6,0,,,,0.42336667,0.0,0.0,0.0,254.70833
0.21,0.5,0.21,0.21,18.3,37.0,643.0,857.0,0.1271861,2,11,6,0,,,,0.91791666,0.0,0.0,0.0,403.0125
0.21,0.5,0.21,0.21,19.4,35.0,718.0,879.0,0.12865853,2,12,6,0,,,,1.0948167,0.0,0.0,0.0,157.76666
0.21,0.5,0.21,0.21,19.4,36.0,729.0,884.0,0.13001189,2,13,6,0,,,,2.5751333,0.0,0.0,0.0,115.42083
0.21,0.5,0.21,0.21,19.4,35.0,670.0,846.0,0.12824707,2,14,6,0,,,,3.1808333,0.0,0.0,0.0,191.95416
0.21,0.21,0.21,0.21,19.4,35.0,514.0,660.0,0.12189934,2,15,6,0,,,,0.93446666,0.0,0.0,0.0,105.75
0.5,0.21,0.21,0.5,18.9,36.0,320.0,463.0,0.11905559,2,16,6,0,,,,0.77161664,0.0,0.0,0.0,71.25833
0.5,0.21,0.21,0.5,16.7,60.0,129.0,212.0,0.12562907,2,17,6,0,,,,0.76806664,0.0,0.0,0.0,0.0
0.5,0.21,0.21,0.5,15.6,62.0,27.0,36.0,0.13001575,2,18,6,0,,,,0.45554167,0.0,0.0,0.0,0.0
0.5,0.21,0.21,0.5,13.9,75.0,0.0,0.0,0.12762032,2,19,6,0,,,,1.1893333,0.0,0.0,0.0,0.0
0.5,0.21,0.21,0.5,13.9,78.0,0.0,0.0,0.12792687,2,20,6,0,,,,0.85475,0.0,0.0,0.0,0.0
0.21,0.21,0.21,0.21,13.9,80.0,0.0,0.0,0.11464768,2,21,6,0,,,,0.89321667,0.0,0.0,0.0,0.0
0.21,0.21,0.21,0.21,13.3,80.0,0.0,0.0,0.11265396,2,22,6,0,,,,0.89095,0.0,0.0,0.0,0.0
0.21,0.21,0.21,0.21,12.8,83.0,0.0,0.0,0.105288535,2,23,6,0,,,,0.5975,0.0,0.0,0.0,0.0
0.21,0.21,0.21,0.21,13.3,67.0,0.0,0.0,0.100046694,2,24,6,0,,,,0.41960666,0.0,0.0,0.0,0.0
0.21,0.21,0.21,0.21,10.6,80.0,0.0,0.0,0.11545109,2,1,7,0,,,,0.41561666,0.0,0.0,0.0,0.0
0.21,0.21,0.21,0.21,10.6,66.0,0.0,0.0,0.09618093,2,2,7,0,,,,1.2392334,0.0,0.0,0.0,0.0
0.21,0.21,0.21,0.21,10.6,66.0,0.0,0.0,0.09892547,2,3,7,0,,,,0.40358335,0.0,0.0,0.0,0.0
0.21,0.21,0.5,0.21,10.0,69.0,0.0,0.0,0.108653806,2,4,7,0,,,,1.22615,0.0,0.0,0.0,0.0
0.21,0.21,0.5,0.21,9.4,69.0,0.0,0.0,0.10961637,2,5,7,0,,,,0.40488333,0.0,0.0,0.0,0.0
0.21,0.21,0.5,0.21,9.4,66.0,0.0,0.0,0.10934062,2,6,7,0,,,,1.2396166,0.0,0.0,0.0,0.0
0.21,0.21,0.5,0.21,9.4,63.0,15.0,50.0,0.10701124,2,7,7,0,,,,1.1366833,0.0,0.0,0.0,31.5
0.21,0.21,0.5,0.21,11.7,66.0,121.0,481.0,0.10808633,2,8,7,0,,,,0.50755,0.0,0.0,0.0,49.583332
0.21,0.21,0.21,0.21,15.0,48.0,329.0,750.0,0.10683888,2,9,7,0,,,,1.3893833,0.0,0.0,0.0,145.9125
0.21,0.5,0.21,0.21,17.8,43.0,513.0,847.0,0.114603154,2,10,7,0,,,,0.96431667,0.0,0.0,0.0,136.7125
0.21,0.5,0.21,0.21,19.4,39.0,655.0,905.0,0.117581,2,11,7,0,,,,1.41315,0.0,0.0,0.0,121.775
0.21,0.5,0.21,0.21,21.1,32.0,735.0,931.0,0.11668053,2,12,7,0,,,,0.5495167,0.0,0.0,0.0,39.295834
0.21,0.5,0.21,0.21,20.0,45.0,737.0,923.0,0.10995928,2,13,7,0,,,,1.3162667,0.0,0.0,0.0,25.295834
0.21,0.5,0.21,0.21,18.9,61.0,675.0,903.0,0.10885633,2,14,7,0,,,,1.7292,0.0,0.0,0.0,13.354167
0.21,0.21,0.21,0.21,18.3,59.0,551.0,860.0,0.10931118,2,15,7,0,,,,1.7773917,0.0,0.0,0.0,8.754167
0.5,0.21,0.21,0.5,18.3,59.0,377.0,775.0,0.1119278,2,16,7,0,,,,0.84493333,0.0,0.0,0.0,13.7125
0.5,0.21,0.21,0.5,17.8,58.0,175.0,586.0,0.118797764,2,17,7,0,,,,1.51855,0.0,0.0,0.0,0.0
0.5,0.21,0.21,0.5,15.0,72.0,33.0,132.0,0.12647273,2,18,7,0,,,,1.3535334,0.0,0.0,0.0,0.0
0.5,0.21,0.21,0.5,15.0,62.0,0.0,0.0,0.13404377,2,19,7,0,,,,1.0263833,0.0,0.0,0.0,0.0
0.5,0.21,0.21,0.5,15.0,62.0,0.0,0.0,0.12758595,2,20,7,0,,,,1.70755,0.0,0.0,0.0,0.0
0.21,0.21,0.21,0.21,15.6,60.0,0.0,0.0,0.12346073,2,21,7,0,,,,0.89241666,0.0,0.0,0.0,0.0
0.21,0.21,0.21,0.21,14.4,67.0,0.0,0.0,0.10682512,2,22,7,0,,,,1.20215,0.0,0.0,0.0,0.0
0.21,0.21,0.21,0.21,13.9,69.0,0.0,0.0,0.10016568,2,23,7,0,,,,1.6414666,0.0,0.0,0.0,0.0
0.21,0.21,0.21,0.21,13.3,83.0,0.0,0.0,0.10122458,2,24,7,0,,,,0.79575,0.0,0.0,0.0,0.0
0.21,0.21,0.21,0.21,12.8,62.0,0.0,0.0,0.09713936,2,1,1,0,,,,1.0245667,0.0,0.0,0.0,0.0
0.21,0.21,0.21,0.21,12.2,64.0,0.0,0.0,0.09677165,2,2,1,0,,,,1.0678166,0.0,0.0,0.0,0.0
0.21,0.21,0.21,0.21,11.7,66.0,0.0,0.0,0.09849985,2,3,1,0,,,,0.78746665,0.0,0.0,0.0,0.0
0.21,0.21,0.5,0.21,11.1,64.0,0.0,0.0,0.09864193,2,4,1,0,,,,0.6253667,0.0,0.0,0.0,0.0
0.21,0.21,0.5,0.21,10.6,66.0,0.0,0.0,0.11214909,2,5,1,0,,,,1.2844833,0.0,0.0,0.0,0.0
0.21,0.21,0.5,0.21,10.0,69.0,0.0,0.0,0.12708789,2,6,1,0,,,,0.45275,0.0,0.0,0.0,0.0
0.21,0.21,0.5,0.21,10.0,71.0,13.0,18.0,0.13460541,2,7,1,0,,,,1.2245,0.0,0.0,0.0,54.725
0.21,0.21,0.5,0.21,12.8,67.0,116.0,365.0,0.14391282,2,8,1,0,,,,1.1526166,0.0,0.0,0.0,95.94583
0.21,0.21,0.21,0.21,16.1,56.0,314.0,635.0,0.1468931,2,9,1,0,,,,0.9811,0.0,0.0,0.0,81.67083
0.21,0.5,0.21,0.21,19.4,39.0,503.0,760.0,0.14559712,2,10,1,0,,,,0.31913334,0.0,0.0,0.0,272.37918
0.21,0.5,0.21,0.21,20.6,36.0,645.0,823.0,0.14478327,2,11,1,0,,,,3.8205333,0.0,0.0,0.0,319.675
0.21,0.5,0.21,0.21,22.2,44.0,718.0,844.0,0.14476372,2,12,1,0,,,,1.0208,0.0,0.0,0.0,390.27084
0.21,0.5,0.21,0.21,20.6,66.0,722.0,840.0,0.1453171,2,13,1,0,,,,0.96201664,0.0,0.0,0.0,305.63333
0.21,0.5,0.21,0.21,18.9,70.0,661.0,818.0,0.14479554,2,14,1,0,,,,0.65925,0.0,0.0,0.0,359.42917
0.21,0.21,0.21,0.21,18.9,65.0,539.0,771.0,0.14718184,2,15,1,0,,,,0.6537667,0.0,0.0,0.0,345.06668
0.5,0.21,0.21,0.5,18.9,51.0,363.0,671.0,0.1485846,2,16,1,0,,,,0.56338334,0.0,0.0,0.0,42.058334
0.5,0.21,0.21,0.5,18.3,54.0,163.0,454.0,0.15285303,2,17,1,0,,,,0.5254833,0.0,0.0,0.0,0.0
0.5,0.21,0.21,0.5,16.7,60.0,30.0,65.0,0.156774,2,18,1,0,,,,1.04255,0.0,0.0,0.0,0.0
0.5,0.21,0.21,0.5,15.0,78.0,0.0,0.0,0.15986699,2,19,1,0,,,,1.3563334,0.0,0.0,0.0,0.0
0.5,0.21,0.21,0.5,15.0,84.0,0.0,0.0,0.15883338,2,20,1,0,,,,1.3513167,0.0,0.0,0.0,0.0
0.21,0.21,0.21,0.21,15.0,84.0,0.0,0.0,0.15093835,2,21,1,0,,,,1.22905,0.0,0.0,0.0,0.0
0.21,0.21,0.21,0.21,14.4,84.0,0.0,0.0,0.12672876,2,22,1,0,,,,1.0434166,0.0,0.0,0.0,0.0
0.21,0.21,0.21,0.21,13.9,83.0,0.0,0.0,0.118007906,2,23,1,0,,,,0.6632,0.0,0.0,0.0,0.0
0.21,0.21,0.21,0.21,14.4,84.0,0.0,0.0,0.11758442,2,24,1,0,,,,0.56278336,0.0,0.0,0.0,0.0
0.21,0.21,0.21,0.21,12.8,86.0,0.0,0.0,0.116062894,2,1,2,0,,,,0.5143667,0.0,0.0,0.0,0.0
0.21,0.21,0.21,0.21,12.2,86.0,0.0,0.0,0.11052561,2,2,2,0,,,,0.5143667,0.0,0.0,0.0,0.0
0.21,0.21,0.21,0.21,11.7,83.0,0.0,0.0,0.11246277,2,3,2,0,,,,0.51171666,0.0,0.0,0.0,0.0
0.21,0.21,0.5,0.21,11.7,83.0,0.0,0.0,0.11574104,2,4,2,0,,,,0.96638334,0.0,0.0,0.0,0.0
0.21,0.21,0.5,0.21,10.6,80.0,0.0,0.0,0.12808064,2,5,2,0,,,,0.8746,0.0,0.0,0.0,0.0
0.21,0.21,0.5,0.21,10.0,83.0,0.0,0.0,0.13909313,2,6,2,0,,,,0.777,0.0,0.0,0.0,0.0
0.21,0.21,0.5,0.21,10.0,80.0,18.0,72.0,0.1385393,2,7,2,0,,,,1.0759667,0.0,0.0,0.0,54.304165
0.21,0.21,0.5,0.21,13.3,69.0,135.0,547.0,0.14141819,2,8,2,0,,,,0.57776666,0.0,0.0,0.0,113.1
0.21,0.21,0.21,0.21,17.2,58.0,340.0,773.0,0.14373259,2,9,2,0,,,,0.42021668,0.0,0.0,0.0,146.0625
0.21,0.5,0.21,0.21,20.6,42.0,529.0,874.0,0.14873524,2,10,2,0,,,,1.1613834,0.0,0.0,0.0,152.93333
0.21,0.5,0.21,0.21,22.8,37.0,666.0,909.0,0.14906484,2,11,2,0,,,,0.42396668,0.0,0.0,0.0,305.68332
0.21,0.5,0.21,0.21,20.6,61.0,736.0,930.0,0.15063873,2,12,2,0,,,,0.43003333,0.0,0.0,0.0,422.57916
0.21,0.5,0.21,0.21,19.4,70.0,747.0,913.0,0.15199843,2,13,2,0,,,,0.42243335,0.0,0.0,0.0,335.92917
0.21,0.5,0.21,0.21,19.4,59.0,690.0,901.0,0.15343748,2,14,2,0,,,,0.4119,0.0,0.0,0.0,201.85417
0.21,0.21,0.21,0.21,19.4,66.0,523.0,802.0,0.15465575,2,15,2,0,,,,0.47043332,0.0,0.0,0.0,99.229164
0.5,0.21,0.21,0.5,19.4,66.0,324.0,473.0,0.15924048,2,16,2,0,,,,0.5863,0.0,0.0,0.0,36.741665
0.5,0.21,0.21,0.5,17.8,75.0,172.0,448.0,0.16134387,2,17,2,0,,,,0.8023,0.0,0.0,0.0,0.0
0.5,0.21,0.21,0.5,16.1,84.0,35.0,128.0,0.15889789,2,18,2,0,,,,1.3722,0.0,0.0,0.0,0.0
0.5,0.21,0.21,0.5,15.6,84.0,0.0,0.0,0.15579472,2,19,2,0,,,,1.0478667,0.0,0.0,0.0,0.0
0.5,0.21,0.21,0.5,15.0,84.0,0.0,0.0,0.15779658,2,20,2,0,,,,0.79683334,0.0,0.0,0.0,0.0
0.21,0.21,0.21,0.21,15.0,90.0,0.0,0.0,0.15118001,2,21,2,0,,,,0.80943334,0.0,0.0,0.0,0.0
0.21,0.21,0.21,0.21,15.0,84.0,0.0,0.0,0.12695584,2,22,2,0,,,,1.1824334,0.0,0.0,0.0,0.0
0.21,0.21,0.21,0.21,14.4,87.0,0.0,0.0,0.12161683,2,23,2,0,,,,1.1028334,0.0,0.0,0.0,0.0
0.21,0.21,0.21,0.21,15.0,70.0,0.0,0.0,0.1145005,2,24,2,0,,,,0.84503335,0.0,0.0,0.0,0.0
0.21,0.21,0.21,0.21,15.0,70.0,0.0,0.0,0.1169061,2,1,3,0,,,,0.80971664,0.0,0.0,0.0,0.0
0.21,0.21,0.21,0.21,14.4,65.0,0.0,0.0,0.11578412,2,2,3,0,,,,1.0491667,0.0,0.0,0.0,0.0
0.21,0.21,0.21,0.21,13.9,64.0,0.0,0.0,0.117283694,2,3,3,0,,,,0.7607,0.0,0.0,0.0,0.0
0.21,0.21,0.5,0.21,12.8,64.0,0.0,0.0,0.1215404,2,4,3,0,,,,1.0796833,0.0,0.0,0.0,0.0
0.21,0.21,0.5,0.21,12.8,62.0,0.0,0.0,0.1365033,2,5,3,0,,,,1.1279833,0.0,0.0,0.0,0.0
0.21,0.21,0.5,0.21,12.8,57.0,0.0,0.0,0.1518764,2,6,3,0,,,,0.7599,0.0,0.0,0.0,0.0
0.21,0.21,0.5,0.21,13.3,53.0,11.0,6.0,0.15288119,2,7,3,0,,,,0.89575,0.0,0.0,0.0,26.475
0.21,0.21,0.5,0.21,16.7,48.0,113.0,284.0,0.15333357,2,8,3,0,,,,1.5077833,0.0,0.0,0.0,102.995834
0.21,0.21,0.21,0.21,19.4,42.0,307.0,552.0,0.15850247,2,9,3,0,,,,0.40731665,0.0,0.0,0.0,247.29584
0.21,0.5,0.21,0.21,21.7,34.0,500.0,694.0,0.16005163,2,10,3,0,,,,0.40901667,0.0,0.0,0.0,311.33334
0.21,0.5,0.21,0.21,23.9,32.0,640.0,759.0,0.16017136,2,11,3,0,,,,0.42206666,0.0,0.0,0.0,507.79584
0.21,0.5,0.21,0.21,25.6,29.0,718.0,788.0,0.15960574,2,12,3,0,,,,0.41061667,0.0,0.0,0.0,390.5125
0.21,0.5,0.21,0.21,24.4,40.0,719.0,779.0,0.15554906,2,13,3,0,,,,0.468,0.0,0.0,0.0,541.1667
0.21,0.5,0.21,0.21,22.8,41.0,663.0,764.0,0.15491739,2,14,3,0,,,,0.64745,0.0,0.0,0.0,430.475
0.21,0.21,0.21,0.21,22.2,38.0,537.0,710.0,0.15656239,2,15,3,0,,,,0.64485,0.0,0.0,0.0,173.1625
0.5,0.21,0.21,0.5,21.1,49.0,356.0,594.0,0.1661961,2,16,3,0,,,,0.6228167,0.0,0.0,0.0,77.975
0.5,0.21,0.21,0.5,20.0,55.0,158.0,369.0,0.16721791,2,17,3,0,,,,0.70196664,0.0,0.0,0.0,0.0
0.5,0.21,0.21,0.5,17.8,63.0,29.0,38.0,0.16843803,2,18,3,0,,,,1.1235,0.0,0.0,0.0,0.0
0.5,0.21,0.21,0.5,16.7,65.0,0.0,0.0,0.16278921,2,19,3,0,,,,3.6875,0.0,0.0,0.0,0.0
0.5,0.21,0.21,0.5,16.7,70.0,0.0,0.0,0.16319491,2,20,3,0,,,,3.0670166,0.0,0.0,0.0,0.0
0.21,0.21,0.21,0.21,15.6,81.0,0.0,0.0,0.14880927,2,21,3,0,,,,3.7311332,0.0,0.0,0.0,0.0
0.21,0.21,0.21,0.21,15.6,78.0,0.0,0.0,0.122715354,2,22,3,0,,,,1.2526166,0.0,0.0,0.0,0.0
0.21,0.21,0.21,0.21,15.6,72.0,0.0,0.0,0.11940426,2,23,3,0,,,,1.2734166,0.0,0.0,0.0,0.0
0.21,0.21,0.21,0.21,12.8,90.0,0.0,0.0,0.10955856,2,24,3,0,,,,1.5879084,0.0,0.0,0.0,0.0
0.21,0.21,0.21,0.21,15.0,65.0,0.0,0.0,0.109059855,2,1,4,0,,,,1.4985167,0.0,0.0,0.0,0.0
0.21,0.21,0.21,0.21,14.4,60.0,0.0,0.0,0.11060919,2,2,4,0,,,,1.1336,0.0,0.0,0.0,0.0
0.21,0.21,0.21,0.21,14.4,53.0,0.0,0.0,0.110978745,2,3,4,0,,,,1.2307,0.0,0.0,0.0,0.0
0.21,0.21,0.5,0.21,13.3,57.0,0.0,0.0,0.11095267,2,4,4,0,,,,1.5716333,0.0,0.0,0.0,0.0
0.21,0.21,0.5,0.21,11.7,77.0,0.0,0.0,0.11670447,2,5,4,0,,,,1.6591333,0.0,0.0,0.0,0.0
0.21,0.21,0.5,0.21,11.1,83.0,0.0,0.0,0.13420428,2,6,4,0,,,,1.9406166,0.0,0.0,0.0,0.0
0.21,0.21,0.5,0.21,12.2,93.0,11.0,1.0,0.12956414,2,7,4,0,,,,0.95608336,0.0,0.0,0.0,24.154167
0.21,0.21,0.5,0.21,13.3,93.0,108.0,246.0,0.13291347,2,8,4,0,,,,1.3409667,0.0,0.0,0.0,92.70417
0.21,0.21,0.21,0.21,14.4,90.0,292.0,468.0,0.13561517,2,9,4,0,,,,0.41673332,0.0,0.0,0.0,278.87918
0.21,0.5,0.21,0.21,16.7,81.0,477.0,658.0,0.13401453,2,10,4,0,,,,0.425,0.0,0.0,0.0,441.2125
0.21,0.5,0.21,0.21,16.7,84.0,626.0,757.0,0.13479021,2,11,4,0,,,,0.43296668,0.0,0.0,0.0,549.45
0.21,0.5,0.21,0.21,16.7,84.0,677.0,672.0,0.13649547,2,12,4,0,,,,0.43666667,0.0,0.0,0.0,615.0
0.21,0.5,0.21,0.21,16.1,87.0,701.0,764.0,0.13911963,2,13,4,0,,,,0.41668335,0.0,0.0,0.0,628.19165
0.21,0.5,0.21,0.21,16.1,84.0,534.0,433.0,0.13877787,2,14,4,0,,,,0.6349667,0.0,0.0,0.0,585.0
0.21,0.21,0.21,0.21,15.6,84.0,464.0,422.0,0.13915254,2,15,4,0,,,,0.647,0.0,0.0,0.0,420.35
0.5,0.21,0.21,0.5,15.0,87.0,228.0,200.0,0.14095797,2,16,4,0,,,,0.77935,0.0,0.0,0.0,234.5125
0.5,0.21,0.21,0.5,13.9,87.0,98.0,48.0,0.1423716,2,17,4,0,,,,2.53015,0.0,0.0,0.0,39.679165
0.5,0.21,0.21,0.5,13.3,90.0,18.0,0.0,0.14665116,2,18,4,0,,,,1.5413458,0.0,0.0,0.0,1.5
0.5,0.21,0.21,0.5,12.8,93.0,0.0,0.0,0.14632718,2,19,4,0,,,,1.7468834,0.0,0.0,0.0,0.0
0.5,0.21,0.21,0.5,12.8,93.0,0.0,0.0,0.14115982,2,20,4,0,,,,2.0238166,0.0,0.0,0.0,0.0
0.21,0.21,0.21,0.21,12.8,93.0,0.0,0.0,0.1329539,2,21,4,0,,,,1.913,0.0,0.0,0.0,0.0
0.21,0.21,0.21,0.21,12.8,93.0,0.0,0.0,0.108938605,2,22,4,0,,,,1.3734167,0.0,0.0,0.0,0.0
0.21,0.21,0.21,0.21,12.8,93.0,0.0,0.0,0.10531677,2,23,4,0,,,,1.1444666,0.0,0.0,0.0,0.0
0.21,0.21,0.21,0.21,11.7,90.0,0.0,0.0,0.1054366,2,24,4,0,,,,0.86661667,0.0,0.0,0.0,0.0
0.21,0.21,0.21,0.21,12.8,90.0,0.0,0.0,0.102498464,2,1,5,0,,,,0.5299,0.0,0.0,0.0,0.0
0.21,0.21,0.21,0.21,12.8,90.0,0.0,0.0,0.10325389,2,2,5,0,,,,0.52925,0.0,0.0,0.0,0.0
0.21,0.21,0.21,0.21,12.8,90.0,0.0,0.0,0.10369381,2,3,5,0,,,,1.6117166,0.0,0.0,0.0,0.0
0.21,0.21,0.5,0.21,12.8,90.0,0.0,0.0,0.1068943,2,4,5,0,,,,1.1257666,0.0,0.0,0.0,0.0
0.21,0.21,0.5,0.21,12.8,86.0,0.0,0.0,0.11801029,2,5,5,0,,,,1.2273834,0.0,0.0,0.0,0.0
0.21,0.21,0.5,0.21,12.8,86.0,0.0,0.0,0.13846791,2,6,5,0,,,,1.5339667,0.0,0.0,0.0,0.0
0.21,0.21,0.5,0.21,12.8,83.0,11.0,0.0,0.14404018,2,7,5,0,,,,1.89435,0.0,0.0,0.0,25.295834
0.21,0.21,0.5,0.21,12.8,83.0,50.0,4.0,0.14356361,2,8,5,0,,,,0.64813334,0.0,0.0,0.0,102.333336
0.21,0.21,0.21,0.21,12.8,83.0,162.0,5.0,0.14325693,2,9,5,0,,,,0.42218333,0.0,0.0,0.0,285.50418
0.21,0.5,0.21,0.21,13.3,83.0,210.0,9.0,0.13939619,2,10,5,0,,,,0.42698333,0.0,0.0,0.0,446.64166
0.21,0.5,0.21,0.21,15.0,75.0,600.0,550.0,0.13765757,2,11,5,0,,,,0.43658334,0.0,0.0,0.0,554.0875
0.21,0.5,0.21,0.21,15.6,78.0,401.0,145.0,0.13467546,2,12,5,0,,,,0.4357,0.0,0.0,0.0,605.89166
0.21,0.5,0.21,0.21,15.6,78.0,527.0,308.0,0.13670668,2,13,5,0,,,,0.42333335,0.0,0.0,0.0,632.7208
0.21,0.5,0.21,0.21,15.0,81.0,666.0,645.0,0.13874002,2,14,5,0,,,,0.42535,0.0,0.0,0.0,589.37915
0.21,0.21,0.21,0.21,15.0,78.0,468.0,428.0,0.13927025,2,15,5,0,,,,0.59855,0.0,0.0,0.0,486.95834
0.5,0.21,0.21,0.5,14.4,81.0,302.0,255.0,0.14186445,2,16,5,0,,,,0.65671664,0.0,0.0,0.0,311.8875
0.5,0.21,0.21,0.5,14.4,75.0,171.0,436.0,0.14595944,2,17,5,0,,,,0.75838333,0.0,0.0,0.0,42.4625
0.5,0.21,0.21,0.5,12.8,83.0,36.0,105.0,0.15184714,2,18,5,0,,,,0.8419,0.0,0.0,0.0,0.0
0.5,0.21,0.21,0.5,12.8,83.0,0.0,0.0,0.14759848,2,19,5,0,,,,0.6546417,0.0,0.0,0.0,0.0
0.5,0.21,0.21,0.5,12.2,86.0,0.0,0.0,0.14286311,2,20,5,0,,,,1.4979666,0.0,0.0,0.0,0.0
0.21,0.21,0.21,0.21,12.2,86.0,0.0,0.0,0.13331279,2,21,5,0,,,,1.7004167,0.0,0.0,0.0,0.0
0.21,0.21,0.21,0.21,11.7,90.0,0.0,0.0,0.115073346,2,22,5,0,,,,1.1859833,0.0,0.0,0.0,0.0
0.21,0.21,0.21,0.21,11.7,90.0,0.0,0.0,0.11448065,2,23,5,0,,,,0.8433167,0.0,0.0,0.0,0.0
0.21,0.21,0.21,0.21,12.8,83.0,0.0,0.0,0.10132299,2,24,5,0,,,,0.762575,0.0,0.0,0.0,0.0
0.21,0.21,0.21,0.21,11.7,93.0,0.0,0.0,0.096893646,2,1,6,0,,,,0.73843336,0.0,0.0,0.0,0.0
0.21,0.21,0.21,0.21,11.7,93.0,0.0,0.0,0.08792141,2,2,6,0,,,,0.7352167,0.0,0.0,0.0,0.0
0.21,0.21,0.21,0.21,11.7,93.0,0.0,0.0,0.08507558,2,3,6,0,,,,0.51498336,0.0,0.0,0.0,0.0
0.21,0.21,0.5,0.21,11.7,93.0,0.0,0.0,0.08565065,2,4,6,0,,,,0.5108,0.0,0.0,0.0,0.0
0.21,0.21,0.5,0.21,11.7,93.0,0.0,0.0,0.08802568,2,5,6,0,,,,0.50481665,0.0,0.0,0.0,0.0
0.21,0.21,0.5,0.21,11.7,93.0,0.0,0.0,0.10567316,2,6,6,0,,,,0.49753332,0.0,0.0,0.0,0.0
0.21,0.21,0.5,0.21,12.2,80.0,19.0,31.0,0.105536744,2,7,6,0,,,,0.50885,0.0,0.0,0.0,25.704166
0.21,0.21,0.5,0.21,12.2,80.0,133.0,265.0,0.1069102,2,8,6,0,,,,0.5078833,0.0,0.0,0.0,99.76667
0.21,0.21,0.21,0.21,13.3,78.0,139.0,30.0,0.11051189,2,9,6,0,,,,0.5067,0.0,0.0,0.0,280.1375
0.21,0.5,0.21,0.21,13.9,75.0,343.0,73.0,0.10854941,2,10,6,0,,,,2.2466166,0.0,0.0,0.0,432.61667
0.21,0.5,0.21,0.21,15.0,70.0,331.0,87.0,0.10663953,2,11,6,0,,,,2.3215,0.0,0.0,0.0,540.14166
0.21,0.5,0.21,0.21,15.6,72.0,572.0,263.0,0.10495541,2,12,6,0,,,,1.0005667,0.0,0.0,0.0,625.175
0.21,0.5,0.21,0.21,16.1,70.0,484.0,134.0,0.106043585,2,13,6,0,,,,0.85728335,0.0,0.0,0.0,486.57083
0.21,0.5,0.21,0.21,16.1,70.0,449.0,127.0,0.1080818,2,14,6,0,,,,0.880175,0.0,0.0,0.0,371.94376
0.21,0.21,0.21,0.21,15.6,72.0,466.0,265.0,0.111070275,2,15,6,0,,,,0.70235,0.0,0.0,0.0,139.60417
0.5,0.21,0.21,0.5,15.0,72.0,173.0,62.0,0.1126552,2,16,6,0,,,,0.68048334,0.0,0.0,0.0,42.797916
0.5,0.21,0.21,0.5,14.4,72.0,88.0,7.0,0.11701486,2,17,6,0,,,,0.67431664,0.0,0.0,0.0,5.7083335
0.5,0.21,0.21,0.5,13.9,75.0,24.0,2.0,0.12474378,2,18,6,0,,,,1.1326166,0.0,0.0,0.0,0.0
0.5,0.21,0.21,0.5,13.3,80.0,0.0,0.0,0.12471723,2,19,6,0,,,,1.55165,0.0,0.0,0.0,0.0
0.5,0.21,0.21,0.5,13.3,80.0,0.0,0.0,0.1207996,2,20,6,0,,,,3.0278666,0.0,0.0,0.0,0.0
0.21,0.21,0.21,0.21,13.3,80.0,0.0,0.0,0.116468176,2,21,6,0,,,,2.7198834,0.0,0.0,0.0,0.0
0.21,0.21,0.21,0.21,13.3,80.0,0.0,0.0,0.10837103,2,22,6,0,,,,1.3874167,0.0,0.0,0.0,0.0
0.21,0.21,0.21,0.21,12.8,83.0,0.0,0.0,0.0975567,2,23,6,0,,,,2.3677666,0.0,0.0,0.0,0.0
0.21,0.21,0.21,0.21,12.8,93.0,0.0,0.0,0.08915053,2,24,6,0,,,,0.9542083,0.0,0.0,0.0,0.0
0.21,0.21,0.21,0.21,12.8,83.0,0.0,0.0,0.08547078,2,1,7,0,,,,1.78915,0.0,0.0,0.0,0.0
0.21,0.21,0.21,0.21,12.8,83.0,0.0,0.0,0.087213226,2,2,7,0,,,,0.5042667,0.0,0.0,0.0,0.0
0.21,0.21,0.21,0.21,12.8,83.0,0.0,0.0,0.08470239,2,3,7,0,,,,0.50408334,0.0,0.0,0.0,0.0
0.21,0.21,0.5,0.21,12.8,83.0,0.0,0.0,0.08432503,2,4,7,0,,,,0.5036167,0.0,0.0,0.0,0.0
0.21,0.21,0.5,0.21,12.8,83.0,0.0,0.0,0.09086362,2,5,7,0,,,,0.50371665,0.0,0.0,0.0,0.0
0.21,0.21,0.5,0.21,12.8,83.0,0.0,0.0,0.1016402,2,6,7,0,,,,0.5032,0.0,0.0,0.0,0.0
0.21,0.21,0.5,0.21,12.8,83.0,19.0,0.0,0.098238245,2,7,7,0,,,,0.44086668,0.0,0.0,0.0,33.870834
0.21,0.21,0.5,0.21,12.8,83.0,53.0,1.0,0.09500109,2,8,7,0,,,,0.79845,0.0,0.0,0.0,112.89167
0.21,0.21,0.21,0.21,12.8,86.0,132.0,4.0,0.10038025,2,9,7,0,,,,1.0920334,0.0,0.0,0.0,170.30833
0.21,0.5,0.21,0.21,14.4,78.0,412.0,258.0,0.102428585,2,10,7,0,,,,1.0477333,0.0,0.0,0.0,118.479164
0.21,0.5,0.21,0.21,15.6,75.0,269.0,9.0,0.104803994,2,11,7,0,,,,0.7923667,0.0,0.0,0.0,336.65
0.21,0.5,0.21,0.21,16.7,70.0,243.0,10.0,0.10265379,2,12,7,0,,,,0.56035,0.0,0.0,0.0,236.79167
0.21,0.5,0.21,0.21,16.1,72.0,304.0,9.0,0.10181978,2,13,7,0,,,,0.4225,0.0,0.0,0.0,344.81668
0.21,0.5,0.21,0.21,15.6,78.0,293.0,8.0,0.10612296,2,14,7,0,,,,0.5491,0.0,0.0,0.0,172.4875
0.21,0.21,0.21,0.21,15.0,78.0,246.0,5.0,0.1122429,2,15,7,0,,,,0.6504,0.0,0.0,0.0,100.754166
0.5,0.21,0.21,0.5,14.4,78.0,92.0,6.0,0.123934515,2,16,7,0,,,,0.65176666,0.0,0.0,0.0,118.504166
0.5,0.21,0.21,0.5,13.9,83.0,43.0,2.0,0.1282566,2,17,7,0,,,,3.2745667,0.0,0.0,0.0,1.4041667
0.5,0.21,0.21,0.5,13.3,87.0,14.0,0.0,0.13465695,2,18,7,0,,,,2.5167832,0.0,0.0,0.0,0.0
0.5,0.21,0.21,0.5,12.8,90.0,0.0,0.0,0.13821378,2,19,7,0,,,,2.2480333,0.0,0.0,0.0,0.0
0.5,0.21,0.21,0.5,12.8,93.0,0.0,0.0,0.13054897,2,20,7,0,,,,2.1048667,0.0,0.0,0.0,0.0
0.21,0.21,0.21,0.21,12.8,90.0,0.0,0.0,0.12643494,2,21,7,0,,,,2.2227666,0.0,0.0,0.0,0.0
0.21,0.21,0.21,0.21,12.8,90.0,0.0,0.0,0.113079675,2,22,7,0,,,,1.2327833,0.0,0.0,0.0,0.0
0.21,0.21,0.21,0.21,12.8,90.0,0.0,0.0,0.10396864,2,23,7,0,,,,1.8551333,0.0,0.0,0.0,0.0
0.21,0.21,0.21,0.21,14.4,93.0,0.0,0.0,0.10000522,2,24,7,0,,,,0.91995,0.0,0.0,0.0,0.0
0.21,0.21,0.21,0.21,12.8,90.0,0.0,0.0,0.09640792,2,1,1,0,,,,0.59601665,0.0,0.0,0.0,0.0
0.21,0.21,0.21,0.21,12.2,96.0,0.0,0.0,0.09724211,2,2,1,0,,,,0.506,0.0,0.0,0.0,0.0
0.21,0.21,0.21,0.21,12.2,90.0,0.0,0.0,0.0983274,2,3,1,0,,,,0.50215,0.0,0.0,0.0,0.0
0.21,0.21,0.5,0.21,12.2,93.0,0.0,0.0,0.09635583,2,4,1,0,,,,0.50085,0.0,0.0,0.0,0.0
0.21,0.21,0.5,0.21,12.2,93.0,0.0,0.0,0.10854493,2,5,1,0,,,,1.5048667,0.0,0.0,0.0,0.0
0.21,0.21,0.5,0.21,12.2,93.0,0.0,0.0,0.12739469,2,6,1,0,,,,1.1336,0.0,0.0,0.0,0.0
0.21,0.21,0.5,0.21,12.2,93.0,16.0,0.0,0.1351991,2,7,1,0,,,,1.2655166,0.0,0.0,0.0,39.1375
0.21,0.21,0.5,0.21,12.2,96.0,84.0,0.0,0.13484286,2,8,1,0,,,,1.66105,0.0,0.0,0.0,62.9125
0.21,0.21,0.21,0.21,13.3,90.0,195.0,0.0,0.13176282,2,9,1,0,,,,0.52021664,0.0,0.0,0.0,86.64167
0.21,0.5,0.21,0.21,13.9,83.0,289.0,1.0,0.13218905,2,10,1,0,,,,1.3119,0.0,0.0,0.0,139.17084
0.21,0.5,0.21,0.21,14.4,81.0,329.0,0.0,0.12912044,2,11,1,0,,,,0.4097,0.0,0.0,0.0,212.02083
0.21,0.5,0.21,0.21,14.4,81.0,374.0,2.0,0.12959151,2,12,1,0,,,,1.2622,0.0,0.0,0.0,142.97084
0.21,0.5,0.21,0.21,14.4,81.0,360.0,0.0,0.1308091,2,13,1,0,,,,0.40738332,0.0,0.0,0.0,96.770836
0.21,0.5,0.21,0.21,14.4,84.0,348.0,1.0,0.13374998,2,14,1,0,,,,0.9209167,0.0,0.0,0.0,58.1625
0.21,0.21,0.21,0.21,15.6,75.0,311.0,0.0,0.13959213,2,15,1,0,,,,0.75796664,0.0,0.0,0.0,36.629166
0.5,0.21,0.21,0.5,16.1,72.0,208.0,2.0,0.14475371,2,16,1,0,,,,2.3789,0.0,0.0,0.0,6.9125
0.5,0.21,0.21,0.5,16.1,72.0,121.0,1.0,0.14874479,2,17,1,0,,,,2.6832166,0.0,0.0,0.0,0.0
0.5,0.21,0.21,0.5,15.0,87.0,32.0,0.0,0.15348291,2,18,1,0,,,,1.93555,0.0,0.0,0.0,0.0
0.5,0.21,0.21,0.5,14.4,90.0,0.0,0.0,0.15426794,2,19,1,0,,,,1.0971,0.0,0.0,0.0,0.0
0.5,0.21,0.21,0.5,14.4,93.0,0.0,0.0,0.1530178,2,20,1,0,,,,2.13345,0.0,0.0,0.0,0.0
0.21,0.21,0.21,0.21,14.4,93.0,0.0,0.0,0.14176503,2,21,1,0,,,,2.2991166,0.0,0.0,0.0,0.0
0.21,0.21,0.21,0.21,14.4,93.0,0.0,0.0,0.12526728,2,22,1,0,,,,1.2138333,0.0,0.0,0.0,0.0
0.21,0.21,0.21,0.21,14.4,93.0,0.0,0.0,0.120879345,2,23,1,0,,,,2.1148,0.0,0.0,0.0,0.0
0.21,0.21,0.21,0.21,13.5,90.0,0.0,0.0,0.098830156,2,24,1,0,,,,2.0762417,0.0,0.0,0.0,0.0
0.21,0.21,0.21,0.21,14.4,93.0,0.0,0.0,0.092179835,2,1,2,0,,,,0.55703336,0.0,0.0,0.0,0.0
0.21,0.21,0.21,0.21,14.4,96.0,0.0,0.0,0.08900254,2,2,2,0,,,,0.5096167,0.0,0.0,0.0,0.0
0.21,0.21,0.21,0.21,13.9,100.0,0.0,0.0,0.09201801,2,3,2,0,,,,0.50666666,0.0,0.0,0.0,0.0
0.21,0.21,0.5,0.21,13.9,100.0,0.0,0.0,0.094833665,2,4,2,0,,,,0.50401664,0.0,0.0,0.0,0.0
0.21,0.21,0.5,0.21,14.4,100.0,0.0,0.0,0.10849593,2,5,2,0,,,,0.49995,0.0,0.0,0.0,0.0
0.21,0.21,0.5,0.21,14.4,100.0,0.0,0.0,0.13428552,2,6,2,0,,,,0.49455,0.0,0.0,0.0,0.0
0.21,0.21,0.5,0.21,14.4,100.0,10.0,0.0,0.1436229,2,7,2,0,,,,0.8810167,0.0,0.0,0.0,29.591667
0.21,0.21,0.5,0.21,14.4,100.0,46.0,1.0,0.140881,2,8,2,0,,,,0.74001664,0.0,0.0,0.0,112.8
0.21,0.21,0.21,0.21,15.6,97.0,113.0,0.0,0.14161998,2,9,2,0,,,,1.6470333,0.0,0.0,0.0,308.95416
0.21,0.5,0.21,0.21,17.2,90.0,254.0,0.0,0.13554391,2,10,2,0,,,,2.1041,0.0,0.0,0.0,564.12085
0.21,0.5,0.21,0.21,18.3,87.0,296.0,156.0,0.1335304,2,11,2,0,,,,0.44735,0.0,0.0,0.0,456.20416
0.21,0.5,0.21,0.21,17.2,93.0,295.0,160.0,0.13761169,2,12,2,0,,,,0.44891667,0.0,0.0,0.0,476.6125
0.21,0.5,0.21,0.21,17.2,93.0,162.0,4.0,0.13907504,2,13,2,0,,,,0.45843333,0.0,0.0,0.0,557.23334
0.21,0.5,0.21,0.21,17.2,90.0,189.0,11.0,0.13959289,2,14,2,0,,,,0.45195,0.0,0.0,0.0,597.4083
0.21,0.21,0.21,0.21,16.7,93.0,141.0,7.0,0.13950832,2,15,2,0,,,,0.44905,0.0,0.0,0.0,459.35
0.5,0.21,0.21,0.5,16.1,93.0,95.0,0.0,0.14115953,2,16,2,0,,,,0.4414,0.0,0.0,0.0,237.16667
0.5,0.21,0.21,0.5,16.1,93.0,54.0,2.0,0.14501739,2,17,2,0,,,,0.44395,0.0,0.0,0.0,16.4125
0.5,0.21,0.21,0.5,15.6,93.0,15.0,0.0,0.14909938,2,18,2,0,,,,2.8274667,0.0,0.0,0.0,0.0
0.5,0.21,0.21,0.5,15.6,93.0,0.0,0.0,0.14272176,2,19,2,0,,,,1.557,0.0,0.0,0.0,0.0
0.5,0.21,0.21,0.5,16.1,90.0,0.0,0.0,0.1394685,2,20,2,0,,,,0.69476664,0.0,0.0,0.0,0.0
0.21,0.21,0.21,0.21,16.1,90.0,0.0,0.0,0.12482664,2,21,2,0,,,,1.1168833,0.0,0.0,0.0,0.0
0.21,0.21,0.21,0.21,15.2,84.0,0.0,0.0,0.10742931,2,22,2,0,,,,1.2535833,0.0,0.0,0.0,0.0
0.21,0.21,0.21,0.21,14.4,87.0,0.0,0.0,0.103553995,2,23,2,0,,,,0.6430445,0.0,0.0,0.0,0.0
0.21,0.21,0.21,0.21,12.8,77.0,0.0,0.0,0.09385992,2,24,2,0,,,,0.8464417,0.0,0.0,0.0,0.0
0.21,0.21,0.21,0.21,12.6,90.0,0.0,0.0,0.08795415,3,1,3,0,,,,0.93605,0.0,0.0,0.0,0.0
0.21,0.21,0.21,0.21,11.7,90.0,0.0,0.0,0.0954549,3,2,3,0,,,,0.6145,0.0,0.0,0.0,0.0
0.21,0.21,0.21,0.21,10.9,90.0,0.0,0.0,0.089134894,3,3,3,0,,,,1.4375,0.0,0.0,0.0,0.0
0.21,0.21,0.5,0.21,10.0,86.0,0.0,0.0,0.090621784,3,4,3,0,,,,1.4096,0.0,0.0,0.0,0.0
0.21,0.21,0.5,0.21,8.9,86.0,0.0,0.0,0.09150422,3,5,3,0,,,,0.4976,0.0,0.0,0.0,0.0
0.21,0.21,0.5,0.21,8.3,86.0,0.0,0.0,0.10471593,3,6,3,0,,,,1.5640167,0.0,0.0,0.0,0.0
0.21,0.21,0.5,0.21,8.3,86.0,22.0,17.0,0.105751015,3,7,3,0,,,,0.8718333,0.0,0.0,0.0,23.691668
0.21,0.21,0.5,0.21,9.4,80.0,152.0,467.0,0.105657175,3,8,3,0,,,,0.5632333,0.0,0.0,0.0,109.72083
0.21,0.21,0.21,0.21,12.2,59.0,350.0,694.0,0.11341466,3,9,3,0,,,,0.41578335,0.0,0.0,0.0,303.625
0.21,0.5,0.21,0.21,15.6,54.0,525.0,741.0,0.120761454,3,10,3,0,,,,0.43738332,0.0,0.0,0.0,472.50418
0.21,0.5,0.21,0.21,16.1,58.0,689.0,885.0,0.12208305,3,11,3,0,,,,0.46181667,0.0,0.0,0.0,590.1
0.21,0.5,0.21,0.21,16.7,54.0,752.0,890.0,0.11960933,3,12,3,0,,,,0.44101667,0.0,0.0,0.0,657.0875
0.21,0.5,0.21,0.21,16.1,63.0,788.0,930.0,0.115881816,3,13,3,0,,,,0.76963335,0.0,0.0,0.0,671.2708
0.21,0.5,0.21,0.21,16.1,60.0,722.0,909.0,0.12076462,3,14,3,0,,,,0.81296664,0.0,0.0,0.0,628.8875
0.21,0.21,0.21,0.21,15.6,67.0,595.0,867.0,0.12129534,3,15,3,0,,,,0.41681665,0.0,0.0,0.0,532.79584
0.5,0.21,0.21,0.5,15.6,67.0,385.0,716.0,0.1214705,3,16,3,0,,,,0.41446668,0.0,0.0,0.0,366.50833
0.5,0.21,0.21,0.5,15.0,67.0,203.0,463.0,0.12907891,3,17,3,0,,,,0.47041667,0.0,0.0,0.0,64.30417
0.5,0.21,0.21,0.5,13.9,72.0,45.0,47.0,0.12743461,3,18,3,0,,,,1.5179167,0.0,0.0,0.0,0.0
0.5,0.21,0.21,0.5,13.3,78.0,0.0,0.0,0.12649663,3,19,3,0,,,,2.69265,0.0,0.0,0.0,0.0
0.5,0.21,0.21,0.5,12.8,77.0,0.0,0.0,0.12306634,3,20,3,0,,,,1.9676666,0.0,0.0,0.0,0.0
0.21,0.21,0.21,0.21,13.3,78.0,0.0,0.0,0.1118926,3,21,3,0,,,,1.7327666,0.0,0.0,0.0,0.0
0.21,0.21,0.21,0.21,13.3,78.0,0.0,0.0,0.09962246,3,22,3,0,,,,1.8804667,0.0,0.0,0.0,0.0
0.21,0.21,0.21,0.21,13.9,75.0,0.0,0.0,0.09908507,3,23,3,0,,,,1.6729667,0.0,0.0,0.0,0.0
0.21,0.21,0.21,0.21,12.8,80.0,0.0,0.0,0.09713589,3,24,3,0,,,,0.8676583,0.0,0.0,0.0,0.0
0.21,0.21,0.21,0.21,12.8,77.0,0.0,0.0,0.0928262,3,1,4,0,,,,0.71363336,0.0,0.0,0.0,0.0
0.21,0.21,0.21,0.21,12.8,77.0,0.0,0.0,0.09393702,3,2,4,0,,,,0.422325,0.0,0.0,0.0,0.0
0.21,0.21,0.21,0.21,12.8,77.0,0.0,0.0,0.09357518,3,3,4,0,,,,0.42076668,0.0,0.0,0.0,0.0
0.21,0.21,0.5,0.21,12.2,83.0,0.0,0.0,0.094971016,3,4,4,0,,,,0.41805,0.0,0.0,0.0,0.0
0.21,0.21,0.5,0.21,11.7,83.0,0.0,0.0,0.10156341,3,5,4,0,,,,0.41671667,0.0,0.0,0.0,0.0
0.21,0.21,0.5,0.21,12.2,80.0,0.0,0.0,0.12217494,3,6,4,0,,,,1.1633667,0.0,0.0,0.0,0.0
0.21,0.21,0.5,0.21,12.2,80.0,14.0,1.0,0.12550612,3,7,4,0,,,,0.9406,0.0,0.0,0.0,23.920834
0.21,0.21,0.5,0.21,12.8,72.0,61.0,13.0,0.13076852,3,8,4,0,,,,0.9713167,0.0,0.0,0.0,115.075
0.21,0.21,0.21,0.21,13.9,62.0,191.0,8.0,0.13290977,3,9,4,0,,,,0.9548333,0.0,0.0,0.0,310.90833
0.21,0.5,0.21,0.21,15.0,58.0,382.0,87.0,0.13439223,3,10,4,0,,,,1.2412666,0.0,0.0,0.0,478.25418
0.21,0.5,0.21,0.21,16.7,50.0,369.0,96.0,0.13370308,3,11,4,0,,,,0.8512333,0.0,0.0,0.0,598.74585
0.21,0.5,0.21,0.21,16.7,54.0,644.0,485.0,0.1285433,3,12,4,0,,,,0.44608334,0.0,0.0,0.0,667.64166
0.21,0.5,0.21,0.21,16.1,56.0,552.0,291.0,0.12879758,3,13,4,0,,,,0.42666668,0.0,0.0,0.0,679.5958
0.21,0.5,0.21,0.21,17.2,50.0,634.0,548.0,0.13100512,3,14,4,0,,,,0.42615,0.0,0.0,0.0,636.19586
0.21,0.21,0.21,0.21,16.1,52.0,469.0,276.0,0.13231705,3,15,4,0,,,,0.4229,0.0,0.0,0.0,519.9
0.5,0.21,0.21,0.5,16.1,54.0,378.0,525.0,0.13399151,3,16,4,0,,,,0.41703334,0.0,0.0,0.0,251.81667
0.5,0.21,0.21,0.5,15.0,62.0,191.0,303.0,0.14512844,3,17,4,0,,,,0.5691,0.0,0.0,0.0,51.283333
0.5,0.21,0.21,0.5,13.9,64.0,38.0,81.0,0.15582983,3,18,4,0,,,,0.82285,0.0,0.0,0.0,0.0
0.5,0.21,0.21,0.5,13.9,67.0,0.0,0.0,0.15632959,3,19,4,0,,,,2.6430666,0.0,0.0,0.0,0.0
0.5,0.21,0.21,0.5,13.9,67.0,0.0,0.0,0.14750464,3,20,4,0,,,,1.57465,0.0,0.0,0.0,0.0
0.21,0.21,0.21,0.21,13.9,72.0,0.0,0.0,0.13755172,3,21,4,0,,,,2.3022332,0.0,0.0,0.0,0.0
0.21,0.21,0.21,0.21,13.3,75.0,0.0,0.0,0.12564963,3,22,4,0,,,,2.3235166,0.0,0.0,0.0,0.0
0.21,0.21,0.21,0.21,13.3,78.0,0.0,0.0,0.115303814,3,23,4,0,,,,0.91148335,0.0,0.0,0.0,0.0
0.21,0.21,0.21,0.21,14.4,84.0,0.0,0.0,0.10470369,3,24,4,0,,,,0.8375,0.0,0.0,0.0,0.0
0.21,0.21,0.21,0.21,12.2,80.0,0.0,0.0,0.09674369,3,1,5,0,,,,0.5122,0.0,0.0,0.0,0.0
0.21,0.21,0.21,0.21,12.2,77.0,0.0,0.0,0.09967036,3,2,5,0,,,,0.5118667,0.0,0.0,0.0,0.0
0.21,0.21,0.21,0.21,11.7,77.0,0.0,0.0,0.0984995,3,3,5,0,,,,0.5132333,0.0,0.0,0.0,0.0
0.21,0.21,0.5,0.21,11.7,74.0,0.0,0.0,0.10361312,3,4,5,0,,,,0.5103667,0.0,0.0,0.0,0.0
0.21,0.21,0.5,0.21,11.1,74.0,0.0,0.0,0.11643336,3,5,5,0,,,,0.5097,0.0,0.0,0.0,0.0
0.21,0.21,0.5,0.21,11.1,69.0,0.0,0.0,0.13026693,3,6,5,0,,,,0.68778336,0.0,0.0,0.0,0.0
0.21,0.21,0.5,0.21,11.7,69.0,25.0,57.0,0.14762378,3,7,5,0,,,,0.95841664,0.0,0.0,0.0,24.679167
0.21,0.21,0.5,0.21,14.4,51.0,151.0,306.0,0.14583494,3,8,5,0,,,,0.6936833,0.0,0.0,0.0,118.15
0.21,0.21,0.21,0.21,16.1,46.0,266.0,248.0,0.14401387,3,9,5,0,,,,0.42523333,0.0,0.0,0.0,309.56668
0.21,0.5,0.21,0.21,17.8,42.0,215.0,1.0,0.13141546,3,10,5,0,,,,0.43596667,0.0,0.0,0.0,465.89166
0.21,0.5,0.21,0.21,18.9,45.0,614.0,495.0,0.13628957,3,11,5,0,,,,0.4464,0.0,0.0,0.0,571.7083
0.21,0.5,0.21,0.21,20.6,42.0,731.0,752.0,0.13431014,3,12,5,0,,,,0.4447,0.0,0.0,0.0,622.475
0.21,0.5,0.21,0.21,21.1,44.0,745.0,681.0,0.12840275,3,13,5,0,,,,0.42798334,0.0,0.0,0.0,604.4167
0.21,0.5,0.21,0.21,23.3,40.0,729.0,883.0,0.12716101,3,14,5,0,,,,0.3893,0.0,0.0,0.0,546.8417
0.21,0.21,0.21,0.21,19.4,51.0,574.0,688.0,0.12991461,3,15,5,0,,,,0.38008332,0.0,0.0,0.0,462.92084
0.5,0.21,0.21,0.5,17.8,65.0,359.0,556.0,0.13318045,3,16,5,0,,,,0.37685,0.0,0.0,0.0,329.5875
0.5,0.21,0.21,0.5,17.2,70.0,186.0,294.0,0.14422424,3,17,5,0,,,,0.78821665,0.0,0.0,0.0,68.52917
0.5,0.21,0.21,0.5,15.6,81.0,32.0,70.0,0.15029675,3,18,5,0,,,,1.21745,0.0,0.0,0.0,0.0
0.5,0.21,0.21,0.5,15.0,84.0,0.0,0.0,0.15221407,3,19,5,0,,,,1.4350667,0.0,0.0,0.0,0.0
0.5,0.21,0.21,0.5,14.4,84.0,0.0,0.0,0.15159218,3,20,5,0,,,,1.1241,0.0,0.0,0.0,0.0
0.21,0.21,0.21,0.21,14.4,84.0,0.0,0.0,0.14699797,3,21,5,0,,,,1.0666833,0.0,0.0,0.0,0.0
0.21,0.21,0.21,0.21,14.4,84.0,0.0,0.0,0.13308549,3,22,5,0,,,,0.92723334,0.0,0.0,0.0,0.0
0.21,0.21,0.21,0.21,14.4,84.0,0.0,0.0,0.13756685,3,23,5,0,,,,0.9263167,0.0,0.0,0.0,0.0
0.21,0.21,0.21,0.21,17.8,47.0,0.0,0.0,0.130541,3,24,5,0,,,,0.884175,0.0,0.0,0.0,0.0
0.21,0.21,0.21,0.21,15.0,70.0,0.0,0.0,0.13052982,3,1,6,0,,,,0.6469,0.0,0.0,0.0,0.0
0.21,0.21,0.21,0.21,13.3,80.0,0.0,0.0,0.12951787,3,2,6,0,,,,0.52671665,0.0,0.0,0.0,0.0
0.21,0.21,0.21,0.21,13.3,67.0,0.0,0.0,0.12610719,3,3,6,0,,,,0.52758336,0.0,0.0,0.0,0.0
0.21,0.21,0.5,0.21,17.2,34.0,0.0,0.0,0.1256916,3,4,6,0,,,,0.52521664,0.0,0.0,0.0,0.0
0.21,0.21,0.5,0.21,15.0,41.0,0.0,0.0,0.1258249,3,5,6,0,,,,0.52275,0.0,0.0,0.0,0.0
0.21,0.21,0.5,0.21,11.7,66.0,0.0,0.0,0.12711072,3,6,6,0,,,,0.48961666,0.0,0.0,0.0,0.0
0.21,0.21,0.5,0.21,16.1,37.0,18.0,1.0,0.13073769,3,7,6,0,,,,0.5276833,0.0,0.0,0.0,76.020836
0.21,0.21,0.5,0.21,16.7,40.0,68.0,19.0,0.13537996,3,8,6,0,,,,0.6275333,0.0,0.0,0.0,174.94167
0.21,0.21,0.21,0.21,19.4,30.0,156.0,14.0,0.1372104,3,9,6,0,,,,0.9347,0.0,0.0,0.0,292.0375
0.21,0.5,0.21,0.21,21.7,27.0,297.0,117.0,0.1359779,3,10,6,0,,,,1.0675334,0.0,0.0,0.0,427.88333
0.21,0.5,0.21,0.21,25.6,18.0,343.0,21.0,0.1331619,3,11,6,0,,,,1.00595,0.0,0.0,0.0,587.81665
0.21,0.5,0.21,0.21,27.2,15.0,312.0,7.0,0.13289386,3,12,6,0,,,,0.64185,0.0,0.0,0.0,605.62915
0.21,0.5,0.21,0.21,27.2,18.0,504.0,277.0,0.13003431,3,13,6,0,,,,1.2505167,0.0,0.0,0.0,533.025
0.21,0.5,0.21,0.21,24.4,25.0,556.0,244.0,0.13112049,3,14,6,0,,,,1.3742666,0.0,0.0,0.0,484.74167
0.21,0.21,0.21,0.21,24.4,18.0,592.0,572.0,0.13639183,3,15,6,0,,,,1.4322166,0.0,0.0,0.0,210.15416
0.5,0.21,0.21,0.5,23.9,20.0,266.0,210.0,0.14171371,3,16,6,0,,,,0.97541666,0.0,0.0,0.0,90.70417
0.5,0.21,0.21,0.5,20.0,42.0,147.0,102.0,0.15427974,3,17,6,0,,,,1.5306166,0.0,0.0,0.0,10.991667
0.5,0.21,0.21,0.5,18.9,47.0,36.0,11.0,0.16165088,3,18,6,0,,,,1.6683667,0.0,0.0,0.0,0.0
0.5,0.21,0.21,0.5,18.9,40.0,0.0,0.0,0.16484122,3,19,6,0,,,,0.92325,0.0,0.0,0.0,0.0
0.5,0.21,0.21,0.5,18.9,32.0,0.0,0.0,0.16161828,3,20,6,0,,,,0.81675,0.0,0.0,0.0,0.0
0.21,0.21,0.21,0.21,18.9,33.0,0.0,0.0,0.15483229,3,21,6,0,,,,0.8574,0.0,0.0,0.0,0.0
0.21,0.21,0.21,0.21,18.9,37.0,0.0,0.0,0.13849668,3,22,6,0,,,,0.9503667,0.0,0.0,0.0,0.0
0.21,0.21,0.21,0.21,17.2,56.0,0.0,0.0,0.13496473,3,23,6,0,,,,0.966,0.0,0.0,0.0,0.0
0.21,0.21,0.21,0.21,15.0,87.0,0.0,0.0,0.12989524,3,24,6,0,,,,0.8036583,0.0,0.0,0.0,0.0
0.21,0.21,0.21,0.21,17.2,50.0,0.0,0.0,0.13226524,3,1,7,0,,,,0.6552333,0.0,0.0,0.0,0.0
0.21,0.21,0.21,0.21,16.1,58.0,0.0,0.0,0.12886497,3,2,7,0,,,,0.6663333,0.0,0.0,0.0,0.0
0.21,0.21,0.21,0.21,15.6,70.0,0.0,0.0,0.12804604,3,3,7,0,,,,0.6691333,0.0,0.0,0.0,0.0
0.21,0.21,0.5,0.21,15.6,65.0,0.0,0.0,0.1303861,3,4,7,0,,,,0.6501833,0.0,0.0,0.0,0.0
0.21,0.21,0.5,0.21,16.1,50.0,0.0,0.0,0.13520977,3,5,7,0,,,,0.65038335,0.0,0.0,0.0,0.0
0.21,0.21,0.5,0.21,16.7,46.0,0.0,0.0,0.13659328,3,6,7,0,,,,0.62406665,0.0,0.0,0.0,0.0
0.21,0.21,0.5,0.21,17.2,48.0,6.0,1.0,0.13254665,3,7,7,0,,,,0.8251,0.0,0.0,0.0,32.729168
0.21,0.21,0.5,0.21,16.7,70.0,55.0,5.0,0.13556395,3,8,7,0,,,,1.4455167,0.0,0.0,0.0,94.17083
0.21,0.21,0.21,0.21,16.7,58.0,120.0,16.0,0.1368949,3,9,7,0,,,,1.1906166,0.0,0.0,0.0,188.05833
0.21,0.5,0.21,0.21,16.7,56.0,144.0,7.0,0.13687465,3,10,7,0,,,,1.568,0.0,0.0,0.0,320.20416
0.21,0.5,0.21,0.21,17.8,47.0,267.0,7.0,0.13338481,3,11,7,0,,,,1.4062,0.0,0.0,0.0,345.12082
0.21,0.5,0.21,0.21,17.8,52.0,250.0,1.0,0.13366163,3,12,7,0,,,,1.4658166,0.0,0.0,0.0,137.95416
0.21,0.5,0.21,0.21,16.1,63.0,212.0,4.0,0.13454305,3,13,7,0,,,,3.3346,0.0,0.0,0.0,74.94583
0.21,0.5,0.21,0.21,16.7,70.0,203.0,5.0,0.13155678,3,14,7,0,,,,2.5703833,0.0,0.0,0.0,81.4125
0.21,0.21,0.21,0.21,17.2,70.0,156.0,1.0,0.13015088,3,15,7,0,,,,2.0501833,0.0,0.0,0.0,98.00833
0.5,0.21,0.21,0.5,17.8,70.0,124.0,0.0,0.13677011,3,16,7,0,,,,2.268,0.0,0.0,0.0,255.39166
0.5,0.21,0.21,0.5,17.2,75.0,69.0,0.0,0.15157898,3,17,7,0,,,,3.0985668,0.0,0.0,0.0,60.220833
0.5,0.21,0.21,0.5,16.1,81.0,17.0,0.0,0.16150075,3,18,7,0,,,,1.7905834,0.0,0.0,0.0,0.0
0.5,0.21,0.21,0.5,15.6,84.0,0.0,0.0,0.16051637,3,19,7,0,,,,1.2094667,0.0,0.0,0.0,0.0
0.5,0.21,0.21,0.5,15.0,87.0,0.0,0.0,0.15805188,3,20,7,0,,,,1.28965,0.0,0.0,0.0,0.0
0.21,0.21,0.21,0.21,15.0,90.0,0.0,0.0,0.14900367,3,21,7,0,,,,1.3977333,0.0,0.0,0.0,0.0
0.21,0.21,0.21,0.21,15.0,90.0,0.0,0.0,0.13728195,3,22,7,0,,,,2.14235,0.0,0.0,0.0,0.0
0.21,0.21,0.21,0.21,15.6,84.0,0.0,0.0,0.13480727,3,23,7,0,,,,0.7492333,0.0,0.0,0.0,0.0
0.21,0.21,0.21,0.21,13.9,87.0,0.0,0.0,0.12268785,3,24,7,0,,,,0.5277333,0.0,0.0,0.0,0.0
0.21,0.21,0.21,0.21,15.0,87.0,0.0,0.0,0.1252729,3,1,1,0,,,,0.52455,0.0,0.0,0.0,0.0
0.21,0.21,0.21,0.21,15.0,84.0,0.0,0.0,0.1282877,3,2,1,0,,,,0.52143335,0.0,0.0,0.0,0.0
0.21,0.21,0.21,0.21,15.6,81.0,0.0,0.0,0.1286725,3,3,1,0,,,,0.51625,0.0,0.0,0.0,0.0
0.21,0.21,0.5,0.21,15.0,87.0,0.0,0.0,0.1310239,3,4,1,0,,,,1.6383333,0.0,0.0,0.0,0.0
0.21,0.21,0.5,0.21,14.4,90.0,0.0,0.0,0.14357007,3,5,1,0,,,,0.86153334,0.0,0.0,0.0,0.0
0.21,0.21,0.5,0.21,17.2,65.0,0.0,0.0,0.15370719,3,6,1,0,,,,1.58085,0.0,0.0,0.0,0.0
0.21,0.21,0.5,0.21,15.0,84.0,16.0,0.0,0.14882609,3,7,1,0,,,,0.9622,0.0,0.0,0.0,24.675
0.21,0.21,0.5,0.21,14.4,90.0,56.0,0.0,0.15044315,3,8,1,0,,,,0.68125,0.0,0.0,0.0,128.33333
0.21,0.21,0.21,0.21,15.6,81.0,175.0,1.0,0.14413656,3,9,1,0,,,,0.42736667,0.0,0.0,0.0,327.14166
0.21,0.5,0.21,0.21,16.1,78.0,251.0,53.0,0.14317197,3,10,1,0,,,,0.43738332,0.0,0.0,0.0,487.50418
0.21,0.5,0.21,0.21,18.9,68.0,365.0,135.0,0.13906,3,11,1,0,,,,0.44488335,0.0,0.0,0.0,595.80835
0.21,0.5,0.21,0.21,19.4,57.0,383.0,64.0,0.13841023,3,12,1,0,,,,0.44355,0.0,0.0,0.0,657.7125
0.21,0.5,0.21,0.21,17.2,75.0,247.0,11.0,0.13769624,3,13,1,0,,,,0.431,0.0,0.0,0.0,669.5917
0.21,0.5,0.21,0.21,16.1,78.0,311.0,10.0,0.13901484,3,14,1,0,,,,0.4316,0.0,0.0,0.0,626.57916
0.21,0.21,0.21,0.21,16.1,78.0,265.0,3.0,0.14099608,3,15,1,0,,,,0.43016666,0.0,0.0,0.0,531.69165
0.5,0.21,0.21,0.5,15.6,84.0,177.0,3.0,0.144844,3,16,1,0,,,,0.43286666,0.0,0.0,0.0,361.125
0.5,0.21,0.21,0.5,15.6,81.0,77.0,3.0,0.14743333,3,17,1,0,,,,0.81295,0.0,0.0,0.0,71.9125
0.5,0.21,0.21,0.5,15.0,87.0,15.0,5.0,0.15276739,3,18,1,0,,,,2.4896,0.0,0.0,0.0,0.0
0.5,0.21,0.21,0.5,14.4,90.0,0.0,0.0,0.15011182,3,19,1,0,,,,1.9777167,0.0,0.0,0.0,0.0
0.5,0.21,0.21,0.5,14.4,90.0,0.0,0.0,0.14456616,3,20,1,0,,,,0.9979333,0.0,0.0,0.0,0.0
0.21,0.21,0.21,0.21,14.4,93.0,0.0,0.0,0.13283119,3,21,1,0,,,,1.9695333,0.0,0.0,0.0,0.0
0.21,0.21,0.21,0.21,14.4,93.0,0.0,0.0,0.12544559,3,22,1,0,,,,1.9102833,0.0,0.0,0.0,0.0
0.21,0.21,0.21,0.21,14.4,90.0,0.0,0.0,0.12121558,3,23,1,0,,,,1.5397,0.0,0.0,0.0,0.0
0.21,0.21,0.21,0.21,15.0,78.0,0.0,0.0,0.106878206,3,24,1,0,,,,0.9270167,0.0,0.0,0.0,0.0
0.21,0.21,0.21,0.21,13.9,37.0,0.0,0.0,0.10625262,3,1,2,0,,,,0.5861167,0.0,0.0,0.0,0.0
0.21,0.21,0.21,0.21,14.4,90.0,0.0,0.0,0.108756036,3,2,2,0,,,,0.51015,0.0,0.0,0.0,0.0
0.21,0.21,0.21,0.21,13.9,90.0,0.0,0.0,0.105085805,3,3,2,0,,,,0.50958335,0.0,0.0,0.0,0.0
0.21,0.21,0.5,0.21,13.3,97.0,0.0,0.0,0.10686794,3,4,2,0,,,,1.32256,0.0,0.0,0.0,0.0
0.21,0.21,0.5,0.21,13.3,97.0,0.0,0.0,0.11335881,3,5,2,0,,,,1.3196666,0.0,0.0,0.0,0.0
0.21,0.21,0.5,0.21,14.4,90.0,0.0,0.0,0.12448459,3,6,2,0,,,,0.75401664,0.0,0.0,0.0,0.0
0.21,0.21,0.5,0.21,15.0,84.0,13.0,3.0,0.13191621,3,7,2,0,,,,0.84745,0.0,0.0,0.0,24.341667
0.21,0.21,0.5,0.21,15.0,84.0,59.0,7.0,0.1361404,3,8,2,0,,,,0.6037667,0.0,0.0,0.0,130.02083
0.21,0.21,0.21,0.21,15.0,81.0,162.0,2.0,0.14029002,3,9,2,0,,,,0.42753333,0.0,0.0,0.0,325.52084
0.21,0.5,0.21,0.21,15.0,78.0,262.0,1.0,0.14056279,3,10,2,0,,,,0.43956667,0.0,0.0,0.0,466.89584
0.21,0.5,0.21,0.21,15.6,78.0,291.0,9.0,0.14036119,3,11,2,0,,,,0.44541666,0.0,0.0,0.0,553.8417
0.21,0.5,0.21,0.21,14.4,84.0,329.0,10.0,0.14077719,3,12,2,0,,,,0.48134166,0.0,0.0,0.0,619.26044
0.21,0.5,0.21,0.21,15.0,78.0,383.0,6.0,0.14115265,3,13,2,0,,,,0.4297,0.0,0.0,0.0,641.7375
0.21,0.5,0.21,0.21,16.7,70.0,686.0,728.0,0.13906953,3,14,2,0,,,,0.42948332,0.0,0.0,0.0,615.4583
0.21,0.21,0.21,0.21,16.7,73.0,576.0,621.0,0.13768615,3,15,2,0,,,,0.5240833,0.0,0.0,0.0,525.18335
0.5,0.21,0.21,0.5,14.4,81.0,317.0,224.0,0.14776273,3,16,2,0,,,,0.54655,0.0,0.0,0.0,342.26666
0.5,0.21,0.21,0.5,15.6,78.0,91.0,49.0,0.15370905,3,17,2,0,,,,0.6792,0.0,0.0,0.0,68.8375
0.5,0.21,0.21,0.5,15.0,78.0,21.0,2.0,0.15909186,3,18,2,0,,,,1.12835,0.0,0.0,0.0,0.0
0.5,0.21,0.21,0.5,15.0,78.0,0.0,0.0,0.15575491,3,19,2,0,,,,1.3929,0.0,0.0,0.0,0.0
0.5,0.21,0.21,0.5,15.0,81.0,0.0,0.0,0.14967144,3,20,2,0,,,,1.3477167,0.0,0.0,0.0,0.0
0.21,0.21,0.21,0.21,15.0,81.0,0.0,0.0,0.14471804,3,21,2,0,,,,1.2731,0.0,0.0,0.0,0.0
0.21,0.21,0.21,0.21,15.0,84.0,0.0,0.0,0.13343221,3,22,2,0,,,,1.12715,0.0,0.0,0.0,0.0
0.21,0.21,0.21,0.21,15.0,84.0,0.0,0.0,0.12031943,3,23,2,0,,,,0.78066665,0.0,0.0,0.0,0.0
0.21,0.21,0.21,0.21,13.3,80.0,0.0,0.0,0.108280584,3,24,2,0,,,,0.42005,0.0,0.0,0.0,0.0
0.21,0.21,0.21,0.21,13.9,84.0,0.0,0.0,0.11031547,3,1,3,0,,,,0.41316667,0.0,0.0,0.0,0.0
0.21,0.21,0.21,0.21,13.9,84.0,0.0,0.0,0.10869164,3,2,3,0,,,,0.41316667,0.0,0.0,0.0,0.0
0.21,0.21,0.21,0.21,13.3,83.0,0.0,0.0,0.107530735,3,3,3,0,,,,0.41416666,0.0,0.0,0.0,0.0
0.21,0.21,0.5,0.21,12.2,90.0,0.0,0.0,0.10892706,3,4,3,0,,,,0.41255,0.0,0.0,0.0,0.0
0.21,0.21,0.5,0.21,12.8,87.0,0.0,0.0,0.11000426,3,5,3,0,,,,0.41203332,0.0,0.0,0.0,0.0
0.21,0.21,0.5,0.21,13.9,81.0,0.0,0.0,0.12023243,3,6,3,0,,,,0.47318333,0.0,0.0,0.0,0.0
0.21,0.21,0.5,0.21,13.9,78.0,22.0,9.0,0.12242553,3,7,3,0,,,,0.74835,0.0,0.0,0.0,34.220833
0.21,0.21,0.5,0.21,14.4,75.0,188.0,528.0,0.1226423,3,8,3,0,,,,0.6724667,0.0,0.0,0.0,135.87917
0.21,0.21,0.21,0.21,15.6,72.0,397.0,716.0,0.12586093,3,9,3,0,,,,0.32433334,0.0,0.0,0.0,315.94168
0.21,0.5,0.21,0.21,16.1,70.0,562.0,764.0,0.119681,3,10,3,0,,,,0.33761665,0.0,0.0,0.0,477.14584
0.21,0.5,0.21,0.21,16.1,67.0,699.0,838.0,0.11530858,3,11,3,0,,,,0.34416667,0.0,0.0,0.0,584.3458
0.21,0.5,0.21,0.21,16.7,60.0,734.0,749.0,0.11286545,3,12,3,0,,,,0.3327,0.0,0.0,0.0,650.69165
0.21,0.5,0.21,0.21,16.7,65.0,804.0,880.0,0.11313091,3,13,3,0,,,,0.38821667,0.0,0.0,0.0,633.55835
0.21,0.5,0.21,0.21,16.7,70.0,706.0,703.0,0.1252618,3,14,3,0,,,,0.43846667,0.0,0.0,0.0,596.8125
0.21,0.21,0.21,0.21,16.1,60.0,615.0,825.0,0.13162555,3,15,3,0,,,,0.33116665,0.0,0.0,0.0,491.21667
0.5,0.21,0.21,0.5,16.1,54.0,438.0,751.0,0.13243036,3,16,3,0,,,,0.33156666,0.0,0.0,0.0,327.7375
0.5,0.21,0.21,0.5,15.0,65.0,222.0,564.0,0.13410036,3,17,3,0,,,,0.66048336,0.0,0.0,0.0,66.566666
0.5,0.21,0.21,0.5,13.9,67.0,32.0,50.0,0.1399793,3,18,3,0,,,,0.61331666,0.0,0.0,0.0,0.0
0.5,0.21,0.21,0.5,13.9,75.0,0.0,0.0,0.13118619,3,19,3,0,,,,0.7201833,0.0,0.0,0.0,0.0
0.5,0.21,0.21,0.5,13.9,81.0,0.0,0.0,0.12238983,3,20,3,0,,,,0.90515,0.0,0.0,0.0,0.0
0.21,0.21,0.21,0.21,13.3,87.0,0.0,0.0,0.1139547,3,21,3,0,,,,2.6484168,0.0,0.0,0.0,0.0
0.21,0.21,0.21,0.21,13.9,84.0,0.0,0.0,0.10751876,3,22,3,0,,,,0.86965,0.0,0.0,0.0,0.0
0.21,0.21,0.21,0.21,13.9,81.0,0.0,0.0,0.10506841,3,23,3,0,,,,0.74215,0.0,0.0,0.0,0.0
0.21,0.21,0.21,0.21,12.8,93.0,0.0,0.0,0.0996475,3,24,3,0,,,,0.433075,0.0,0.0,0.0,0.0
0.21,0.21,0.21,0.21,13.9,84.0,0.0,0.0,0.09530862,3,1,4,0,,,,0.42855,0.0,0.0,0.0,0.0
0.21,0.21,0.21,0.21,13.9,81.0,0.0,0.0,0.092907384,3,2,4,0,,,,0.4264,0.0,0.0,0.0,0.0
0.21,0.21,0.21,0.21,13.9,81.0,0.0,0.0,0.094640054,3,3,4,0,,,,0.42656666,0.0,0.0,0.0,0.0
0.21,0.21,0.5,0.21,13.9,84.0,0.0,0.0,0.093346596,3,4,4,0,,,,0.42378333,0.0,0.0,0.0,0.0
0.21,0.21,0.5,0.21,13.9,84.0,0.0,0.0,0.09782301,3,5,4,0,,,,0.42295,0.0,0.0,0.0,0.0
0.21,0.21,0.5,0.21,13.9,84.0,0.0,0.0,0.11299316,3,6,4,0,,,,0.9137833,0.0,0.0,0.0,0.0
0.21,0.21,0.5,0.21,13.9,81.0,22.0,1.0,0.11403516,3,7,4,0,,,,1.203375,0.0,0.0,0.0,24.345833
0.21,0.21,0.5,0.21,13.9,81.0,95.0,12.0,0.115187265,3,8,4,0,,,,0.53823334,0.0,0.0,0.0,135.225
0.21,0.21,0.21,0.21,14.4,72.0,151.0,9.0,0.115697466,3,9,4,0,,,,0.31846666,0.0,0.0,0.0,321.87082
0.21,0.5,0.21,0.21,15.6,72.0,244.0,8.0,0.116054185,3,10,4,0,,,,0.32976666,0.0,0.0,0.0,474.51666
0.21,0.5,0.21,0.21,18.3,63.0,708.0,502.0,0.11435505,3,11,4,0,,,,0.3405,0.0,0.0,0.0,581.0625
0.21,0.5,0.21,0.21,17.8,65.0,402.0,155.0,0.11206759,3,12,4,0,,,,0.28736666,0.0,0.0,0.0,641.2708
0.21,0.5,0.21,0.21,16.1,75.0,518.0,207.0,0.112350985,3,13,4,0,,,,0.27576667,0.0,0.0,0.0,638.1667
0.21,0.5,0.21,0.21,16.7,75.0,653.0,568.0,0.11306884,3,14,4,0,,,,0.27595,0.0,0.0,0.0,592.2375
0.21,0.21,0.21,0.21,16.7,75.0,620.0,838.0,0.11483743,3,15,4,0,,,,0.27526668,0.0,0.0,0.0,483.1875
0.5,0.21,0.21,0.5,16.1,78.0,428.0,731.0,0.11768715,3,16,4,0,,,,0.3297,0.0,0.0,0.0,316.3625
0.5,0.21,0.21,0.5,15.0,81.0,212.0,463.0,0.12753382,3,17,4,0,,,,0.63888335,0.0,0.0,0.0,56.95
0.5,0.21,0.21,0.5,15.0,84.0,43.0,22.0,0.13645193,3,18,4,0,,,,1.8460667,0.0,0.0,0.0,0.0
0.5,0.21,0.21,0.5,14.4,84.0,0.0,0.0,0.14223568,3,19,4,0,,,,2.6696334,0.0,0.0,0.0,0.0
0.5,0.21,0.21,0.5,14.4,87.0,0.0,0.0,0.1453789,3,20,4,0,,,,1.16565,0.0,0.0,0.0,0.0
0.21,0.21,0.21,0.21,13.9,87.0,0.0,0.0,0.13675064,3,21,4,0,,,,0.98931664,0.0,0.0,0.0,0.0
0.21,0.21,0.21,0.21,13.9,90.0,0.0,0.0,0.12031237,3,22,4,0,,,,2.4682667,0.0,0.0,0.0,0.0
0.21,0.21,0.21,0.21,13.3,90.0,0.0,0.0,0.11887617,3,23,4,0,,,,2.7246666,0.0,0.0,0.0,0.0
0.21,0.21,0.21,0.21,13.3,87.0,0.0,0.0,0.109007396,3,24,4,0,,,,0.61105835,0.0,0.0,0.0,0.0
0.21,0.21,0.21,0.21,12.8,97.0,0.0,0.0,0.107385725,3,1,5,0,,,,0.42555,0.0,0.0,0.0,0.0
0.21,0.21,0.21,0.21,12.2,100.0,0.0,0.0,0.11155885,3,2,5,0,,,,0.42188334,0.0,0.0,0.0,0.0
0.21,0.21,0.21,0.21,11.1,100.0,0.0,0.0,0.110517696,3,3,5,0,,,,0.42083332,0.0,0.0,0.0,0.0
0.21,0.21,0.5,0.21,10.6,100.0,0.0,0.0,0.11452288,3,4,5,0,,,,0.41853333,0.0,0.0,0.0,0.0
0.21,0.21,0.5,0.21,12.2,96.0,0.0,0.0,0.1294321,3,5,5,0,,,,0.4184,0.0,0.0,0.0,0.0
0.21,0.21,0.5,0.21,12.8,93.0,0.0,0.0,0.13667423,3,6,5,0,,,,0.35913333,0.0,0.0,0.0,0.0
0.21,0.21,0.5,0.21,12.8,90.0,27.0,41.0,0.14003897,3,7,5,0,,,,0.9788667,0.0,0.0,0.0,103.4625
0.21,0.21,0.5,0.21,13.9,84.0,134.0,50.0,0.14616583,3,8,5,0,,,,0.5938333,0.0,0.0,0.0,178.07916
0.21,0.21,0.21,0.21,15.0,78.0,153.0,9.0,0.14888163,3,9,5,0,,,,0.44411665,0.0,0.0,0.0,318.46667
0.21,0.5,0.21,0.21,15.6,72.0,251.0,76.0,0.14667091,3,10,5,0,,,,0.43213335,0.0,0.0,0.0,452.74167
0.21,0.5,0.21,0.21,16.1,72.0,540.0,299.0,0.14260237,3,11,5,0,,,,0.43631667,0.0,0.0,0.0,458.8625
0.21,0.5,0.21,0.21,17.2,68.0,706.0,557.0,0.1414823,3,12,5,0,,,,0.39503333,0.0,0.0,0.0,563.9708
0.21,0.5,0.21,0.21,17.8,68.0,790.0,747.0,0.13969734,3,13,5,0,,,,0.38793334,0.0,0.0,0.0,526.9042
0.21,0.5,0.21,0.21,16.7,73.0,432.0,122.0,0.13800398,3,14,5,0,,,,0.3819,0.0,0.0,0.0,513.01666
0.21,0.21,0.21,0.21,16.7,75.0,428.0,263.0,0.13629122,3,15,5,0,,,,0.37905,0.0,0.0,0.0,345.40833
0.5,0.21,0.21,0.5,15.6,78.0,355.0,349.0,0.13911568,3,16,5,0,,,,0.42106667,0.0,0.0,0.0,128.87083
0.5,0.21,0.21,0.5,15.0,84.0,230.0,464.0,0.14013246,3,17,5,0,,,,0.76645,0.0,0.0,0.0,18.729166
0.5,0.21,0.21,0.5,13.9,87.0,57.0,288.0,0.150933,3,18,5,0,,,,0.4592,0.0,0.0,0.0,0.0
0.5,0.21,0.21,0.5,13.3,90.0,0.0,0.0,0.14611658,3,19,5,0,,,,0.75906664,0.0,0.0,0.0,0.0
0.5,0.21,0.21,0.5,13.3,90.0,0.0,0.0,0.15140738,3,20,5,0,,,,1.1373333,0.0,0.0,0.0,0.0
0.21,0.21,0.21,0.21,13.9,87.0,0.0,0.0,0.14297794,3,21,5,0,,,,0.83883333,0.0,0.0,0.0,0.0
0.21,0.21,0.21,0.21,13.9,84.0,0.0,0.0,0.12109208,3,22,5,0,,,,0.8664333,0.0,0.0,0.0,0.0
0.21,0.21,0.21,0.21,13.3,90.0,0.0,0.0,0.1130667,3,23,5,0,,,,1.1078666,0.0,0.0,0.0,0.0
0.21,0.21,0.21,0.21,13.3,90.0,0.0,0.0,0.11984301,3,24,5,0,,,,0.7036,0.0,0.0,0.0,0.0
0.21,0.21,0.21,0.21,12.8,90.0,0.0,0.0,0.11689288,3,1,6,0,,,,0.6967667,0.0,0.0,0.0,0.0
0.21,0.21,0.21,0.21,13.9,84.0,0.0,0.0,0.11887536,3,2,6,0,,,,0.6889833,0.0,0.0,0.0,0.0
0.21,0.21,0.21,0.21,13.3,87.0,0.0,0.0,0.12011412,3,3,6,0,,,,0.6785167,0.0,0.0,0.0,0.0
0.21,0.21,0.5,0.21,13.3,83.0,0.0,0.0,0.12275547,3,4,6,0,,,,0.6745167,0.0,0.0,0.0,0.0
0.21,0.21,0.5,0.21,12.8,87.0,0.0,0.0,0.12326537,3,5,6,0,,,,0.6745333,0.0,0.0,0.0,0.0
0.21,0.21,0.5,0.21,12.2,90.0,0.0,0.0,0.13345425,3,6,6,0,,,,0.6221,0.0,0.0,0.0,0.0
0.21,0.21,0.5,0.21,12.8,87.0,20.0,5.0,0.13481623,3,7,6,0,,,,0.59285,0.0,0.0,0.0,26.925
0.21,0.21,0.5,0.21,14.4,78.0,145.0,191.0,0.14137809,3,8,6,0,,,,0.51526666,0.0,0.0,0.0,142.59584
0.21,0.21,0.21,0.21,16.1,67.0,335.0,343.0,0.14109756,3,9,6,0,,,,0.6361,0.0,0.0,0.0,328.05832
0.21,0.5,0.21,0.21,17.2,65.0,547.0,555.0,0.14362472,3,10,6,0,,,,3.3527834,0.0,0.0,0.0,480.04584
0.21,0.5,0.21,0.21,17.8,63.0,692.0,620.0,0.145818,3,11,6,0,,,,1.0922667,0.0,0.0,0.0,582.56665
0.21,0.5,0.21,0.21,17.2,65.0,765.0,647.0,0.14710014,3,12,6,0,,,,0.81408334,0.0,0.0,0.0,639.7292
0.21,0.5,0.21,0.21,17.2,65.0,772.0,650.0,0.1451609,3,13,6,0,,,,0.8106833,0.0,0.0,0.0,651.825
0.21,0.5,0.21,0.21,16.7,67.0,708.0,627.0,0.14288293,3,14,6,0,,,,0.47968334,0.0,0.0,0.0,605.00836
0.21,0.21,0.21,0.21,16.7,75.0,573.0,564.0,0.14080338,3,15,6,0,,,,0.43185,0.0,0.0,0.0,519.1542
0.5,0.21,0.21,0.5,16.7,78.0,386.0,447.0,0.14448935,3,16,6,0,,,,0.6063333,0.0,0.0,0.0,358.05832
0.5,0.21,0.21,0.5,16.1,84.0,140.0,128.0,0.14645289,3,17,6,0,,,,0.61765,0.0,0.0,0.0,66.00833
0.5,0.21,0.21,0.5,15.0,90.0,40.0,17.0,0.15047194,3,18,6,0,,,,0.5815833,0.0,0.0,0.0,0.0
0.5,0.21,0.21,0.5,15.0,90.0,0.0,0.0,0.151733,3,19,6,0,,,,0.5052,0.0,0.0,0.0,0.0
0.5,0.21,0.21,0.5,15.6,84.0,0.0,0.0,0.15413092,3,20,6,0,,,,0.5068667,0.0,0.0,0.0,0.0
0.21,0.21,0.21,0.21,15.0,87.0,0.0,0.0,0.15542531,3,21,6,0,,,,0.5071167,0.0,0.0,0.0,0.0
0.21,0.21,0.21,0.21,14.4,87.0,0.0,0.0,0.14941669,3,22,6,0,,,,0.71095,0.0,0.0,0.0,0.0
0.21,0.21,0.21,0.21,13.9,87.0,0.0,0.0,0.14158483,3,23,6,0,,,,0.7564167,0.0,0.0,0.0,0.0
0.21,0.21,0.21,0.21,12.8,83.0,0.0,0.0,0.13798806,3,24,6,0,,,,0.48901665,0.0,0.0,0.0,0.0
0.21,0.21,0.21,0.21,13.3,97.0,0.0,0.0,0.13807552,3,1,7,0,,,,0.37263334,0.0,0.0,0.0,0.0
0.21,0.21,0.21,0.21,13.3,93.0,0.0,0.0,0.13866551,3,2,7,0,,,,0.377,0.0,0.0,0.0,0.0
0.21,0.21,0.21,0.21,13.3,93.0,0.0,0.0,0.13925551,3,3,7,0,,,,0.3699,0.0,0.0,0.0,0.0
0.21,0.21,0.5,0.21,13.3,93.0,0.0,0.0,0.1425246,3,4,7,0,,,,0.37245,0.0,0.0,0.0,0.0
0.21,0.21,0.5,0.21,13.9,90.0,0.0,0.0,0.14293595,3,5,7,0,,,,0.37093332,0.0,0.0,0.0,0.0
0.21,0.21,0.5,0.21,13.9,90.0,0.0,0.0,0.13821484,3,6,7,0,,,,0.37111667,0.0,0.0,0.0,0.0
0.21,0.21,0.5,0.21,13.9,93.0,18.0,2.0,0.14020377,3,7,7,0,,,,0.36486667,0.0,0.0,0.0,4.4166665
0.21,0.21,0.5,0.21,14.4,90.0,81.0,7.0,0.14705129,3,8,7,0,,,,0.3752,0.0,0.0,0.0,27.133333
0.21,0.21,0.21,0.21,15.0,87.0,212.0,6.0,0.15018375,3,9,7,0,,,,0.37085,0.0,0.0,0.0,146.34584
0.21,0.5,0.21,0.21,14.4,84.0,258.0,10.0,0.14907178,3,10,7,0,,,,1.5389,0.0,0.0,0.0,331.73334
0.21,0.5,0.21,0.21,15.0,90.0,337.0,5.0,0.14811587,3,11,7,0,,,,3.9397666,0.0,0.0,0.0,482.66666
0.21,0.5,0.21,0.21,16.1,87.0,359.0,0.0,0.14641668,3,12,7,0,,,,3.7256835,0.0,0.0,0.0,581.32916
0.21,0.5,0.21,0.21,17.2,73.0,327.0,100.0,0.14102651,3,13,7,0,,,,1.5327667,0.0,0.0,0.0,637.5625
0.21,0.5,0.21,0.21,15.6,81.0,372.0,71.0,0.1381442,3,14,7,0,,,,2.77785,0.0,0.0,0.0,650.1625
0.21,0.21,0.21,0.21,15.6,75.0,261.0,1.0,0.14402649,3,15,7,0,,,,0.6199167,0.0,0.0,0.0,615.50836
0.5,0.21,0.21,0.5,15.6,81.0,216.0,37.0,0.1447871,3,16,7,0,,,,0.6164167,0.0,0.0,0.0,508.35416
0.5,0.21,0.21,0.5,14.4,78.0,190.0,252.0,0.14818192,3,17,7,0,,,,2.1186,0.0,0.0,0.0,345.55832
0.5,0.21,0.21,0.5,14.4,81.0,18.0,13.0,0.15554708,3,18,7,0,,,,0.78676665,0.0,0.0,0.0,69.23333
0.5,0.21,0.21,0.5,14.4,81.0,0.0,0.0,0.15978856,3,19,7,0,,,,2.8687167,0.0,0.0,0.0,0.0
0.5,0.21,0.21,0.5,14.4,78.0,0.0,0.0,0.16055901,3,20,7,0,,,,1.2961667,0.0,0.0,0.0,0.0
0.21,0.21,0.21,0.21,13.9,81.0,0.0,0.0,0.1649164,3,21,7,0,,,,1.37835,0.0,0.0,0.0,0.0
0.21,0.21,0.21,0.21,13.3,83.0,0.0,0.0,0.15599388,3,22,7,0,,,,1.2853,0.0,0.0,0.0,0.0
0.21,0.21,0.21,0.21,12.8,97.0,0.0,0.0,0.15424396,3,23,7,0,,,,3.3358834,0.0,0.0,0.0,0.0
0.21,0.21,0.21,0.21,12.8,87.0,0.0,0.0,0.1694097,3,24,7,0,,,,0.60560834,0.0,0.0,0.0,0.0
0.21,0.21,0.21,0.21,13.9,72.0,0.0,0.0,0.17165437,3,1,1,0,,,,0.54698336,0.0,0.0,0.0,0.0
0.21,0.21,0.21,0.21,13.3,80.0,0.0,0.0,0.17503864,3,2,1,0,,,,0.54605,0.0,0.0,0.0,0.0
0.21,0.21,0.21,0.21,13.3,83.0,0.0,0.0,0.17243603,3,3,1,0,,,,0.5372,0.0,0.0,0.0,0.0
0.21,0.21,0.5,0.21,12.8,87.0,0.0,0.0,0.17541888,3,4,1,0,,,,0.5374333,0.0,0.0,0.0,0.0
0.21,0.21,0.5,0.21,12.8,87.0,0.0,0.0,0.18731044,3,5,1,0,,,,0.53625,0.0,0.0,0.0,0.0
0.21,0.21,0.5,0.21,13.3,83.0,0.0,0.0,0.20283231,3,6,1,0,,,,0.53368336,0.0,0.0,0.0,0.0
0.21,0.21,0.5,0.21,13.3,80.0,22.0,0.0,0.19649343,3,7,1,0,,,,1.0293334,0.0,0.0,0.0,5.9041667
0.21,0.21,0.5,0.21,14.4,78.0,100.0,1.0,0.1892923,3,8,1,0,,,,0.7493,0.0,0.0,0.0,28.3
0.21,0.21,0.21,0.21,16.1,70.0,168.0,11.0,0.18782325,3,9,1,0,,,,0.44685,0.0,0.0,0.0,151.2375
0.21,0.5,0.21,0.21,16.7,65.0,334.0,56.0,0.1897967,3,10,1,0,,,,0.45038334,0.0,0.0,0.0,336.30832
0.21,0.5,0.21,0.21,17.2,65.0,715.0,659.0,0.18445432,3,11,1,0,,,,0.46005,0.0,0.0,0.0,486.33334
0.21,0.5,0.21,0.21,17.8,63.0,718.0,573.0,0.1870828,3,12,1,0,,,,0.46691668,0.0,0.0,0.0,586.43335
0.21,0.5,0.21,0.21,18.3,61.0,700.0,604.0,0.18764749,3,13,1,0,,,,1.5061166,0.0,0.0,0.0,643.5
0.21,0.5,0.21,0.21,18.3,65.0,632.0,506.0,0.18983224,3,14,1,0,,,,1.0341834,0.0,0.0,0.0,654.575
0.21,0.21,0.21,0.21,16.7,67.0,613.0,849.0,0.18886203,3,15,1,0,,,,1.9732833,0.0,0.0,0.0,610.7625
0.5,0.21,0.21,0.5,16.7,70.0,465.0,821.0,0.18679398,3,16,1,0,,,,3.66685,0.0,0.0,0.0,516.25415
0.5,0.21,0.21,0.5,15.6,70.0,253.0,686.0,0.18823749,3,17,1,0,,,,2.0088665,0.0,0.0,0.0,354.0125
0.5,0.21,0.21,0.5,14.4,81.0,58.0,286.0,0.18811136,3,18,1,0,,,,1.4827833,0.0,0.0,0.0,77.63333
0.5,0.21,0.21,0.5,13.9,84.0,0.0,0.0,0.1923298,3,19,1,0,,,,1.4287167,0.0,0.0,0.0,0.0
0.5,0.21,0.21,0.5,13.9,84.0,0.0,0.0,0.1898287,3,20,1,0,,,,1.0908,0.0,0.0,0.0,0.0
0.21,0.21,0.21,0.21,13.9,81.0,0.0,0.0,0.1867347,3,21,1,0,,,,1.8524333,0.0,0.0,0.0,0.0
0.21,0.21,0.21,0.21,13.3,87.0,0.0,0.0,0.17624906,3,22,1,0,,,,1.2121167,0.0,0.0,0.0,0.0
0.21,0.21,0.21,0.21,13.3,83.0,0.0,0.0,0.17221195,3,23,1,0,,,,0.88168335,0.0,0.0,0.0,0.0
0.21,0.21,0.21,0.21,11.7,83.0,0.0,0.0,0.17167206,3,24,1,0,,,,0.469125,0.0,0.0,0.0,0.0
0.21,0.21,0.21,0.21,11.7,93.0,0.0,0.0,0.1750387,3,1,2,0,,,,0.46381667,0.0,0.0,0.0,0.0
0.21,0.21,0.21,0.21,11.1,96.0,0.0,0.0,0.17078768,3,2,2,0,,,,0.46721667,0.0,0.0,0.0,0.0
0.21,0.21,0.21,0.21,11.1,93.0,0.0,0.0,0.17191683,3,3,2,0,,,,0.45765,0.0,0.0,0.0,0.0
0.21,0.21,0.5,0.21,11.1,93.0,0.0,0.0,0.17142333,3,4,2,0,,,,0.45938334,0.0,0.0,0.0,0.0
0.21,0.21,0.5,0.21,10.6,96.0,0.0,0.0,0.17497082,3,5,2,0,,,,0.49596667,0.0,0.0,0.0,0.0
0.21,0.21,0.5,0.21,11.7,90.0,0.0,0.0,0.1744946,3,6,2,0,,,,0.8977,0.0,0.0,0.0,0.0
0.21,0.21,0.5,0.21,11.7,90.0,49.0,190.0,0.17540939,3,7,2,0,,,,0.94766665,0.0,0.0,0.0,6.616667
0.21,0.21,0.5,0.21,13.3,83.0,187.0,351.0,0.17983946,3,8,2,0,,,,0.48833334,0.0,0.0,0.0,29.708334
0.21,0.21,0.21,0.21,13.9,81.0,160.0,64.0,0.18007624,3,9,2,0,,,,0.41186666,0.0,0.0,0.0,154.79584
0.21,0.5,0.21,0.21,16.1,72.0,361.0,81.0,0.17610484,3,10,2,0,,,,0.41198334,0.0,0.0,0.0,336.725
0.21,0.5,0.21,0.21,16.1,67.0,304.0,95.0,0.17288211,3,11,2,0,,,,0.84925,0.0,0.0,0.0,482.94583
0.21,0.5,0.21,0.21,15.6,72.0,488.0,134.0,0.17590183,3,12,2,0,,,,0.98365,0.0,0.0,0.0,587.2167
0.21,0.5,0.21,0.21,15.6,70.0,665.0,321.0,0.17361815,3,13,2,0,,,,0.9837,0.0,0.0,0.0,647.6583
0.21,0.5,0.21,0.21,15.6,75.0,443.0,15.0,0.16942914,3,14,2,0,,,,1.6119334,0.0,0.0,0.0,653.7833
0.21,0.21,0.21,0.21,15.6,72.0,249.0,10.0,0.16213179,3,15,2,0,,,,1.2777667,0.0,0.0,0.0,581.55
0.5,0.21,0.21,0.5,14.4,81.0,200.0,4.0,0.16182244,3,16,2,0,,,,1.8064834,0.0,0.0,0.0,514.6042
0.5,0.21,0.21,0.5,13.9,78.0,121.0,1.0,0.16142341,3,17,2,0,,,,1.2746167,0.0,0.0,0.0,238.9
0.5,0.21,0.21,0.5,13.3,80.0,43.0,32.0,0.16807888,3,18,2,0,,,,1.4225334,0.0,0.0,0.0,54.404167
0.5,0.21,0.21,0.5,13.3,80.0,0.0,0.0,0.1820515,3,19,2,0,,,,1.6107,0.0,0.0,0.0,0.0
0.5,0.21,0.21,0.5,13.3,75.0,0.0,0.0,0.18186267,3,20,2,0,,,,1.7291666,0.0,0.0,0.0,0.0
0.21,0.21,0.21,0.21,13.3,75.0,0.0,0.0,0.17552494,3,21,2,0,,,,0.8502833,0.0,0.0,0.0,0.0
0.21,0.21,0.21,0.21,13.9,75.0,0.0,0.0,0.1734363,3,22,2,0,,,,1.1809666,0.0,0.0,0.0,0.0
0.21,0.21,0.21,0.21,12.2,93.0,0.0,0.0,0.17248109,3,23,2,0,,,,1.0373833,0.0,0.0,0.0,0.0
0.21,0.21,0.21,0.21,11.7,66.0,0.0,0.0,0.1661072,3,24,2,0,,,,0.727625,0.0,0.0,0.0,0.0
0.21,0.21,0.21,0.21,11.7,80.0,0.0,0.0,0.16472355,3,1,3,0,,,,0.46495,0.0,0.0,0.0,0.0
0.21,0.21,0.21,0.21,11.1,69.0,0.0,0.0,0.16388316,3,2,3,0,,,,0.46833333,0.0,0.0,0.0,0.0
0.21,0.21,0.21,0.21,10.6,69.0,0.0,0.0,0.16369435,3,3,3,0,,,,0.46198332,0.0,0.0,0.0,0.0
0.21,0.21,0.5,0.21,10.0,64.0,0.0,0.0,0.16724418,3,4,3,0,,,,0.46016666,0.0,0.0,0.0,0.0
0.21,0.21,0.5,0.21,9.4,66.0,0.0,0.0,0.17197506,3,5,3,0,,,,0.61365,0.0,0.0,0.0,0.0
0.21,0.21,0.5,0.21,10.0,61.0,0.0,0.0,0.17588279,3,6,3,0,,,,0.9687,0.0,0.0,0.0,0.0
0.21,0.21,0.5,0.21,10.0,61.0,45.0,136.0,0.17648494,3,7,3,0,,,,1.0535,0.0,0.0,0.0,4.945833
0.21,0.21,0.5,0.21,11.1,57.0,218.0,532.0,0.17925745,3,8,3,0,,,,0.47926667,0.0,0.0,0.0,35.845833
0.21,0.21,0.21,0.21,12.8,55.0,438.0,721.0,0.18033695,3,9,3,0,,,,0.4175,0.0,0.0,0.0,169.14166
0.21,0.5,0.21,0.21,13.9,53.0,598.0,684.0,0.18004878,3,10,3,0,,,,0.41823334,0.0,0.0,0.0,344.25
0.21,0.5,0.21,0.21,14.4,53.0,749.0,800.0,0.17687158,3,11,3,0,,,,0.41736665,0.0,0.0,0.0,318.48334
0.21,0.5,0.21,0.21,15.0,54.0,820.0,736.0,0.18017167,3,12,3,0,,,,0.41086668,0.0,0.0,0.0,561.6542
0.21,0.5,0.21,0.21,15.6,54.0,769.0,659.0,0.17891464,3,13,3,0,,,,1.44735,0.0,0.0,0.0,628.5375
0.21,0.5,0.21,0.21,13.9,60.0,468.0,109.0,0.17913789,3,14,3,0,,,,1.00965,0.0,0.0,0.0,639.44586
0.21,0.21,0.21,0.21,13.9,62.0,440.0,270.0,0.17532523,3,15,3,0,,,,2.1142666,0.0,0.0,0.0,613.12085
0.5,0.21,0.21,0.5,13.9,64.0,259.0,140.0,0.17302898,3,16,3,0,,,,1.5052,0.0,0.0,0.0,515.82086
0.5,0.21,0.21,0.5,13.9,64.0,170.0,117.0,0.17198355,3,17,3,0,,,,1.1490166,0.0,0.0,0.0,361.55832
0.5,0.21,0.21,0.5,14.4,60.0,33.0,64.0,0.17688599,3,18,3,0,,,,1.1580334,0.0,0.0,0.0,88.00833
0.5,0.21,0.21,0.5,13.9,60.0,0.0,0.0,0.17877673,3,19,3,0,,,,0.95385,0.0,0.0,0.0,0.0
0.5,0.21,0.21,0.5,13.3,57.0,0.0,0.0,0.17573638,3,20,3,0,,,,0.93055,0.0,0.0,0.0,0.0
0.21,0.21,0.21,0.21,12.8,60.0,0.0,0.0,0.1810778,3,21,3,0,,,,1.6911833,0.0,0.0,0.0,0.0
0.21,0.21,0.21,0.21,12.2,62.0,0.0,0.0,0.17694244,3,22,3,0,,,,1.4303666,0.0,0.0,0.0,0.0
0.21,0.21,0.21,0.21,12.8,60.0,0.0,0.0,0.1739483,3,23,3,0,,,,1.0983334,0.0,0.0,0.0,0.0
0.21,0.21,0.21,0.21,12.2,86.0,0.0,0.0,0.16735438,3,24,3,0,,,,0.6908917,0.0,0.0,0.0,0.0
0.21,0.21,0.21,0.21,11.7,62.0,0.0,0.0,0.17104939,3,1,4,0,,,,0.49238333,0.0,0.0,0.0,0.0
0.21,0.21,0.21,0.21,11.1,74.0,0.0,0.0,0.16974914,3,2,4,0,,,,0.5091,0.0,0.0,0.0,0.0
0.21,0.21,0.21,0.21,10.6,74.0,0.0,0.0,0.16653818,3,3,4,0,,,,0.5042,0.0,0.0,0.0,0.0
0.21,0.21,0.5,0.21,10.6,61.0,0.0,0.0,0.15862246,3,4,4,0,,,,0.50355,0.0,0.0,0.0,0.0
0.21,0.21,0.5,0.21,9.4,64.0,0.0,0.0,0.16684657,3,5,4,0,,,,0.5010167,0.0,0.0,0.0,0.0
0.21,0.21,0.5,0.21,8.9,66.0,0.0,0.0,0.17160591,3,6,4,0,,,,0.71028334,0.0,0.0,0.0,0.0
0.21,0.21,0.5,0.21,10.6,59.0,46.0,146.0,0.18210027,3,7,4,0,,,,1.0827167,0.0,0.0,0.0,8.204166
0.21,0.21,0.5,0.21,12.2,57.0,223.0,540.0,0.1766548,3,8,4,0,,,,1.0108666,0.0,0.0,0.0,32.920834
0.21,0.21,0.21,0.21,15.0,46.0,445.0,727.0,0.17315303,3,9,4,0,,,,2.4958,0.0,0.0,0.0,161.0625
0.21,0.5,0.21,0.21,16.1,46.0,631.0,808.0,0.17492776,3,10,4,0,,,,3.9059,0.0,0.0,0.0,340.52917
0.21,0.5,0.21,0.21,17.2,43.0,775.0,860.0,0.1666132,3,11,4,0,,,,0.38441667,0.0,0.0,0.0,481.175
0.21,0.5,0.21,0.21,16.7,45.0,846.0,877.0,0.1674874,3,12,4,0,,,,0.29815,0.0,0.0,0.0,575.1042
0.21,0.5,0.21,0.21,16.7,46.0,851.0,881.0,0.16845813,3,13,4,0,,,,0.2774,0.0,0.0,0.0,635.49164
0.21,0.5,0.21,0.21,16.7,56.0,780.0,858.0,0.17468464,3,14,4,0,,,,0.27626666,0.0,0.0,0.0,616.5917
0.21,0.21,0.21,0.21,16.7,58.0,649.0,815.0,0.17340463,3,15,4,0,,,,0.27435,0.0,0.0,0.0,575.06665
0.5,0.21,0.21,0.5,16.1,65.0,461.0,730.0,0.15909569,3,16,4,0,,,,0.27438334,0.0,0.0,0.0,509.54166
0.5,0.21,0.21,0.5,14.4,78.0,243.0,560.0,0.16061172,3,17,4,0,,,,0.27231666,0.0,0.0,0.0,350.27917
0.5,0.21,0.21,0.5,13.9,81.0,56.0,189.0,0.17154714,3,18,4,0,,,,0.48525,0.0,0.0,0.0,73.1625
0.5,0.21,0.21,0.5,12.8,90.0,0.0,0.0,0.17697851,3,19,4,0,,,,0.8588333,0.0,0.0,0.0,0.0
0.5,0.21,0.21,0.5,14.4,81.0,0.0,0.0,0.17297658,3,20,4,0,,,,1.3182833,0.0,0.0,0.0,0.0
0.21,0.21,0.21,0.21,14.4,48.0,0.0,0.0,0.17376706,3,21,4,0,,,,1.3968,0.0,0.0,0.0,0.0
0.21,0.21,0.21,0.21,13.9,47.0,0.0,0.0,0.15957405,3,22,4,0,,,,1.0127167,0.0,0.0,0.0,0.0
0.21,0.21,0.21,0.21,12.8,80.0,0.0,0.0,0.16130148,3,23,4,0,,,,0.6619833,0.0,0.0,0.0,0.0
0.21,0.21,0.21,0.21,13.9,84.0,0.0,0.0,0.15682133,3,24,4,0,,,,0.4086,0.0,0.0,0.0,0.0
0.21,0.21,0.21,0.21,11.7,86.0,0.0,0.0,0.15347074,3,1,5,0,,,,0.4086,0.0,0.0,0.0,0.0
0.21,0.21,0.21,0.21,12.2,77.0,0.0,0.0,0.15478319,3,2,5,0,,,,0.40906668,0.0,0.0,0.0,0.0
0.21,0.21,0.21,0.21,11.7,74.0,0.0,0.0,0.15609615,3,3,5,0,,,,0.40636668,0.0,0.0,0.0,0.0
0.21,0.21,0.5,0.21,11.7,74.0,0.0,0.0,0.1571645,3,4,5,0,,,,0.4045,0.0,0.0,0.0,0.0
0.21,0.21,0.5,0.21,10.6,80.0,0.0,0.0,0.16134423,3,5,5,0,,,,0.40493333,0.0,0.0,0.0,0.0
0.21,0.21,0.5,0.21,8.9,83.0,0.0,0.0,0.17515267,3,6,5,0,,,,0.9101167,0.0,0.0,0.0,0.0
0.21,0.21,0.5,0.21,10.6,72.0,50.0,196.0,0.17878641,3,7,5,0,,,,0.94748336,0.0,0.0,0.0,9.066667
0.21,0.21,0.5,0.21,12.8,67.0,235.0,586.0,0.17895178,3,8,5,0,,,,0.46138334,0.0,0.0,0.0,51.029167
0.21,0.21,0.21,0.21,14.4,70.0,456.0,744.0,0.17069668,3,9,5,0,,,,0.32483333,0.0,0.0,0.0,175.51666
0.21,0.5,0.21,0.21,16.1,63.0,644.0,844.0,0.1651846,3,10,5,0,,,,0.32525,0.0,0.0,0.0,352.39166
0.21,0.5,0.21,0.21,17.2,54.0,783.0,889.0,0.16533695,3,11,5,0,,,,0.33495,0.0,0.0,0.0,494.7875
0.21,0.5,0.21,0.21,18.9,59.0,851.0,902.0,0.16415359,3,12,5,0,,,,0.33956668,0.0,0.0,0.0,581.82916
0.21,0.5,0.21,0.21,17.8,61.0,856.0,905.0,0.16246527,3,13,5,0,,,,0.296,0.0,0.0,0.0,646.375
0.21,0.5,0.21,0.21,17.2,70.0,785.0,883.0,0.15826987,3,14,5,0,,,,0.28448334,0.0,0.0,0.0,626.2833
0.21,0.21,0.21,0.21,17.2,70.0,654.0,843.0,0.15454996,3,15,5,0,,,,0.28236666,0.0,0.0,0.0,558.3125
0.5,0.21,0.21,0.5,16.7,67.0,471.0,770.0,0.16096593,3,16,5,0,,,,0.4847,0.0,0.0,0.0,453.15417
0.5,0.21,0.21,0.5,15.6,72.0,254.0,613.0,0.16137548,3,17,5,0,,,,3.6805832,0.0,0.0,0.0,314.625
0.5,0.21,0.21,0.5,13.9,90.0,58.0,240.0,0.16998455,3,18,5,0,,,,1.4962667,0.0,0.0,0.0,49.654167
0.5,0.21,0.21,0.5,13.3,90.0,0.0,0.0,0.17384234,3,19,5,0,,,,0.83311665,0.0,0.0,0.0,0.0
0.5,0.21,0.21,0.5,12.8,93.0,0.0,0.0,0.1722559,3,20,5,0,,,,0.31655,0.0,0.0,0.0,0.0
0.21,0.21,0.21,0.21,12.8,93.0,0.0,0.0,0.16372012,3,21,5,0,,,,0.6117833,0.0,0.0,0.0,0.0
0.21,0.21,0.21,0.21,12.8,90.0,0.0,0.0,0.1515329,3,22,5,0,,,,0.5047,0.0,0.0,0.0,0.0
0.21,0.21,0.21,0.21,13.3,90.0,0.0,0.0,0.15575047,3,23,5,0,,,,0.5436,0.0,0.0,0.0,0.0
0.21,0.21,0.21,0.21,11.7,83.0,0.0,0.0,0.16157733,3,24,5,0,,,,0.46368334,0.0,0.0,0.0,0.0
0.21,0.21,0.21,0.21,13.9,84.0,0.0,0.0,0.16190797,3,1,6,0,,,,0.36546665,0.0,0.0,0.0,0.0
0.21,0.21,0.21,0.21,12.8,90.0,0.0,0.0,0.15512827,3,2,6,0,,,,0.32073334,0.0,0.0,0.0,0.0
0.21,0.21,0.21,0.21,12.8,90.0,0.0,0.0,0.14931041,3,3,6,0,,,,0.31665,0.0,0.0,0.0,0.0
0.21,0.21,0.5,0.21,11.1,93.0,0.0,0.0,0.15326618,3,4,6,0,,,,0.31348333,0.0,0.0,0.0,0.0
0.21,0.21,0.5,0.21,11.1,93.0,0.0,0.0,0.1582338,3,5,6,0,,,,0.31306666,0.0,0.0,0.0,0.0
0.21,0.21,0.5,0.21,10.6,93.0,0.0,0.0,0.15772189,3,6,6,0,,,,1.2384666,0.0,0.0,0.0,0.0
0.21,0.21,0.5,0.21,11.1,90.0,30.0,1.0,0.15675835,3,7,6,0,,,,2.1627166,0.0,0.0,0.0,13.295834
0.21,0.21,0.5,0.21,12.8,83.0,180.0,271.0,0.15675548,3,8,6,0,,,,1.5013666,0.0,0.0,0.0,44.616665
0.21,0.21,0.21,0.21,13.9,84.0,344.0,325.0,0.16127354,3,9,6,0,,,,0.631,0.0,0.0,0.0,174.4875
0.21,0.5,0.21,0.21,14.4,78.0,282.0,34.0,0.17240445,3,10,6,0,,,,0.7750667,0.0,0.0,0.0,352.89166
0.21,0.5,0.21,0.21,15.0,75.0,281.0,14.0,0.17017035,3,11,6,0,,,,0.57961667,0.0,0.0,0.0,493.6375
0.21,0.5,0.21,0.21,15.0,75.0,399.0,9.0,0.17143834,3,12,6,0,,,,0.95346665,0.0,0.0,0.0,581.19586
0.21,0.5,0.21,0.21,16.1,67.0,440.0,8.0,0.17193152,3,13,6,0,,,,0.69595,0.0,0.0,0.0,635.92914
0.21,0.5,0.21,0.21,16.7,65.0,701.0,666.0,0.16619378,3,14,6,0,,,,2.7782667,0.0,0.0,0.0,649.6458
0.21,0.21,0.21,0.21,15.6,72.0,439.0,278.0,0.16585097,3,15,6,0,,,,1.3431833,0.0,0.0,0.0,478.86667
0.5,0.21,0.21,0.5,15.6,72.0,480.0,809.0,0.16854677,3,16,6,0,,,,0.50853336,0.0,0.0,0.0,315.425
0.5,0.21,0.21,0.5,15.0,75.0,263.0,666.0,0.17188722,3,17,6,0,,,,0.46843332,0.0,0.0,0.0,288.24582
0.5,0.21,0.21,0.5,13.9,72.0,59.0,264.0,0.17931597,3,18,6,0,,,,0.85366666,0.0,0.0,0.0,103.05417
0.5,0.21,0.21,0.5,13.3,75.0,0.0,0.0,0.1790669,3,19,6,0,,,,1.1611,0.0,0.0,0.0,0.0
0.5,0.21,0.21,0.5,13.3,78.0,0.0,0.0,0.17834608,3,20,6,0,,,,1.0329666,0.0,0.0,0.0,0.0
0.21,0.21,0.21,0.21,12.8,80.0,0.0,0.0,0.17884997,3,21,6,0,,,,0.8026,0.0,0.0,0.0,0.0
0.21,0.21,0.21,0.21,12.8,83.0,0.0,0.0,0.17169063,3,22,6,0,,,,0.76891667,0.0,0.0,0.0,0.0
0.21,0.21,0.21,0.21,12.2,83.0,0.0,0.0,0.15792859,3,23,6,0,,,,0.7432167,0.0,0.0,0.0,0.0
0.21,0.21,0.21,0.21,12.8,36.0,0.0,0.0,0.15482986,3,24,6,0,,,,0.76715,0.0,0.0,0.0,0.0
0.21,0.21,0.21,0.21,11.7,83.0,0.0,0.0,0.1556541,3,1,7,0,,,,1.42745,0.0,0.0,0.0,0.0
0.21,0.21,0.21,0.21,11.7,83.0,0.0,0.0,0.15472855,3,2,7,0,,,,0.39406666,0.0,0.0,0.0,0.0
0.21,0.21,0.21,0.21,11.7,83.0,0.0,0.0,0.1515957,3,3,7,0,,,,0.40231666,0.0,0.0,0.0,0.0
0.21,0.21,0.5,0.21,11.1,86.0,0.0,0.0,0.15428206,3,4,7,0,,,,0.40296668,0.0,0.0,0.0,0.0
0.21,0.21,0.5,0.21,10.0,90.0,0.0,0.0,0.15852751,3,5,7,0,,,,0.40123335,0.0,0.0,0.0,0.0
0.21,0.21,0.5,0.21,11.1,45.0,0.0,0.0,0.1661329,3,6,7,0,,,,0.40338334,0.0,0.0,0.0,0.0
0.21,0.21,0.5,0.21,11.7,43.0,53.0,230.0,0.16449963,3,7,7,0,,,,0.39733332,0.0,0.0,0.0,11.825
0.21,0.21,0.5,0.21,13.3,40.0,254.0,648.0,0.17146297,3,8,7,0,,,,0.40605,0.0,0.0,0.0,41.545834
0.21,0.21,0.21,0.21,15.0,39.0,476.0,802.0,0.17798862,3,9,7,0,,,,0.40238333,0.0,0.0,0.0,175.9125
0.21,0.5,0.21,0.21,15.0,48.0,660.0,868.0,0.17427474,3,10,7,0,,,,0.59655,0.0,0.0,0.0,355.4
0.21,0.5,0.21,0.21,16.1,46.0,787.0,913.0,0.17558922,3,11,7,0,,,,0.86205,0.0,0.0,0.0,494.9375
0.21,0.5,0.21,0.21,15.6,52.0,870.0,930.0,0.17376752,3,12,7,0,,,,1.9968667,0.0,0.0,0.0,600.2208
0.21,0.5,0.21,0.21,15.6,54.0,819.0,865.0,0.17149864,3,13,7,0,,,,1.6415,0.0,0.0,0.0,654.62915
0.21,0.5,0.21,0.21,15.0,54.0,745.0,700.0,0.16745108,3,14,7,0,,,,3.1924667,0.0,0.0,0.0,664.56665
0.21,0.21,0.21,0.21,15.6,56.0,541.0,469.0,0.16899261,3,15,7,0,,,,3.6352832,0.0,0.0,0.0,612.8458
0.5,0.21,0.21,0.5,15.0,56.0,443.0,525.0,0.16773738,3,16,7,0,,,,2.128,0.0,0.0,0.0,516.1458
0.5,0.21,0.21,0.5,13.3,64.0,210.0,275.0,0.17537785,3,17,7,0,,,,0.97636664,0.0,0.0,0.0,342.075
0.5,0.21,0.21,0.5,12.2,72.0,55.0,191.0,0.18577045,3,18,7,0,,,,1.9489666,0.0,0.0,0.0,74.26667
0.5,0.21,0.21,0.5,12.2,72.0,0.0,0.0,0.19029033,3,19,7,0,,,,1.76565,0.0,0.0,0.0,0.0
0.5,0.21,0.21,0.5,12.2,64.0,0.0,0.0,0.19552402,3,20,7,0,,,,1.0827167,0.0,0.0,0.0,0.0
0.21,0.21,0.21,0.21,13.3,42.0,0.0,0.0,0.19714575,3,21,7,0,,,,1.2062,0.0,0.0,0.0,0.0
0.21,0.21,0.21,0.21,12.8,37.0,0.0,0.0,0.17763545,3,22,7,0,,,,2.8284,0.0,0.0,0.0,0.0
0.21,0.21,0.21,0.21,13.3,37.0,0.0,0.0,0.16601665,3,23,7,0,,,,1.1697834,0.0,0.0,0.0,0.0
0.21,0.21,0.21,0.21,10.6,72.0,0.0,0.0,0.17916285,3,24,7,0,,,,0.9562333,0.0,0.0,0.0,0.0
0.21,0.21,0.21,0.21,12.2,35.0,0.0,0.0,0.18263428,3,1,1,0,,,,0.64231664,0.0,0.0,0.0,0.0
0.21,0.21,0.21,0.21,11.7,38.0,0.0,0.0,0.18174481,3,2,1,0,,,,0.64203334,0.0,0.0,0.0,0.0
0.21,0.21,0.21,0.21,10.0,48.0,0.0,0.0,0.1816366,3,3,1,0,,,,0.4703,0.0,0.0,0.0,0.0
0.21,0.21,0.5,0.21,8.3,77.0,0.0,0.0,0.1785954,3,4,1,0,,,,0.40596667,0.0,0.0,0.0,0.0
0.21,0.21,0.5,0.21,7.8,80.0,0.0,0.0,0.19094838,3,5,1,0,,,,0.40466666,0.0,0.0,0.0,0.0
0.21,0.21,0.5,0.21,8.3,77.0,0.0,0.0,0.1974649,3,6,1,0,,,,0.40196666,0.0,0.0,0.0,0.0
0.21,0.21,0.5,0.21,9.4,74.0,44.0,115.0,0.19998886,3,7,1,0,,,,0.32316667,0.0,0.0,0.0,6.7833333
0.21,0.21,0.5,0.21,12.2,62.0,149.0,67.0,0.20104295,3,8,1,0,,,,0.48408332,0.0,0.0,0.0,50.829166
0.21,0.21,0.21,0.21,13.9,55.0,367.0,365.0,0.20241308,3,9,1,0,,,,0.9590333,0.0,0.0,0.0,112.125
0.21,0.5,0.21,0.21,15.0,54.0,550.0,485.0,0.19477761,3,10,1,0,,,,0.55043334,0.0,0.0,0.0,208.14583
0.21,0.5,0.21,0.21,16.1,44.0,584.0,401.0,0.1870407,3,11,1,0,,,,0.5581667,0.0,0.0,0.0,340.05
0.21,0.5,0.21,0.21,16.7,52.0,751.0,586.0,0.189925,3,12,1,0,,,,0.5696,0.0,0.0,0.0,619.55835
0.21,0.5,0.21,0.21,16.1,58.0,808.0,736.0,0.19495803,3,13,1,0,,,,0.5651111,0.0,0.0,0.0,658.7361
0.21,0.5,0.21,0.21,16.1,54.0,761.0,734.0,0.19111656,3,14,1,0,,,,0.5606,0.0,0.0,0.0,698.3146
0.21,0.21,0.21,0.21,16.1,52.0,587.0,536.0,0.18395275,3,15,1,0,,,,0.59105,0.0,0.0,0.0,637.825
0.5,0.21,0.21,0.5,16.1,52.0,357.0,286.0,0.18305682,3,16,1,0,,,,0.58493334,0.0,0.0,0.0,535.525
0.5,0.21,0.21,0.5,17.2,54.0,197.0,201.0,0.18623465,3,17,1,0,,,,0.95853335,0.0,0.0,0.0,357.43332
0.5,0.21,0.21,0.5,13.3,78.0,41.0,13.0,0.19272059,3,18,1,0,,,,1.0235333,0.0,0.0,0.0,75.65
0.5,0.21,0.21,0.5,12.2,77.0,0.0,0.0,0.19696395,3,19,1,0,,,,1.1213666,0.0,0.0,0.0,0.0
0.5,0.21,0.21,0.5,12.2,72.0,0.0,0.0,0.20254813,3,20,1,0,,,,0.87511665,0.0,0.0,0.0,0.0
0.21,0.21,0.21,0.21,11.7,69.0,0.0,0.0,0.19363193,3,21,1,0,,,,0.9500333,0.0,0.0,0.0,0.0
0.21,0.21,0.21,0.21,11.1,77.0,0.0,0.0,0.16977444,3,22,1,0,,,,1.1587334,0.0,0.0,0.0,0.0
0.21,0.21,0.21,0.21,11.1,72.0,0.0,0.0,0.16253243,3,23,1,0,,,,0.85085833,0.0,0.0,0.0,0.0
0.21,0.21,0.21,0.21,8.3,56.0,0.0,0.0,0.15520322,3,24,1,0,,,,0.61261666,0.0,0.0,0.0,0.0
0.21,0.21,0.21,0.21,10.6,77.0,0.0,0.0,0.15424354,3,1,2,0,,,,0.42038333,0.0,0.0,0.0,0.0
0.21,0.21,0.21,0.21,10.6,77.0,0.0,0.0,0.15603329,3,2,2,0,,,,0.40256667,0.0,0.0,0.0,0.0
0.21,0.21,0.21,0.21,10.0,80.0,0.0,0.0,0.15602101,3,3,2,0,,,,0.38583332,0.0,0.0,0.0,0.0
0.21,0.21,0.5,0.21,10.0,77.0,0.0,0.0,0.1591945,3,4,2,0,,,,0.38271666,0.0,0.0,0.0,0.0
0.21,0.21,0.5,0.21,10.0,77.0,0.0,0.0,0.1701727,3,5,2,0,,,,0.38105,0.0,0.0,0.0,0.0
0.21,0.21,0.5,0.21,10.0,77.0,0.0,0.0,0.18261212,3,6,2,0,,,,0.40230834,0.0,0.0,0.0,0.0
0.21,0.21,0.5,0.21,10.6,74.0,31.0,3.0,0.19150358,3,7,2,0,,,,0.5226667,0.0,0.0,0.0,16.470833
0.21,0.21,0.5,0.21,10.6,80.0,47.0,1.0,0.19489115,3,8,2,0,,,,0.68593335,0.0,0.0,0.0,66.10833
0.21,0.21,0.21,0.21,12.2,69.0,275.0,57.0,0.19686243,3,9,2,0,,,,0.39111668,0.0,0.0,0.0,218.57916
0.21,0.5,0.21,0.21,12.2,75.0,176.0,11.0,0.19539067,3,10,2,0,,,,0.5244833,0.0,0.0,0.0,306.55417
0.21,0.5,0.21,0.21,10.6,86.0,160.0,5.0,0.19111475,3,11,2,0,,,,0.6106833,0.0,0.0,0.0,220.325
0.21,0.5,0.21,0.21,10.0,96.0,222.0,5.0,0.18116276,3,12,2,0,,,,0.52381665,0.0,0.0,0.0,201.1
0.21,0.5,0.21,0.21,12.2,43.0,387.0,1.0,0.18042105,3,13,2,0,,,,0.62831664,0.0,0.0,0.0,157.12917
0.21,0.5,0.21,0.21,12.2,42.0,308.0,7.0,0.1773331,3,14,2,0,,,,0.80003333,0.0,0.0,0.0,197.3
0.21,0.21,0.21,0.21,12.2,43.0,476.0,193.0,0.17327055,3,15,2,0,,,,0.4376,0.0,0.0,0.0,181.05
0.5,0.21,0.21,0.5,9.4,50.0,226.0,143.0,0.17303774,3,16,2,0,,,,0.36886665,0.0,0.0,0.0,59.395832
0.5,0.21,0.21,0.5,11.7,45.0,139.0,61.0,0.17303166,3,17,2,0,,,,0.3213,0.0,0.0,0.0,37.666668
0.5,0.21,0.21,0.5,11.1,47.0,49.0,116.0,0.17632997,3,18,2,0,,,,0.54788333,0.0,0.0,0.0,8.191667
0.5,0.21,0.21,0.5,10.6,48.0,0.0,0.0,0.17961228,3,19,2,0,,,,0.67726666,0.0,0.0,0.0,0.0
0.5,0.21,0.21,0.5,10.0,50.0,0.0,0.0,0.18659689,3,20,2,0,,,,0.95573336,0.0,0.0,0.0,0.0
0.21,0.21,0.21,0.21,10.0,52.0,0.0,0.0,0.17908022,3,21,2,0,,,,2.06665,0.0,0.0,0.0,0.0
0.21,0.21,0.21,0.21,10.0,50.0,0.0,0.0,0.15964535,3,22,2,0,,,,2.4696,0.0,0.0,0.0,0.0
0.21,0.21,0.21,0.21,8.9,54.0,0.0,0.0,0.15695961,3,23,2,0,,,,1.04165,0.0,0.0,0.0,0.0
0.21,0.21,0.21,0.21,10.6,45.0,0.0,0.0,0.15824284,3,24,2,0,,,,0.6730667,0.0,0.0,0.0,0.0
0.21,0.21,0.21,0.21,7.8,58.0,0.0,0.0,0.1488045,3,1,3,0,,,,0.59611666,0.0,0.0,0.0,0.0
0.21,0.21,0.21,0.21,8.3,56.0,0.0,0.0,0.14884856,3,2,3,0,,,,0.39286667,0.0,0.0,0.0,0.0
0.21,0.21,0.21,0.21,7.8,58.0,0.0,0.0,0.14794311,3,3,3,0,,,,0.38166666,0.0,0.0,0.0,0.0
0.21,0.21,0.5,0.21,6.7,60.0,0.0,0.0,0.1519756,3,4,3,0,,,,0.3773,0.0,0.0,0.0,0.0
0.21,0.21,0.5,0.21,7.2,61.0,0.0,0.0,0.16394235,3,5,3,0,,,,0.37616667,0.0,0.0,0.0,0.0
0.21,0.21,0.5,0.21,7.8,58.0,0.0,0.0,0.18056811,3,6,3,0,,,,0.46365,0.0,0.0,0.0,0.0
0.21,0.21,0.5,0.21,8.9,50.0,55.0,170.0,0.18730365,3,7,3,0,,,,0.7244667,0.0,0.0,0.0,16.45
0.21,0.21,0.5,0.21,11.1,47.0,248.0,535.0,0.19099736,3,8,3,0,,,,0.5773,0.0,0.0,0.0,74.6
0.21,0.21,0.21,0.21,12.2,43.0,471.0,711.0,0.19027266,3,9,3,0,,,,0.70708334,0.0,0.0,0.0,197.15834
0.21,0.5,0.21,0.21,13.9,39.0,668.0,805.0,0.18653156,3,10,3,0,,,,1.2297,0.0,0.0,0.0,294.60416
0.21,0.5,0.21,0.21,15.0,36.0,804.0,847.0,0.18629077,3,11,3,0,,,,0.30063334,0.0,0.0,0.0,545.49585
0.21,0.5,0.21,0.21,14.4,36.0,878.0,869.0,0.18317355,3,12,3,0,,,,0.30066666,0.0,0.0,0.0,554.8417
0.21,0.5,0.21,0.21,15.6,31.0,878.0,869.0,0.1817629,3,13,3,0,,,,0.29201666,0.0,0.0,0.0,444.6
0.21,0.5,0.21,0.21,15.6,35.0,811.0,852.0,0.17631459,3,14,3,0,,,,0.29098332,0.0,0.0,0.0,322.44168
0.21,0.21,0.21,0.21,15.6,35.0,675.0,809.0,0.17591959,3,15,3,0,,,,0.30725,0.0,0.0,0.0,288.42084
0.5,0.21,0.21,0.5,15.0,38.0,482.0,720.0,0.18192485,3,16,3,0,,,,0.34101668,0.0,0.0,0.0,258.25418
0.5,0.21,0.21,0.5,13.9,34.0,260.0,554.0,0.1936659,3,17,3,0,,,,0.57926667,0.0,0.0,0.0,252.20416
0.5,0.21,0.21,0.5,13.3,40.0,61.0,189.0,0.19633532,3,18,3,0,,,,0.8458167,0.0,0.0,0.0,14.008333
0.5,0.21,0.21,0.5,12.8,39.0,1.0,0.0,0.19729382,3,19,3,0,,,,1.5707333,0.0,0.0,0.0,0.0
0.5,0.21,0.21,0.5,12.8,39.0,0.0,0.0,0.2065302,3,20,3,0,,,,1.1561834,0.0,0.0,0.0,0.0
0.21,0.21,0.21,0.21,12.2,40.0,0.0,0.0,0.20201653,3,21,3,0,,,,2.8278,0.0,0.0,0.0,0.0
0.21,0.21,0.21,0.21,13.3,33.0,0.0,0.0,0.19091786,3,22,3,0,,,,0.6282833,0.0,0.0,0.0,0.0
0.21,0.21,0.21,0.21,12.2,42.0,0.0,0.0,0.18831588,3,23,3,0,,,,0.57875,0.0,0.0,0.0,0.0
0.21,0.21,0.21,0.21,12.8,51.0,0.0,0.0,0.18578054,3,24,3,0,,,,0.696825,0.0,0.0,0.0,0.0
0.21,0.21,0.21,0.21,10.6,45.0,0.0,0.0,0.18289115,3,1,4,0,,,,0.76413333,0.0,0.0,0.0,0.0
0.21,0.21,0.21,0.21,10.0,77.0,0.0,0.0,0.18509091,3,2,4,0,,,,0.80015,0.0,0.0,0.0,0.0
0.21,0.21,0.21,0.21,9.4,80.0,0.0,0.0,0.18521,3,3,4,0,,,,0.59706664,0.0,0.0,0.0,0.0
0.21,0.21,0.5,0.21,9.4,80.0,0.0,0.0,0.19411528,3,4,4,0,,,,0.37171668,0.0,0.0,0.0,0.0
0.21,0.21,0.5,0.21,10.0,69.0,0.0,0.0,0.20779313,3,5,4,0,,,,0.36805,0.0,0.0,0.0,0.0
0.21,0.21,0.5,0.21,8.9,74.0,1.0,1.0,0.20891665,3,6,4,0,,,,0.36273333,0.0,0.0,0.0,0.0
0.21,0.21,0.5,0.21,9.4,69.0,65.0,143.0,0.20341343,3,7,4,0,,,,0.36045,0.0,0.0,0.0,33.8
0.21,0.21,0.5,0.21,12.8,55.0,218.0,413.0,0.20612648,3,8,4,0,,,,0.36751667,0.0,0.0,0.0,90.129166
0.21,0.21,0.21,0.21,13.9,55.0,385.0,377.0,0.1990467,3,9,4,0,,,,0.3761,0.0,0.0,0.0,203.9875
0.21,0.5,0.21,0.21,15.0,62.0,493.0,366.0,0.19764367,3,10,4,0,,,,0.54861665,0.0,0.0,0.0,416.34583
0.21,0.5,0.21,0.21,15.0,67.0,744.0,730.0,0.19247298,3,11,4,0,,,,0.8301167,0.0,0.0,0.0,549.06665
0.21,0.5,0.21,0.21,15.6,67.0,878.0,929.0,0.18914671,3,12,4,0,,,,1.0573,0.0,0.0,0.0,533.5625
0.21,0.5,0.21,0.21,15.6,62.0,743.0,698.0,0.18810934,3,13,4,0,,,,1.0136167,0.0,0.0,0.0,684.2083
0.21,0.5,0.21,0.21,13.9,69.0,311.0,5.0,0.18702303,3,14,4,0,,,,0.6407667,0.0,0.0,0.0,648.69165
0.21,0.21,0.21,0.21,13.3,75.0,200.0,39.0,0.1869993,3,15,4,0,,,,0.6236167,0.0,0.0,0.0,556.06665
0.5,0.21,0.21,0.5,13.3,75.0,191.0,9.0,0.19084734,3,16,4,0,,,,2.22895,0.0,0.0,0.0,434.30832
0.5,0.21,0.21,0.5,12.8,80.0,107.0,5.0,0.19386005,3,17,4,0,,,,0.52536666,0.0,0.0,0.0,316.2125
0.5,0.21,0.21,0.5,12.8,83.0,27.0,21.0,0.20057072,3,18,4,0,,,,0.36878332,0.0,0.0,0.0,101.45
0.5,0.21,0.21,0.5,12.8,75.0,2.0,0.0,0.20532617,3,19,4,0,,,,0.6561,0.0,0.0,0.0,0.0
0.5,0.21,0.21,0.5,12.8,77.0,0.0,0.0,0.21284895,3,20,4,0,,,,0.81486666,0.0,0.0,0.0,0.0
0.21,0.21,0.21,0.21,12.2,80.0,0.0,0.0,0.20376363,3,21,4,0,,,,0.81301665,0.0,0.0,0.0,0.0
0.21,0.21,0.21,0.21,12.2,80.0,0.0,0.0,0.18542984,3,22,4,0,,,,0.56165,0.0,0.0,0.0,0.0
0.21,0.21,0.21,0.21,12.8,53.0,0.0,0.0,0.17467734,3,23,4,0,,,,0.4194,0.0,0.0,0.0,0.0
0.21,0.21,0.21,0.21,14.4,48.0,0.0,0.0,0.16588609,3,24,4,0,,,,0.39398333,0.0,0.0,0.0,0.0
0.21,0.21,0.21,0.21,12.8,53.0,0.0,0.0,0.16530462,3,1,5,0,,,,0.33361667,0.0,0.0,0.0,0.0
0.21,0.21,0.21,0.21,11.7,69.0,0.0,0.0,0.16997628,3,2,5,0,,,,0.33338332,0.0,0.0,0.0,0.0
0.21,0.21,0.21,0.21,11.1,74.0,0.0,0.0,0.16714454,3,3,5,0,,,,0.33046666,0.0,0.0,0.0,0.0
0.21,0.21,0.5,0.21,12.2,55.0,0.0,0.0,0.15796828,3,4,5,0,,,,0.3384,0.0,0.0,0.0,0.0
0.21,0.21,0.5,0.21,12.2,53.0,0.0,0.0,0.16165282,3,5,5,0,,,,1.0787333,0.0,0.0,0.0,0.0
0.21,0.21,0.5,0.21,12.2,53.0,2.0,2.0,0.16612953,3,6,5,0,,,,3.4306166,0.0,0.0,0.0,0.0
0.21,0.21,0.5,0.21,11.1,74.0,68.0,296.0,0.1745226,3,7,5,0,,,,4.5245667,0.0,0.0,0.0,12.629167
0.21,0.21,0.5,0.21,12.2,72.0,273.0,644.0,0.17562827,3,8,5,0,,,,3.2474833,0.0,0.0,0.0,44.545834
0.21,0.21,0.21,0.21,14.4,58.0,494.0,791.0,0.16754073,3,9,5,0,,,,2.3820834,0.0,0.0,0.0,200.35834
0.21,0.5,0.21,0.21,16.7,45.0,685.0,868.0,0.17046793,3,10,5,0,,,,0.7797167,0.0,0.0,0.0,382.10416
0.21,0.5,0.21,0.21,16.7,46.0,816.0,900.0,0.17460223,3,11,5,0,,,,1.9302666,0.0,0.0,0.0,523.3875
0.21,0.5,0.21,0.21,16.1,58.0,847.0,888.0,0.17598444,3,12,5,0,,,,0.55981666,0.0,0.0,0.0,623.80835
0.21,0.5,0.21,0.21,16.7,54.0,860.0,806.0,0.16472574,3,13,5,0,,,,0.48613334,0.0,0.0,0.0,675.23334
0.21,0.5,0.21,0.21,16.1,58.0,688.0,582.0,0.1607983,3,14,5,0,,,,0.48606667,0.0,0.0,0.0,675.64166
0.21,0.21,0.21,0.21,16.7,54.0,626.0,726.0,0.16455568,3,15,5,0,,,,0.48313335,0.0,0.0,0.0,625.5292
0.5,0.21,0.21,0.5,15.0,65.0,163.0,47.0,0.16353571,3,16,5,0,,,,0.5811667,0.0,0.0,0.0,464.45416
0.5,0.21,0.21,0.5,16.7,54.0,217.0,326.0,0.16367142,3,17,5,0,,,,0.88881665,0.0,0.0,0.0,219.71666
0.5,0.21,0.21,0.5,17.2,43.0,60.0,58.0,0.16656564,3,18,5,0,,,,0.8667667,0.0,0.0,0.0,101.44583
0.5,0.21,0.21,0.5,15.0,54.0,1.0,3.0,0.16928342,3,19,5,0,,,,0.93275,0.0,0.0,0.0,0.0
0.5,0.21,0.21,0.5,13.9,60.0,0.0,0.0,0.17362733,3,20,5,0,,,,1.3161167,0.0,0.0,0.0,0.0
0.21,0.21,0.21,0.21,12.2,80.0,0.0,0.0,0.16671263,3,21,5,0,,,,0.42015,0.0,0.0,0.0,0.0
0.21,0.21,0.21,0.21,12.8,75.0,0.0,0.0,0.14431386,3,22,5,0,,,,0.41923332,0.0,0.0,0.0,0.0
0.21,0.21,0.21,0.21,13.9,51.0,0.0,0.0,0.1288912,3,23,5,0,,,,0.42061666,0.0,0.0,0.0,0.0
0.21,0.21,0.21,0.21,13.9,69.0,0.0,0.0,0.12678203,3,24,5,0,,,,0.434475,0.0,0.0,0.0,0.0
0.21,0.21,0.21,0.21,13.9,40.0,0.0,0.0,0.12662546,3,1,6,0,,,,0.43636668,0.0,0.0,0.0,0.0
0.21,0.21,0.21,0.21,13.3,44.0,0.0,0.0,0.12771936,3,2,6,0,,,,0.43585,0.0,0.0,0.0,0.0
0.21,0.21,0.21,0.21,10.6,74.0,0.0,0.0,0.12877753,3,3,6,0,,,,0.46058333,0.0,0.0,0.0,0.0
0.21,0.21,0.5,0.21,8.9,86.0,0.0,0.0,0.12636763,3,4,6,0,,,,0.7568333,0.0,0.0,0.0,0.0
0.21,0.21,0.5,0.21,10.0,77.0,0.0,0.0,0.13053942,3,5,6,0,,,,0.43446666,0.0,0.0,0.0,0.0
0.21,0.21,0.5,0.21,9.4,80.0,1.0,0.0,0.12876646,3,6,6,0,,,,0.44791666,0.0,0.0,0.0,0.0
0.21,0.21,0.5,0.21,11.1,72.0,53.0,40.0,0.13067393,3,7,6,0,,,,0.4172,0.0,0.0,0.0,47.408333
0.21,0.21,0.5,0.21,15.6,48.0,222.0,297.0,0.1518626,3,8,6,0,,,,0.41978332,0.0,0.0,0.0,87.36667
0.21,0.21,0.21,0.21,18.9,36.0,437.0,479.0,0.1638123,3,9,6,0,,,,0.41988334,0.0,0.0,0.0,188.2125
0.21,0.5,0.21,0.21,21.1,35.0,628.0,584.0,0.16964537,3,10,6,0,,,,0.43845,0.0,0.0,0.0,421.075
0.21,0.5,0.21,0.21,20.6,41.0,768.0,643.0,0.16308896,3,11,6,0,,,,0.36163333,0.0,0.0,0.0,396.875
0.21,0.5,0.21,0.21,20.0,36.0,844.0,673.0,0.16986671,3,12,6,0,,,,0.36096665,0.0,0.0,0.0,360.98334
0.21,0.5,0.21,0.21,20.0,36.0,847.0,678.0,0.15481709,3,13,6,0,,,,0.5537,0.0,0.0,0.0,376.57083
0.21,0.5,0.21,0.21,20.6,32.0,774.0,650.0,0.14847173,3,14,6,0,,,,0.5525,0.0,0.0,0.0,414.05832
0.21,0.21,0.21,0.21,18.9,57.0,629.0,583.0,0.15117209,3,15,6,0,,,,0.5606667,0.0,0.0,0.0,188.62917
0.5,0.21,0.21,0.5,18.9,47.0,438.0,479.0,0.15430328,3,16,6,0,,,,0.67015,0.0,0.0,0.0,112.475
0.5,0.21,0.21,0.5,18.9,45.0,223.0,296.0,0.16021435,3,17,6,0,,,,1.29215,0.0,0.0,0.0,39.820835
0.5,0.21,0.21,0.5,16.7,56.0,53.0,41.0,0.1570973,3,18,6,0,,,,2.0438166,0.0,0.0,0.0,7.0875
0.5,0.21,0.21,0.5,17.8,45.0,1.0,0.0,0.16124596,3,19,6,0,,,,2.11065,0.0,0.0,0.0,0.0
0.5,0.21,0.21,0.5,17.8,40.0,0.0,0.0,0.16435044,3,20,6,0,,,,1.1226166,0.0,0.0,0.0,0.0
0.21,0.21,0.21,0.21,17.2,43.0,0.0,0.0,0.15928748,3,21,6,0,,,,0.7535667,0.0,0.0,0.0,0.0
0.21,0.21,0.21,0.21,16.7,48.0,0.0,0.0,0.14237463,3,22,6,0,,,,0.7090333,0.0,0.0,0.0,0.0
0.21,0.21,0.21,0.21,15.6,58.0,0.0,0.0,0.14429292,3,23,6,0,,,,0.8785167,0.0,0.0,0.0,0.0
0.21,0.21,0.21,0.21,12.2,90.0,0.0,0.0,0.14141844,3,24,6,0,,,,1.2925583,0.0,0.0,0.0,0.0
0.21,0.21,0.21,0.21,12.8,72.0,0.0,0.0,0.13802852,3,1,7,0,,,,1.4080334,0.0,0.0,0.0,0.0
0.21,0.21,0.21,0.21,11.7,83.0,0.0,0.0,0.13569547,3,2,7,0,,,,0.75365,0.0,0.0,0.0,0.0
0.21,0.21,0.21,0.21,11.1,80.0,0.0,0.0,0.13000342,3,3,7,0,,,,0.74661666,0.0,0.0,0.0,0.0
0.21,0.21,0.5,0.21,10.6,83.0,0.0,0.0,0.13448094,3,4,7,0,,,,0.4785,0.0,0.0,0.0,0.0
0.21,0.21,0.5,0.21,10.0,83.0,0.0,0.0,0.14007597,3,5,7,0,,,,0.3942,0.0,0.0,0.0,0.0
0.21,0.21,0.5,0.21,11.7,62.0,1.0,0.0,0.12819971,3,6,7,0,,,,0.39548334,0.0,0.0,0.0,0.0
0.21,0.21,0.5,0.21,12.8,62.0,55.0,38.0,0.12953575,3,7,7,0,,,,0.38921666,0.0,0.0,0.0,13.604167
0.21,0.21,0.5,0.21,16.1,44.0,224.0,285.0,0.13732105,3,8,7,0,,,,0.39548334,0.0,0.0,0.0,86.2625
0.21,0.21,0.21,0.21,19.4,35.0,440.0,467.0,0.1435258,3,9,7,0,,,,0.3981,0.0,0.0,0.0,163.21666
0.21,0.5,0.21,0.21,22.2,25.0,635.0,576.0,0.14953889,3,10,7,0,,,,0.40876666,0.0,0.0,0.0,313.2125
0.21,0.5,0.21,0.21,22.2,30.0,773.0,634.0,0.15476969,3,11,7,0,,,,0.8994333,0.0,0.0,0.0,348.975
0.21,0.5,0.21,0.21,20.0,53.0,801.0,612.0,0.15552598,3,12,7,0,,,,0.96606666,0.0,0.0,0.0,345.55832
0.21,0.5,0.21,0.21,18.9,68.0,806.0,617.0,0.1557316,3,13,7,0,,,,0.6454833,0.0,0.0,0.0,508.93332
0.21,0.5,0.21,0.21,19.4,51.0,735.0,589.0,0.1599451,3,14,7,0,,,,0.3307,0.0,0.0,0.0,622.675
0.21,0.21,0.21,0.21,18.9,59.0,623.0,560.0,0.1599539,3,15,7,0,,,,0.69523335,0.0,0.0,0.0,365.80417
0.5,0.21,0.21,0.5,17.8,54.0,435.0,458.0,0.16252305,3,16,7,0,,,,1.1903,0.0,0.0,0.0,189.54584
0.5,0.21,0.21,0.5,17.2,50.0,192.0,201.0,0.16518044,3,17,7,0,,,,1.7294834,0.0,0.0,0.0,226.19167
0.5,0.21,0.21,0.5,16.1,63.0,44.0,31.0,0.16346024,3,18,7,0,,,,1.2253667,0.0,0.0,0.0,81.675
0.5,0.21,0.21,0.5,14.4,87.0,1.0,0.0,0.16281652,3,19,7,0,,,,1.2167833,0.0,0.0,0.0,0.0
0.5,0.21,0.21,0.5,13.9,84.0,0.0,0.0,0.164575,3,20,7,0,,,,1.2737,0.0,0.0,0.0,0.0
0.21,0.21,0.21,0.21,13.3,87.0,0.0,0.0,0.15721639,3,21,7,0,,,,1.4567333,0.0,0.0,0.0,0.0
0.21,0.21,0.21,0.21,13.3,87.0,0.0,0.0,0.13979316,3,22,7,0,,,,1.0243833,0.0,0.0,0.0,0.0
0.21,0.21,0.21,0.21,12.8,90.0,0.0,0.0,0.14033683,3,23,7,0,,,,0.7729333,0.0,0.0,0.0,0.0
0.21,0.21,0.21,0.21,13.3,93.0,0.0,0.0,0.13651672,3,24,7,0,,,,0.7310917,0.0,0.0,0.0,0.0
0.21,0.21,0.21,0.21,12.2,93.0,0.0,0.0,0.13135049,3,1,1,0,,,,0.81166667,0.0,0.0,0.0,0.0
0.21,0.21,0.21,0.21,11.7,100.0,0.0,0.0,0.13112281,3,2,1,0,,,,0.5484667,0.0,0.0,0.0,0.0
0.21,0.21,0.21,0.21,11.7,96.0,0.0,0.0,0.13428803,3,3,1,0,,,,0.3979,0.0,0.0,0.0,0.0
0.21,0.21,0.5,0.21,10.6,100.0,0.0,0.0,0.13435642,3,4,1,0,,,,0.39831668,0.0,0.0,0.0,0.0
0.21,0.21,0.5,0.21,10.6,100.0,0.0,0.0,0.14568302,3,5,1,0,,,,0.39758334,0.0,0.0,0.0,0.0
0.21,0.21,0.5,0.21,11.1,100.0,1.0,0.0,0.1629762,3,6,1,0,,,,0.7072,0.0,0.0,0.0,0.0
0.21,0.21,0.5,0.21,11.7,100.0,56.0,54.0,0.17949703,3,7,1,0,,,,0.7035,0.0,0.0,0.0,21.725
0.21,0.21,0.5,0.21,13.3,90.0,91.0,3.0,0.17983967,3,8,1,0,,,,0.6741,0.0,0.0,0.0,106.70417
0.21,0.21,0.21,0.21,14.4,84.0,346.0,294.0,0.17938371,3,9,1,0,,,,0.31771666,0.0,0.0,0.0,215.275
0.21,0.5,0.21,0.21,16.7,70.0,399.0,198.0,0.18200487,3,10,1,0,,,,0.31541666,0.0,0.0,0.0,275.52917
0.21,0.5,0.21,0.21,17.2,73.0,777.0,659.0,0.18511872,3,11,1,0,,,,0.32843333,0.0,0.0,0.0,473.43332
0.21,0.5,0.21,0.21,17.8,68.0,841.0,764.0,0.18495417,3,12,1,0,,,,0.33738333,0.0,0.0,0.0,618.7917
0.21,0.5,0.21,0.21,17.2,70.0,864.0,792.0,0.18333553,3,13,1,0,,,,0.32435,0.0,0.0,0.0,705.69586
0.21,0.5,0.21,0.21,17.2,73.0,800.0,778.0,0.1874624,3,14,1,0,,,,0.32103333,0.0,0.0,0.0,631.01666
0.21,0.21,0.21,0.21,16.1,78.0,594.0,522.0,0.18096644,3,15,1,0,,,,0.541,0.0,0.0,0.0,354.27084
0.5,0.21,0.21,0.5,15.6,81.0,454.0,602.0,0.17956616,3,16,1,0,,,,0.43935,0.0,0.0,0.0,322.0875
0.5,0.21,0.21,0.5,15.0,84.0,255.0,468.0,0.18514886,3,17,1,0,,,,0.47825,0.0,0.0,0.0,334.9375
0.5,0.21,0.21,0.5,13.3,93.0,64.0,144.0,0.18682663,3,18,1,0,,,,0.67586666,0.0,0.0,0.0,104.020836
0.5,0.21,0.21,0.5,12.8,97.0,0.0,0.0,0.18141882,3,19,1,0,,,,0.7916333,0.0,0.0,0.0,0.0
0.5,0.21,0.21,0.5,12.8,97.0,0.0,0.0,0.18572842,3,20,1,0,,,,1.0925666,0.0,0.0,0.0,0.0
0.21,0.21,0.21,0.21,12.2,100.0,0.0,0.0,0.17601013,3,21,1,0,,,,1.2971667,0.0,0.0,0.0,0.0
0.21,0.21,0.21,0.21,12.8,93.0,0.0,0.0,0.16033036,3,22,1,0,,,,1.0844166,0.0,0.0,0.0,0.0
0.21,0.21,0.21,0.21,12.8,97.0,0.0,0.0,0.15024605,3,23,1,0,,,,0.74698335,0.0,0.0,0.0,0.0
0.21,0.21,0.21,0.21,13.3,80.0,0.0,0.0,0.1477628,3,24,1,0,,,,0.671075,0.0,0.0,0.0,0.0
0.21,0.21,0.21,0.21,13.3,90.0,0.0,0.0,0.14889954,3,1,2,0,,,,0.41095,0.0,0.0,0.0,0.0
0.21,0.21,0.21,0.21,13.3,87.0,0.0,0.0,0.14520007,3,2,2,0,,,,0.41163334,0.0,0.0,0.0,0.0
0.21,0.21,0.21,0.21,12.2,93.0,0.0,0.0,0.14079513,3,3,2,0,,,,0.40226668,0.0,0.0,0.0,0.0
0.21,0.21,0.5,0.21,11.7,93.0,0.0,0.0,0.143616,3,4,2,0,,,,0.4015,0.0,0.0,0.0,0.0
0.21,0.21,0.5,0.21,11.1,93.0,0.0,0.0,0.15299179,3,5,2,0,,,,0.39955,0.0,0.0,0.0,0.0
0.21,0.21,0.5,0.21,11.1,96.0,3.0,3.0,0.17350025,3,6,2,0,,,,0.93331665,0.0,0.0,0.0,0.0
0.21,0.21,0.5,0.21,11.7,96.0,79.0,274.0,0.18023364,3,7,2,0,,,,0.74906665,0.0,0.0,0.0,13.679167
0.21,0.21,0.5,0.21,15.0,78.0,284.0,600.0,0.18533383,3,8,2,0,,,,0.74696666,0.0,0.0,0.0,50.475
0.21,0.21,0.21,0.21,18.3,43.0,510.0,760.0,0.18803756,3,9,2,0,,,,0.51703334,0.0,0.0,0.0,218.94167
0.21,0.5,0.21,0.21,19.4,33.0,700.0,837.0,0.18903817,3,10,2,0,,,,0.31991667,0.0,0.0,0.0,408.35834
0.21,0.5,0.21,0.21,22.2,24.0,834.0,876.0,0.19099586,3,11,2,0,,,,0.328,0.0,0.0,0.0,558.2708
0.21,0.5,0.21,0.21,22.8,32.0,898.0,887.0,0.18882048,3,12,2,0,,,,0.3193,0.0,0.0,0.0,665.75836
0.21,0.5,0.21,0.21,19.4,57.0,894.0,862.0,0.188596,3,13,2,0,,,,0.31725,0.0,0.0,0.0,717.36664
0.21,0.5,0.21,0.21,19.4,59.0,823.0,865.0,0.1873547,3,14,2,0,,,,0.31813332,0.0,0.0,0.0,724.51666
0.21,0.21,0.21,0.21,17.2,75.0,686.0,821.0,0.18545161,3,15,2,0,,,,0.4295,0.0,0.0,0.0,682.4792
0.5,0.21,0.21,0.5,16.7,78.0,497.0,743.0,0.18831761,3,16,2,0,,,,0.31653333,0.0,0.0,0.0,582.12085
0.5,0.21,0.21,0.5,16.1,67.0,280.0,599.0,0.1937188,3,17,2,0,,,,0.31331667,0.0,0.0,0.0,423.44168
0.5,0.21,0.21,0.5,15.0,65.0,75.0,265.0,0.19627604,3,18,2,0,,,,0.45658332,0.0,0.0,0.0,133.1875
0.5,0.21,0.21,0.5,14.4,62.0,2.0,2.0,0.19409074,3,19,2,0,,,,0.46585,0.0,0.0,0.0,0.0
0.5,0.21,0.21,0.5,14.4,67.0,0.0,0.0,0.19253543,3,20,2,0,,,,0.7026167,0.0,0.0,0.0,0.0
0.21,0.21,0.21,0.21,13.9,81.0,0.0,0.0,0.18147221,3,21,2,0,,,,1.3190833,0.0,0.0,0.0,0.0
0.21,0.21,0.21,0.21,15.0,52.0,0.0,0.0,0.15554813,3,22,2,0,,,,1.53975,0.0,0.0,0.0,0.0
0.21,0.21,0.21,0.21,13.9,67.0,0.0,0.0,0.14226377,3,23,2,0,,,,1.1345167,0.0,0.0,0.0,0.0
0.21,0.21,0.21,0.21,15.6,36.0,0.0,0.0,0.14300722,3,24,2,0,,,,1.1798667,0.0,0.0,0.0,0.0
0.21,0.21,0.21,0.21,11.7,83.0,0.0,0.0,0.14648086,3,1,3,0,,,,0.75528336,0.0,0.0,0.0,0.0
0.21,0.21,0.21,0.21,11.1,86.0,0.0,0.0,0.14754175,3,2,3,0,,,,0.60933334,0.0,0.0,0.0,0.0
0.21,0.21,0.21,0.21,11.7,72.0,0.0,0.0,0.14652784,3,3,3,0,,,,0.39786667,0.0,0.0,0.0,0.0
0.21,0.21,0.5,0.21,11.7,55.0,0.0,0.0,0.14344971,3,4,3,0,,,,0.39708334,0.0,0.0,0.0,0.0
0.21,0.21,0.5,0.21,11.1,55.0,0.0,0.0,0.15873905,3,5,3,0,,,,0.3961,0.0,0.0,0.0,0.0
0.21,0.21,0.5,0.21,11.1,53.0,5.0,12.0,0.17642206,3,6,3,0,,,,0.52133334,0.0,0.0,0.0,0.0
0.21,0.21,0.5,0.21,13.3,45.0,93.0,405.0,0.18526426,3,7,3,0,,,,0.7381333,0.0,0.0,0.0,13.920834
0.21,0.21,0.5,0.21,17.8,33.0,310.0,713.0,0.1879058,3,8,3,0,,,,0.4973,0.0,0.0,0.0,52.575
0.21,0.21,0.21,0.21,19.4,22.0,536.0,847.0,0.19192529,3,9,3,0,,,,0.30955,0.0,0.0,0.0,219.71666
0.21,0.5,0.21,0.21,21.1,19.0,726.0,912.0,0.19096853,3,10,3,0,,,,0.31555,0.0,0.0,0.0,403.45416
0.21,0.5,0.21,0.21,22.8,17.0,863.0,948.0,0.1862555,3,11,3,0,,,,0.3256,0.0,0.0,0.0,551.56665
0.21,0.5,0.21,0.21,22.2,28.0,923.0,953.0,0.17807806,3,12,3,0,,,,0.32001665,0.0,0.0,0.0,653.1583
0.21,0.5,0.21,0.21,22.2,27.0,923.0,953.0,0.17952564,3,13,3,0,,,,0.29095,0.0,0.0,0.0,697.07086
0.21,0.5,0.21,0.21,20.0,55.0,820.0,900.0,0.17885159,3,14,3,0,,,,0.30753332,0.0,0.0,0.0,703.4667
0.21,0.21,0.21,0.21,20.6,38.0,674.0,856.0,0.17782553,3,15,3,0,,,,0.27205,0.0,0.0,0.0,669.85
0.5,0.21,0.21,0.5,18.9,47.0,468.0,663.0,0.17439274,3,16,3,0,,,,0.27138335,0.0,0.0,0.0,563.8
0.5,0.21,0.21,0.5,18.3,39.0,256.0,421.0,0.17766778,3,17,3,0,,,,0.27578333,0.0,0.0,0.0,415.55
0.5,0.21,0.21,0.5,17.2,35.0,71.0,123.0,0.18120015,3,18,3,0,,,,0.41935,0.0,0.0,0.0,127.27917
0.5,0.21,0.21,0.5,17.2,33.0,4.0,4.0,0.18962778,3,19,3,0,,,,0.6077,0.0,0.0,0.0,0.0
0.5,0.21,0.21,0.5,17.2,33.0,0.0,0.0,0.19091898,3,20,3,0,,,,0.7736167,0.0,0.0,0.0,0.0
0.21,0.21,0.21,0.21,15.6,39.0,0.0,0.0,0.18300216,3,21,3,0,,,,0.8617333,0.0,0.0,0.0,0.0
0.21,0.21,0.21,0.21,16.7,37.0,0.0,0.0,0.15765655,3,22,3,0,,,,0.78538334,0.0,0.0,0.0,0.0
0.21,0.21,0.21,0.21,16.7,35.0,0.0,0.0,0.14329092,3,23,3,0,,,,1.8925166,0.0,0.0,0.0,0.0
0.21,0.21,0.21,0.21,15.6,35.0,0.0,0.0,0.1388123,3,24,3,0,,,,0.8170417,0.0,0.0,0.0,0.0
0.21,0.21,0.21,0.21,14.4,41.0,0.0,0.0,0.13904566,3,1,4,0,,,,0.8660833,0.0,0.0,0.0,0.0
0.21,0.21,0.21,0.21,13.9,42.0,0.0,0.0,0.14010431,3,2,4,0,,,,0.44506666,0.0,0.0,0.0,0.0
0.21,0.21,0.21,0.21,13.9,40.0,0.0,0.0,0.1387341,3,3,4,0,,,,0.41068333,0.0,0.0,0.0,0.0
0.21,0.21,0.5,0.21,15.0,32.0,0.0,0.0,0.13977002,3,4,4,0,,,,0.40861666,0.0,0.0,0.0,0.0
0.21,0.21,0.5,0.21,14.4,28.0,0.0,0.0,0.15330276,3,5,4,0,,,,0.45073333,0.0,0.0,0.0,0.0
0.21,0.21,0.5,0.21,12.8,33.0,2.0,0.0,0.16639581,3,6,4,0,,,,0.7888833,0.0,0.0,0.0,0.0
0.21,0.21,0.5,0.21,15.6,26.0,67.0,20.0,0.17065795,3,7,4,0,,,,0.77496666,0.0,0.0,0.0,15.820833
0.21,0.21,0.5,0.21,17.8,21.0,217.0,254.0,0.17644097,3,8,4,0,,,,0.5376833,0.0,0.0,0.0,55.808334
0.21,0.21,0.21,0.21,20.6,14.0,451.0,332.0,0.17752293,3,9,4,0,,,,1.027,0.0,0.0,0.0,221.34584
0.21,0.5,0.21,0.21,22.2,12.0,637.0,509.0,0.17453279,3,10,4,0,,,,1.0909667,0.0,0.0,0.0,397.25
0.21,0.5,0.21,0.21,23.3,14.0,777.0,595.0,0.17611566,3,11,4,0,,,,0.67495,0.0,0.0,0.0,538.05414
0.21,0.5,0.21,0.21,25.6,14.0,741.0,448.0,0.17329834,3,12,4,0,,,,0.33918333,0.0,0.0,0.0,651.6667
0.21,0.5,0.21,0.21,25.0,16.0,875.0,610.0,0.17778891,3,13,4,0,,,,0.33025,0.0,0.0,0.0,709.6375
0.21,0.5,0.21,0.21,23.3,15.0,681.0,436.0,0.1792305,3,14,4,0,,,,0.3302,0.0,0.0,0.0,727.93335
0.21,0.21,0.21,0.21,20.6,28.0,673.0,472.0,0.17564046,3,15,4,0,,,,0.5969667,0.0,0.0,0.0,662.44586
0.5,0.21,0.21,0.5,20.0,30.0,413.0,301.0,0.17651948,3,16,4,0,,,,0.44648334,0.0,0.0,0.0,440.12082
0.5,0.21,0.21,0.5,18.9,33.0,245.0,245.0,0.17691976,3,17,4,0,,,,0.32286668,0.0,0.0,0.0,137.59166
0.5,0.21,0.21,0.5,16.7,43.0,58.0,60.0,0.1813541,3,18,4,0,,,,0.51075,0.0,0.0,0.0,13.379167
0.5,0.21,0.21,0.5,16.7,38.0,1.0,0.0,0.18202883,3,19,4,0,,,,0.84758335,0.0,0.0,0.0,0.0
0.5,0.21,0.21,0.5,15.6,56.0,0.0,0.0,0.18026017,3,20,4,0,,,,1.0248834,0.0,0.0,0.0,0.0
0.21,0.21,0.21,0.21,15.6,56.0,0.0,0.0,0.16968584,3,21,4,0,,,,1.2730833,0.0,0.0,0.0,0.0
0.21,0.21,0.21,0.21,15.6,50.0,0.0,0.0,0.14187926,3,22,4,0,,,,1.16965,0.0,0.0,0.0,0.0
0.21,0.21,0.21,0.21,15.0,44.0,0.0,0.0,0.12601583,3,23,4,0,,,,1.3227333,0.0,0.0,0.0,0.0
0.21,0.21,0.21,0.21,13.6,87.0,0.0,0.0,0.12828644,3,24,4,0,,,,1.0311084,0.0,0.0,0.0,0.0
0.21,0.21,0.21,0.21,15.0,35.0,0.0,0.0,0.13480443,3,1,5,0,,,,0.886825,0.0,0.0,0.0,0.0
0.21,0.21,0.21,0.21,13.9,36.0,0.0,0.0,0.13273111,3,2,5,0,,,,0.5334,0.0,0.0,0.0,0.0
0.21,0.21,0.21,0.21,14.4,32.0,0.0,0.0,0.13283323,3,3,5,0,,,,0.5244333,0.0,0.0,0.0,0.0
0.21,0.21,0.5,0.21,14.4,31.0,0.0,0.0,0.13013984,3,4,5,0,,,,0.5242,0.0,0.0,0.0,0.0
0.21,0.21,0.5,0.21,13.3,27.0,0.0,0.0,0.14163433,3,5,5,0,,,,0.52311665,0.0,0.0,0.0,0.0
0.21,0.21,0.5,0.21,12.8,29.0,7.0,6.0,0.15444995,3,6,5,0,,,,0.69203335,0.0,0.0,0.0,0.0
0.21,0.21,0.5,0.21,17.8,18.0,96.0,265.0,0.15866922,3,7,5,0,,,,0.88168335,0.0,0.0,0.0,19.7875
0.21,0.21,0.5,0.21,20.0,19.0,307.0,618.0,0.16097395,3,8,5,0,,,,0.5286667,0.0,0.0,0.0,64.208336
0.21,0.21,0.21,0.21,22.2,17.0,506.0,772.0,0.16910423,3,9,5,0,,,,0.4456,0.0,0.0,0.0,232.54584
0.21,0.5,0.21,0.21,25.0,13.0,695.0,820.0,0.17131774,3,10,5,0,,,,0.45488334,0.0,0.0,0.0,414.15833
0.21,0.5,0.21,0.21,25.6,14.0,789.0,814.0,0.16712083,3,11,5,0,,,,0.46416667,0.0,0.0,0.0,562.425
0.21,0.5,0.21,0.21,25.0,22.0,867.0,806.0,0.16802654,3,12,5,0,,,,0.46405,0.0,0.0,0.0,664.8625
0.21,0.5,0.21,0.21,22.8,32.0,883.0,754.0,0.16659346,3,13,5,0,,,,0.46021667,0.0,0.0,0.0,716.675
0.21,0.5,0.21,0.21,24.4,19.0,813.0,785.0,0.16900685,3,14,5,0,,,,0.46035,0.0,0.0,0.0,718.2625
0.21,0.21,0.21,0.21,23.9,18.0,672.0,823.0,0.17143807,3,15,5,0,,,,0.54455,0.0,0.0,0.0,678.42914
0.5,0.21,0.21,0.5,22.8,15.0,496.0,609.0,0.17372838,3,16,5,0,,,,0.6303528,0.0,0.0,0.0,578.2486
0.5,0.21,0.21,0.5,20.0,21.0,298.0,526.0,0.17552936,3,17,5,0,,,,0.6854,0.0,0.0,0.0,406.225
0.5,0.21,0.21,0.5,17.2,34.0,67.0,95.0,0.17614898,3,18,5,0,,,,0.68045,0.0,0.0,0.0,123.21667
0.5,0.21,0.21,0.5,15.6,60.0,4.0,4.0,0.18138175,3,19,5,0,,,,0.77706665,0.0,0.0,0.0,0.0
0.5,0.21,0.21,0.5,15.6,67.0,0.0,0.0,0.17917955,3,20,5,0,,,,1.0555167,0.0,0.0,0.0,0.0
0.21,0.21,0.21,0.21,15.0,84.0,0.0,0.0,0.17441458,3,21,5,0,,,,1.18895,0.0,0.0,0.0,0.0
0.21,0.21,0.21,0.21,14.5,90.0,0.0,0.0,0.15302072,3,22,5,0,,,,1.143075,0.0,0.0,0.0,0.0
0.21,0.21,0.21,0.21,14.1,87.0,0.0,0.0,0.13626543,3,23,5,0,,,,0.84355,0.0,0.0,0.0,0.0
0.21,0.21,0.21,0.21,13.3,72.0,0.0,0.0,0.15008046,3,24,5,0,,,,0.5610667,0.0,0.0,0.0,0.0
0.21,0.21,0.21,0.21,13.1,78.0,0.0,0.0,0.14718255,4,1,6,0,,,,0.54261667,0.0,0.0,0.0,0.0
0.21,0.21,0.21,0.21,12.6,77.0,0.0,0.0,0.14004333,4,2,6,0,,,,0.539075,0.0,0.0,0.0,0.0
0.21,0.21,0.21,0.21,12.2,77.0,0.0,0.0,0.1354726,4,3,6,0,,,,0.52938336,0.0,0.0,0.0,0.0
0.21,0.21,0.5,0.21,11.7,80.0,0.0,0.0,0.1374319,4,4,6,0,,,,0.52794164,0.0,0.0,0.0,0.0
0.21,0.21,0.5,0.21,11.7,77.0,0.0,0.0,0.14206322,4,5,6,0,,,,0.5259333,0.0,0.0,0.0,0.0
0.21,0.21,0.5,0.21,12.2,80.0,2.0,0.0,0.13927512,4,6,6,0,,,,0.5229167,0.0,0.0,0.0,0.0
0.21,0.21,0.5,0.21,12.8,83.0,37.0,2.0,0.14487131,4,7,6,0,,,,0.5694,0.0,0.0,0.0,15.0875
0.21,0.21,0.5,0.21,13.3,83.0,111.0,2.0,0.15592633,4,8,6,0,,,,0.8571,0.0,0.0,0.0,57.233334
0.21,0.21,0.21,0.21,15.0,75.0,238.0,2.0,0.17060341,4,9,6,0,,,,0.6802833,0.0,0.0,0.0,229.15416
0.21,0.5,0.21,0.21,16.1,67.0,258.0,1.0,0.17891383,4,10,6,0,,,,0.68331665,0.0,0.0,0.0,409.87918
0.21,0.5,0.21,0.21,15.0,75.0,419.0,2.0,0.17587705,4,11,6,0,,,,0.69658333,0.0,0.0,0.0,555.50415
0.21,0.5,0.21,0.21,15.6,72.0,514.0,70.0,0.17487232,4,12,6,0,,,,0.457525,0.0,0.0,0.0,652.7104
0.21,0.5,0.21,0.21,16.7,67.0,823.0,515.0,0.16970274,4,13,6,0,,,,0.45478332,0.0,0.0,0.0,708.375
0.21,0.5,0.21,0.21,16.7,65.0,656.0,411.0,0.16682157,4,14,6,0,,,,0.51795,0.0,0.0,0.0,706.675
0.21,0.21,0.21,0.21,15.6,62.0,355.0,52.0,0.16752595,4,15,6,0,,,,0.56655,0.0,0.0,0.0,675.8125
0.5,0.21,0.21,0.5,14.4,70.0,448.0,430.0,0.1662127,4,16,6,0,,,,0.9161,0.0,0.0,0.0,582.67084
0.5,0.21,0.21,0.5,13.9,69.0,233.0,195.0,0.17012602,4,17,6,0,,,,0.9321333,0.0,0.0,0.0,418.1375
0.5,0.21,0.21,0.5,13.9,69.0,59.0,35.0,0.17389202,4,18,6,0,,,,1.3884166,0.0,0.0,0.0,132.90834
0.5,0.21,0.21,0.5,13.9,69.0,3.0,0.0,0.16984352,4,19,6,0,,,,1.9491833,0.0,0.0,0.0,0.0
0.5,0.21,0.21,0.5,13.3,72.0,0.0,0.0,0.17051257,4,20,6,0,,,,1.8358667,0.0,0.0,0.0,0.0
0.21,0.21,0.21,0.21,13.3,69.0,0.0,0.0,0.16443995,4,21,6,0,,,,1.9040834,0.0,0.0,0.0,0.0
0.21,0.21,0.21,0.21,13.9,67.0,0.0,0.0,0.16347976,4,22,6,0,,,,1.5089667,0.0,0.0,0.0,0.0
0.21,0.21,0.21,0.21,13.9,67.0,0.0,0.0,0.1614437,4,23,6,0,,,,1.0112667,0.0,0.0,0.0,0.0
0.21,0.21,0.21,0.21,10.6,74.0,0.0,0.0,0.16325518,4,24,6,0,,,,1.0444833,0.0,0.0,0.0,0.0
0.21,0.21,0.21,0.21,13.3,72.0,0.0,0.0,0.15560672,4,1,7,0,,,,0.5886667,0.0,0.0,0.0,0.0
0.21,0.21,0.21,0.21,13.3,72.0,0.0,0.0,0.14278108,4,2,7,0,,,,0.53066665,0.0,0.0,0.0,0.0
0.21,0.21,0.21,0.21,12.2,77.0,0.0,0.0,0.1459187,4,3,7,0,,,,0.5240667,0.0,0.0,0.0,0.0
0.21,0.21,0.5,0.21,11.1,80.0,0.0,0.0,0.14352278,4,4,7,0,,,,0.5245,0.0,0.0,0.0,0.0
0.21,0.21,0.5,0.21,10.6,77.0,0.0,0.0,0.14048986,4,5,7,0,,,,0.52433336,0.0,0.0,0.0,0.0
0.21,0.21,0.5,0.21,11.1,72.0,4.0,1.0,0.14508107,4,6,7,0,,,,0.5229,0.0,0.0,0.0,0.0
0.21,0.21,0.5,0.21,11.1,72.0,88.0,167.0,0.13060838,4,7,7,0,,,,0.61511666,0.0,0.0,0.0,17.5875
0.21,0.21,0.5,0.21,12.2,67.0,247.0,329.0,0.14062952,4,8,7,0,,,,0.67865,0.0,0.0,0.0,61.579166
0.21,0.21,0.21,0.21,13.3,60.0,469.0,559.0,0.14689223,4,9,7,0,,,,0.9120167,0.0,0.0,0.0,230.075
0.21,0.5,0.21,0.21,13.3,60.0,649.0,603.0,0.15674315,4,10,7,0,,,,1.2257333,0.0,0.0,0.0,407.1875
0.21,0.5,0.21,0.21,13.9,60.0,703.0,670.0,0.15218528,4,11,7,0,,,,1.1234167,0.0,0.0,0.0,542.2167
0.21,0.5,0.21,0.21,14.4,58.0,821.0,694.0,0.14497001,4,12,7,0,,,,1.10235,0.0,0.0,0.0,634.175
0.21,0.5,0.21,0.21,15.0,58.0,886.0,847.0,0.13925807,4,13,7,0,,,,0.7945,0.0,0.0,0.0,692.92084
0.21,0.5,0.21,0.21,15.0,56.0,821.0,822.0,0.1349961,4,14,7,0,,,,0.40878335,0.0,0.0,0.0,712.8458
0.21,0.21,0.21,0.21,15.0,60.0,686.0,715.0,0.13846643,4,15,7,0,,,,0.40475,0.0,0.0,0.0,661.4375
0.5,0.21,0.21,0.5,13.9,64.0,475.0,459.0,0.1414463,4,16,7,0,,,,0.40431666,0.0,0.0,0.0,571.50415
0.5,0.21,0.21,0.5,13.9,51.0,137.0,101.0,0.15195853,4,17,7,0,,,,0.40123335,0.0,0.0,0.0,397.47083
0.5,0.21,0.21,0.5,12.8,57.0,77.0,120.0,0.1514837,4,18,7,0,,,,0.44623333,0.0,0.0,0.0,123.28333
0.5,0.21,0.21,0.5,11.7,64.0,6.0,12.0,0.15501195,4,19,7,0,,,,1.20835,0.0,0.0,0.0,0.0
0.5,0.21,0.21,0.5,12.8,59.0,0.0,0.0,0.16951765,4,20,7,0,,,,1.5399166,0.0,0.0,0.0,0.0
0.21,0.21,0.21,0.21,12.8,64.0,0.0,0.0,0.16946352,4,21,7,0,,,,1.8288833,0.0,0.0,0.0,0.0
0.21,0.21,0.21,0.21,11.7,66.0,0.0,0.0,0.15083404,4,22,7,0,,,,1.8804166,0.0,0.0,0.0,0.0
0.21,0.21,0.21,0.21,11.1,74.0,0.0,0.0,0.14511319,4,23,7,0,,,,1.0647,0.0,0.0,0.0,0.0
0.21,0.21,0.21,0.21,12.2,72.0,0.0,0.0,0.14400457,4,24,7,0,,,,2.1508667,0.0,0.0,0.0,0.0
0.21,0.21,0.21,0.21,11.7,69.0,0.0,0.0,0.14638135,4,1,1,0,,,,0.53265,0.0,0.0,0.0,0.0
0.21,0.21,0.21,0.21,11.1,69.0,0.0,0.0,0.14739217,4,2,1,0,,,,0.5372,0.0,0.0,0.0,0.0
0.21,0.21,0.21,0.21,10.0,71.0,0.0,0.0,0.14464118,4,3,1,0,,,,0.5293667,0.0,0.0,0.0,0.0
0.21,0.21,0.5,0.21,10.0,71.0,0.0,0.0,0.14403974,4,4,1,0,,,,0.53136665,0.0,0.0,0.0,0.0
0.21,0.21,0.5,0.21,9.4,74.0,0.0,0.0,0.1548491,4,5,1,0,,,,0.5466,0.0,0.0,0.0,0.0
0.21,0.21,0.5,0.21,9.4,74.0,10.0,20.0,0.18771586,4,6,1,0,,,,0.5291167,0.0,0.0,0.0,0.0
0.21,0.21,0.5,0.21,11.1,69.0,106.0,382.0,0.19207366,4,7,1,0,,,,0.82196665,0.0,0.0,0.0,19.925
0.21,0.21,0.5,0.21,12.8,69.0,269.0,428.0,0.17732167,4,8,1,0,,,,0.84065,0.0,0.0,0.0,70.0
0.21,0.21,0.21,0.21,14.4,62.0,549.0,815.0,0.17553788,4,9,1,0,,,,0.44931668,0.0,0.0,0.0,240.18333
0.21,0.5,0.21,0.21,16.1,58.0,679.0,677.0,0.17389578,4,10,1,0,,,,0.45626667,0.0,0.0,0.0,420.875
0.21,0.5,0.21,0.21,16.7,58.0,806.0,686.0,0.17050646,4,11,1,0,,,,0.45868334,0.0,0.0,0.0,561.15
0.21,0.5,0.21,0.21,15.6,70.0,815.0,660.0,0.16575783,4,12,1,0,,,,0.46563333,0.0,0.0,0.0,652.73334
0.21,0.5,0.21,0.21,16.1,58.0,918.0,916.0,0.16329433,4,13,1,0,,,,0.4622,0.0,0.0,0.0,697.0333
0.21,0.5,0.21,0.21,15.6,62.0,846.0,898.0,0.16325782,4,14,1,0,,,,0.46298334,0.0,0.0,0.0,703.5208
0.21,0.21,0.21,0.21,15.6,52.0,710.0,861.0,0.16574588,4,15,1,0,,,,0.6213667,0.0,0.0,0.0,642.9
0.5,0.21,0.21,0.5,15.6,54.0,530.0,807.0,0.16677792,4,16,1,0,,,,0.45863333,0.0,0.0,0.0,517.32086
0.5,0.21,0.21,0.5,14.4,67.0,304.0,666.0,0.168448,4,17,1,0,,,,0.45675,0.0,0.0,0.0,374.67917
0.5,0.21,0.21,0.5,13.3,72.0,93.0,365.0,0.17080091,4,18,1,0,,,,0.45653334,0.0,0.0,0.0,117.416664
0.5,0.21,0.21,0.5,12.8,75.0,6.0,11.0,0.17272414,4,19,1,0,,,,0.9765,0.0,0.0,0.0,0.0
0.5,0.21,0.21,0.5,12.8,75.0,0.0,0.0,0.17545295,4,20,1,0,,,,2.3745,0.0,0.0,0.0,0.0
0.21,0.21,0.21,0.21,12.2,75.0,0.0,0.0,0.16949141,4,21,1,0,,,,1.0079,0.0,0.0,0.0,0.0
0.21,0.21,0.21,0.21,12.8,72.0,0.0,0.0,0.15699463,4,22,1,0,,,,1.1274667,0.0,0.0,0.0,0.0
0.21,0.21,0.21,0.21,12.8,75.0,0.0,0.0,0.14412639,4,23,1,0,,,,1.25655,0.0,0.0,0.0,0.0
0.21,0.21,0.21,0.21,16.1,58.0,0.0,0.0,0.1339639,4,24,1,0,,,,1.763975,0.0,0.0,0.0,0.0
0.21,0.21,0.21,0.21,11.7,74.0,0.0,0.0,0.12925696,4,1,2,0,,,,0.52813333,0.0,0.0,0.0,0.0
0.21,0.21,0.21,0.21,11.1,77.0,0.0,0.0,0.12944369,4,2,2,0,,,,0.5313333,0.0,0.0,0.0,0.0
0.21,0.21,0.21,0.21,11.1,77.0,0.0,0.0,0.12877372,4,3,2,0,,,,0.52225,0.0,0.0,0.0,0.0
0.21,0.21,0.5,0.21,10.6,77.0,0.0,0.0,0.12963223,4,4,2,0,,,,0.5230833,0.0,0.0,0.0,0.0
0.21,0.21,0.5,0.21,10.0,77.0,0.0,0.0,0.13665912,4,5,2,0,,,,0.5215,0.0,0.0,0.0,0.0
0.21,0.21,0.5,0.21,10.0,74.0,12.0,39.0,0.1557378,4,6,2,0,,,,0.90933335,0.0,0.0,0.0,0.0
0.21,0.21,0.5,0.21,11.7,72.0,119.0,480.0,0.1576846,4,7,2,0,,,,0.95126665,0.0,0.0,0.0,26.829166
0.21,0.21,0.5,0.21,13.9,62.0,339.0,740.0,0.15683948,4,8,2,0,,,,0.86225,0.0,0.0,0.0,74.433334
0.21,0.21,0.21,0.21,16.7,52.0,560.0,853.0,0.16543162,4,9,2,0,,,,0.4678,0.0,0.0,0.0,239.85834
0.21,0.5,0.21,0.21,19.4,45.0,743.0,910.0,0.16520323,4,10,2,0,,,,0.45213333,0.0,0.0,0.0,409.45416
0.21,0.5,0.21,0.21,18.9,54.0,869.0,936.0,0.17113829,4,11,2,0,,,,0.46175,0.0,0.0,0.0,541.89166
0.21,0.5,0.21,0.21,19.4,53.0,933.0,947.0,0.16975312,4,12,2,0,,,,0.4625,0.0,0.0,0.0,626.94586
0.21,0.5,0.21,0.21,20.0,49.0,932.0,949.0,0.16353838,4,13,2,0,,,,0.45355,0.0,0.0,0.0,687.1042
0.21,0.5,0.21,0.21,18.3,54.0,860.0,935.0,0.16326685,4,14,2,0,,,,0.45371667,0.0,0.0,0.0,690.1583
0.21,0.21,0.21,0.21,19.4,47.0,726.0,904.0,0.16759296,4,15,2,0,,,,0.561,0.0,0.0,0.0,640.87915
0.5,0.21,0.21,0.5,18.9,52.0,538.0,842.0,0.16652459,4,16,2,0,,,,0.4049,0.0,0.0,0.0,534.4708
0.5,0.21,0.21,0.5,18.9,49.0,316.0,722.0,0.16318467,4,17,2,0,,,,0.57496667,0.0,0.0,0.0,274.00418
0.5,0.21,0.21,0.5,17.2,54.0,100.0,436.0,0.1684616,4,18,2,0,,,,0.6986333,0.0,0.0,0.0,86.6125
0.5,0.21,0.21,0.5,20.0,31.0,7.0,22.0,0.17344266,4,19,2,0,,,,0.8308167,0.0,0.0,0.0,0.0
0.5,0.21,0.21,0.5,18.3,50.0,0.0,0.0,0.16905047,4,20,2,0,,,,1.1985834,0.0,0.0,0.0,0.0
0.21,0.21,0.21,0.21,16.1,63.0,0.0,0.0,0.1599126,4,21,2,0,,,,1.3551167,0.0,0.0,0.0,0.0
0.21,0.21,0.21,0.21,15.6,65.0,0.0,0.0,0.15096724,4,22,2,0,,,,1.5297166,0.0,0.0,0.0,0.0
0.21,0.21,0.21,0.21,16.7,60.0,0.0,0.0,0.13780153,4,23,2,0,,,,1.0996667,0.0,0.0,0.0,0.0
0.21,0.21,0.21,0.21,17.2,48.0,0.0,0.0,0.13752031,4,24,2,0,,,,2.4373,0.0,0.0,0.0,0.0
0.21,0.21,0.21,0.21,15.6,56.0,0.0,0.0,0.1425383,4,1,3,0,,,,0.87048334,0.0,0.0,0.0,0.0
0.21,0.21,0.21,0.21,15.0,54.0,0.0,0.0,0.14167437,4,2,3,0,,,,0.6293667,0.0,0.0,0.0,0.0
0.21,0.21,0.21,0.21,14.4,49.0,0.0,0.0,0.1335884,4,3,3,0,,,,0.44178334,0.0,0.0,0.0,0.0
0.21,0.21,0.5,0.21,13.9,47.0,0.0,0.0,0.13092099,4,4,3,0,,,,0.44133332,0.0,0.0,0.0,0.0
0.21,0.21,0.5,0.21,13.3,49.0,0.0,0.0,0.14900438,4,5,3,0,,,,0.43998334,0.0,0.0,0.0,0.0
0.21,0.21,0.5,0.21,13.9,46.0,9.0,9.0,0.15777549,4,6,3,0,,,,0.5546167,0.0,0.0,0.0,1.6166667
0.21,0.21,0.5,0.21,16.7,40.0,108.0,321.0,0.16411582,4,7,3,0,,,,0.82808334,0.0,0.0,0.0,50.904167
0.21,0.21,0.5,0.21,20.6,26.0,325.0,616.0,0.16978955,4,8,3,0,,,,0.6943667,0.0,0.0,0.0,96.1875
0.21,0.21,0.21,0.21,23.3,22.0,548.0,754.0,0.18195106,4,9,3,0,,,,0.44481668,0.0,0.0,0.0,249.35
0.21,0.5,0.21,0.21,26.7,19.0,737.0,828.0,0.1798315,4,10,3,0,,,,0.45205,0.0,0.0,0.0,405.52917
0.21,0.5,0.21,0.21,28.3,15.0,874.0,872.0,0.17800742,4,11,3,0,,,,0.46316665,0.0,0.0,0.0,543.0333
0.21,0.5,0.21,0.21,28.9,14.0,940.0,887.0,0.17609958,4,12,3,0,,,,0.4426,0.0,0.0,0.0,618.64166
0.21,0.5,0.21,0.21,28.3,13.0,939.0,890.0,0.16952626,4,13,3,0,,,,0.42,0.0,0.0,0.0,681.55
0.21,0.5,0.21,0.21,27.2,16.0,861.0,867.0,0.1645751,4,14,3,0,,,,0.47803333,0.0,0.0,0.0,686.20416
0.21,0.21,0.21,0.21,26.7,16.0,721.0,825.0,0.16768643,4,15,3,0,,,,0.40646666,0.0,0.0,0.0,641.8
0.5,0.21,0.21,0.5,26.7,16.0,527.0,747.0,0.16835952,4,16,3,0,,,,0.40593332,0.0,0.0,0.0,543.925
0.5,0.21,0.21,0.5,23.3,28.0,298.0,590.0,0.16980706,4,17,3,0,,,,0.40741667,0.0,0.0,0.0,392.01666
0.5,0.21,0.21,0.5,19.4,45.0,88.0,271.0,0.17055574,4,18,3,0,,,,0.52005,0.0,0.0,0.0,126.69583
0.5,0.21,0.21,0.5,18.9,47.0,5.0,3.0,0.17228793,4,19,3,0,,,,2.2850332,0.0,0.0,0.0,0.0
0.5,0.21,0.21,0.5,18.9,47.0,0.0,0.0,0.17585258,4,20,3,0,,,,1.91275,0.0,0.0,0.0,0.0
0.21,0.21,0.21,0.21,18.9,45.0,0.0,0.0,0.16725993,4,21,3,0,,,,1.8228,0.0,0.0,0.0,0.0
0.21,0.21,0.21,0.21,18.9,43.0,0.0,0.0,0.14019793,4,22,3,0,,,,1.3408667,0.0,0.0,0.0,0.0
0.21,0.21,0.21,0.21,18.9,43.0,0.0,0.0,0.13059352,4,23,3,0,,,,0.8433,0.0,0.0,0.0,0.0
0.21,0.21,0.21,0.21,13.3,75.0,0.0,0.0,0.13405758,4,24,3,0,,,,1.3062416,0.0,0.0,0.0,0.0
0.21,0.21,0.21,0.21,17.2,46.0,0.0,0.0,0.15354088,4,1,4,0,,,,2.9738667,0.0,0.0,0.0,0.0
0.21,0.21,0.21,0.21,16.7,45.0,0.0,0.0,0.14411695,4,2,4,0,,,,1.1715667,0.0,0.0,0.0,0.0
0.21,0.21,0.21,0.21,16.1,48.0,0.0,0.0,0.124512054,4,3,4,0,,,,0.42865,0.0,0.0,0.0,0.0
0.21,0.21,0.5,0.21,15.0,51.0,0.0,0.0,0.1302293,4,4,4,0,,,,0.42891666,0.0,0.0,0.0,0.0
0.21,0.21,0.5,0.21,14.4,46.0,0.0,0.0,0.13075548,4,5,4,0,,,,0.42553332,0.0,0.0,0.0,0.0
0.21,0.21,0.5,0.21,15.0,44.0,13.0,22.0,0.14007485,4,6,4,0,,,,0.69735,0.0,0.0,0.0,3.4083333
0.21,0.21,0.5,0.21,17.2,40.0,119.0,402.0,0.15213993,4,7,4,0,,,,0.81895,0.0,0.0,0.0,62.8375
0.21,0.21,0.5,0.21,19.4,39.0,338.0,674.0,0.15457484,4,8,4,0,,,,0.896675,0.0,0.0,0.0,135.24791
0.21,0.21,0.21,0.21,20.6,38.0,559.0,798.0,0.1551582,4,9,4,0,,,,0.46395,0.0,0.0,0.0,257.54584
0.21,0.5,0.21,0.21,22.8,40.0,742.0,860.0,0.16918887,4,10,4,0,,,,0.44468334,0.0,0.0,0.0,461.20834
0.21,0.5,0.21,0.21,22.2,51.0,866.0,887.0,0.167632,4,11,4,0,,,,0.45266667,0.0,0.0,0.0,544.80414
0.21,0.5,0.21,0.21,21.7,49.0,932.0,904.0,0.1700265,4,12,4,0,,,,0.45487082,0.0,0.0,0.0,681.2104
0.21,0.5,0.21,0.21,20.6,61.0,924.0,899.0,0.17794947,4,13,4,0,,,,0.40743333,0.0,0.0,0.0,751.61664
0.21,0.5,0.21,0.21,21.1,49.0,855.0,887.0,0.18342431,4,14,4,0,,,,0.40331668,0.0,0.0,0.0,669.1375
0.21,0.21,0.21,0.21,18.9,54.0,721.0,853.0,0.1831527,4,15,4,0,,,,0.6516167,0.0,0.0,0.0,508.15417
0.5,0.21,0.21,0.5,17.8,56.0,531.0,781.0,0.18542463,4,16,4,0,,,,0.50446665,0.0,0.0,0.0,233.45416
0.5,0.21,0.21,0.5,16.7,70.0,307.0,644.0,0.19277337,4,17,4,0,,,,0.39105,0.0,0.0,0.0,184.25
0.5,0.21,0.21,0.5,16.1,65.0,96.0,343.0,0.18593085,4,18,4,0,,,,0.45126668,0.0,0.0,0.0,137.30417
0.5,0.21,0.21,0.5,15.6,60.0,7.0,10.0,0.18326516,4,19,4,0,,,,0.9611167,0.0,0.0,0.0,0.0
0.5,0.21,0.21,0.5,14.4,67.0,0.0,0.0,0.18442729,4,20,4,0,,,,1.7686417,0.0,0.0,0.0,0.0
0.21,0.21,0.21,0.21,13.9,72.0,0.0,0.0,0.17971173,4,21,4,0,,,,1.6299833,0.0,0.0,0.0,0.0
0.21,0.21,0.21,0.21,13.9,78.0,0.0,0.0,0.17409228,4,22,4,0,,,,1.6285,0.0,0.0,0.0,0.0
0.21,0.21,0.21,0.21,13.3,78.0,0.0,0.0,0.15957779,4,23,4,0,,,,0.93605,0.0,0.0,0.0,0.0
0.21,0.21,0.21,0.21,13.9,72.0,0.0,0.0,0.14106373,4,24,4,0,,,,1.1680583,0.0,0.0,0.0,0.0
0.21,0.21,0.21,0.21,12.8,77.0,0.0,0.0,0.1486526,4,1,5,0,,,,3.0190666,0.0,0.0,0.0,0.0
0.21,0.21,0.21,0.21,12.8,75.0,0.0,0.0,0.14800909,4,2,5,0,,,,1.3341167,0.0,0.0,0.0,0.0
0.21,0.21,0.21,0.21,12.8,72.0,0.0,0.0,0.1508633,4,3,5,0,,,,0.5155333,0.0,0.0,0.0,0.0
0.21,0.21,0.5,0.21,12.8,75.0,0.0,0.0,0.15087536,4,4,5,0,,,,0.5136,0.0,0.0,0.0,0.0
0.21,0.21,0.5,0.21,12.8,72.0,0.0,0.0,0.14083453,4,5,5,0,,,,0.51255,0.0,0.0,0.0,0.0
0.21,0.21,0.5,0.21,12.8,72.0,11.0,14.0,0.15263931,4,6,5,0,,,,0.7435167,0.0,0.0,0.0,0.0
0.21,0.21,0.5,0.21,13.9,62.0,88.0,99.0,0.16574937,4,7,5,0,,,,0.79471666,0.0,0.0,0.0,26.0375
0.21,0.21,0.5,0.21,14.4,60.0,241.0,262.0,0.17446992,4,8,5,0,,,,0.88493335,0.0,0.0,0.0,98.44583
0.21,0.21,0.21,0.21,15.0,60.0,320.0,145.0,0.17394383,4,9,5,0,,,,0.43696666,0.0,0.0,0.0,263.87082
0.21,0.5,0.21,0.21,15.6,54.0,522.0,177.0,0.1731056,4,10,5,0,,,,0.44663334,0.0,0.0,0.0,411.325
0.21,0.5,0.21,0.21,16.7,52.0,621.0,196.0,0.17513071,4,11,5,0,,,,0.45653334,0.0,0.0,0.0,541.75415
0.21,0.5,0.21,0.21,16.7,52.0,621.0,235.0,0.16967848,4,12,5,0,,,,0.45833334,0.0,0.0,0.0,652.1542
0.21,0.5,0.21,0.21,17.2,50.0,717.0,390.0,0.16870861,4,13,5,0,,,,0.42403334,0.0,0.0,0.0,663.74585
0.21,0.5,0.21,0.21,17.8,48.0,867.0,877.0,0.16691671,4,14,5,0,,,,0.40336666,0.0,0.0,0.0,681.94586
0.21,0.21,0.21,0.21,17.2,50.0,696.0,735.0,0.15631495,4,15,5,0,,,,0.54656667,0.0,0.0,0.0,668.5917
0.5,0.21,0.21,0.5,15.6,60.0,517.0,735.0,0.15770221,4,16,5,0,,,,0.53835,0.0,0.0,0.0,479.8875
0.5,0.21,0.21,0.5,15.0,62.0,250.0,363.0,0.15793563,4,17,5,0,,,,0.5521333,0.0,0.0,0.0,271.575
0.5,0.21,0.21,0.5,13.3,72.0,73.0,95.0,0.15765876,4,18,5,0,,,,0.63285,0.0,0.0,0.0,107.808334
0.5,0.21,0.21,0.5,13.3,72.0,2.0,0.0,0.15957503,4,19,5,0,,,,0.9967667,0.0,0.0,0.0,0.0
0.5,0.21,0.21,0.5,13.3,72.0,0.0,0.0,0.16048652,4,20,5,0,,,,1.233,0.0,0.0,0.0,0.0
0.21,0.21,0.21,0.21,13.9,69.0,0.0,0.0,0.1473102,4,21,5,0,,,,1.3288167,0.0,0.0,0.0,0.0
0.21,0.21,0.21,0.21,13.9,69.0,0.0,0.0,0.12796202,4,22,5,0,,,,1.5577,0.0,0.0,0.0,0.0
0.21,0.21,0.21,0.21,13.9,72.0,0.0,0.0,0.12581389,4,23,5,0,,,,1.1356833,0.0,0.0,0.0,0.0
0.21,0.21,0.21,0.21,13.9,75.0,0.0,0.0,0.11750239,4,24,5,0,,,,0.44730833,0.0,0.0,0.0,0.0
0.21,0.21,0.21,0.21,13.9,62.0,0.0,0.0,0.117198065,4,1,6,0,,,,0.43553334,0.0,0.0,0.0,0.0
0.21,0.21,0.21,0.21,13.9,62.0,0.0,0.0,0.11925962,4,2,6,0,,,,0.4293389,0.0,0.0,0.0,0.0
0.21,0.21,0.21,0.21,13.9,60.0,0.0,0.0,0.1158799,4,3,6,0,,,,0.43135,0.0,0.0,0.0,0.0
0.21,0.21,0.5,0.21,13.9,60.0,0.0,0.0,0.11765261,4,4,6,0,,,,0.42845,0.0,0.0,0.0,0.0
0.21,0.21,0.5,0.21,13.9,57.0,0.0,0.0,0.11550916,4,5,6,0,,,,0.42786667,0.0,0.0,0.0,0.0
0.21,0.21,0.5,0.21,13.9,60.0,11.0,0.0,0.119124725,4,6,6,0,,,,0.42796665,0.0,0.0,0.0,0.0
0.21,0.21,0.5,0.21,14.4,58.0,90.0,107.0,0.12379346,4,7,6,0,,,,0.40976667,0.0,0.0,0.0,14.129167
0.21,0.21,0.5,0.21,15.6,56.0,278.0,332.0,0.13519242,4,8,6,0,,,,0.65533334,0.0,0.0,0.0,51.245834
0.21,0.21,0.21,0.21,16.7,56.0,440.0,304.0,0.13718212,4,9,6,0,,,,0.6952,0.0,0.0,0.0,88.208336
0.21,0.5,0.21,0.21,17.2,56.0,681.0,598.0,0.13455921,4,10,6,0,,,,0.65826666,0.0,0.0,0.0,225.7375
0.21,0.5,0.21,0.21,17.2,58.0,805.0,673.0,0.14237243,4,11,6,0,,,,0.9494333,0.0,0.0,0.0,185.74583
0.21,0.5,0.21,0.21,16.7,58.0,864.0,697.0,0.14385483,4,12,6,0,,,,1.0542333,0.0,0.0,0.0,471.69168
0.21,0.5,0.21,0.21,17.2,56.0,849.0,681.0,0.13603602,4,13,6,0,,,,1.0826666,0.0,0.0,0.0,621.8
0.21,0.5,0.21,0.21,16.7,67.0,801.0,686.0,0.13418369,4,14,6,0,,,,1.1068166,0.0,0.0,0.0,610.4
0.21,0.21,0.21,0.21,16.1,70.0,667.0,627.0,0.12915066,4,15,6,0,,,,0.71383333,0.0,0.0,0.0,315.40833
0.5,0.21,0.21,0.5,15.6,72.0,457.0,501.0,0.12160747,4,16,6,0,,,,0.6659,0.0,0.0,0.0,107.90833
0.5,0.21,0.21,0.5,15.0,72.0,259.0,346.0,0.124971576,4,17,6,0,,,,0.69276667,0.0,0.0,0.0,82.879166
0.5,0.21,0.21,0.5,13.9,78.0,77.0,111.0,0.12745808,4,18,6,0,,,,1.0440667,0.0,0.0,0.0,34.2875
0.5,0.21,0.21,0.5,13.3,83.0,6.0,0.0,0.14062677,4,19,6,0,,,,1.10745,0.0,0.0,0.0,0.0
0.5,0.21,0.21,0.5,13.3,80.0,0.0,0.0,0.1425418,4,20,6,0,,,,1.2344333,0.0,0.0,0.0,0.0
0.21,0.21,0.21,0.21,12.8,80.0,0.0,0.0,0.13445415,4,21,6,0,,,,1.3926333,0.0,0.0,0.0,0.0
0.21,0.21,0.21,0.21,13.9,72.0,0.0,0.0,0.11894613,4,22,6,0,,,,1.4288334,0.0,0.0,0.0,0.0
0.21,0.21,0.21,0.21,13.9,72.0,0.0,0.0,0.11871485,4,23,6,0,,,,1.7643167,0.0,0.0,0.0,0.0
0.21,0.21,0.21,0.21,13.9,78.0,0.0,0.0,0.11744311,4,24,6,0,,,,0.9885,0.0,0.0,0.0,0.0
0.21,0.21,0.21,0.21,13.3,78.0,0.0,0.0,0.11854979,4,1,7,0,,,,0.71923333,0.0,0.0,0.0,0.0
0.21,0.21,0.21,0.21,12.8,77.0,0.0,0.0,0.118958004,4,2,7,0,,,,0.42555,0.0,0.0,0.0,0.0
0.21,0.21,0.21,0.21,12.2,83.0,0.0,0.0,0.12141485,4,3,7,0,,,,0.41848335,0.0,0.0,0.0,0.0
0.21,0.21,0.5,0.21,12.8,80.0,0.0,0.0,0.12802473,4,4,7,0,,,,0.41753334,0.0,0.0,0.0,0.0
0.21,0.21,0.5,0.21,12.2,77.0,0.0,0.0,0.13081099,4,5,7,0,,,,0.4156,0.0,0.0,0.0,0.0
0.21,0.21,0.5,0.21,11.7,80.0,14.0,3.0,0.12995596,4,6,7,0,,,,0.4155,0.0,0.0,0.0,3.0875
0.21,0.21,0.5,0.21,12.8,77.0,98.0,175.0,0.13125694,4,7,7,0,,,,0.41753334,0.0,0.0,0.0,57.2625
0.21,0.21,0.5,0.21,14.4,75.0,275.0,330.0,0.1369214,4,8,7,0,,,,0.42435,0.0,0.0,0.0,142.66667
0.21,0.21,0.21,0.21,16.1,63.0,393.0,165.0,0.13612175,4,9,7,0,,,,0.4365,0.0,0.0,0.0,276.6375
0.21,0.5,0.21,0.21,16.7,65.0,490.0,240.0,0.13248938,4,10,7,0,,,,2.3546166,0.0,0.0,0.0,362.67917
0.21,0.5,0.21,0.21,17.8,63.0,817.0,647.0,0.13594447,4,11,7,0,,,,1.0677834,0.0,0.0,0.0,408.99167
0.21,0.5,0.21,0.21,17.8,63.0,909.0,765.0,0.13387528,4,12,7,0,,,,1.2287166,0.0,0.0,0.0,538.54584
0.21,0.5,0.21,0.21,17.8,65.0,887.0,745.0,0.13175766,4,13,7,0,,,,1.5883167,0.0,0.0,0.0,637.9708
0.21,0.5,0.21,0.21,17.2,65.0,829.0,741.0,0.13228321,4,14,7,0,,,,1.2365667,0.0,0.0,0.0,657.07086
0.21,0.21,0.21,0.21,16.7,67.0,664.0,659.0,0.13618545,4,15,7,0,,,,1.3031833,0.0,0.0,0.0,691.38336
0.5,0.21,0.21,0.5,16.7,70.0,490.0,456.0,0.14490438,4,16,7,0,,,,1.4513,0.0,0.0,0.0,586.07086
0.5,0.21,0.21,0.5,15.6,72.0,263.0,412.0,0.15044482,4,17,7,0,,,,1.6636167,0.0,0.0,0.0,431.51666
0.5,0.21,0.21,0.5,14.4,75.0,83.0,155.0,0.1563032,4,18,7,0,,,,1.6252167,0.0,0.0,0.0,158.4875
0.5,0.21,0.21,0.5,13.3,83.0,7.0,1.0,0.15541586,4,19,7,0,,,,0.90508336,0.0,0.0,0.0,0.0
0.5,0.21,0.21,0.5,13.3,80.0,0.0,0.0,0.16822529,4,20,7,0,,,,0.8153667,0.0,0.0,0.0,0.0
0.21,0.21,0.21,0.21,13.3,80.0,0.0,0.0,0.15515296,4,21,7,0,,,,0.93011665,0.0,0.0,0.0,0.0
0.21,0.21,0.21,0.21,13.3,80.0,0.0,0.0,0.13382106,4,22,7,0,,,,1.1269,0.0,0.0,0.0,0.0
0.21,0.21,0.21,0.21,13.3,80.0,0.0,0.0,0.11991131,4,23,7,0,,,,0.90901667,0.0,0.0,0.0,0.0
0.21,0.21,0.21,0.21,14.4,81.0,0.0,0.0,0.11671127,4,24,7,0,,,,0.75759166,0.0,0.0,0.0,0.0
0.21,0.21,0.21,0.21,13.9,78.0,0.0,0.0,0.11346092,4,1,1,0,,,,0.5097333,0.0,0.0,0.0,0.0
0.21,0.21,0.21,0.21,13.9,78.0,0.0,0.0,0.11364551,4,2,1,0,,,,0.5096667,0.0,0.0,0.0,0.0
0.21,0.21,0.21,0.21,13.9,78.0,0.0,0.0,0.11245808,4,3,1,0,,,,0.50166667,0.0,0.0,0.0,0.0
0.21,0.21,0.5,0.21,13.9,78.0,0.0,0.0,0.115633965,4,4,1,0,,,,0.5017833,0.0,0.0,0.0,0.0
0.21,0.21,0.5,0.21,14.4,75.0,0.0,0.0,0.1283637,4,5,1,0,,,,0.49983335,0.0,0.0,0.0,0.0
0.21,0.21,0.5,0.21,14.4,75.0,10.0,0.0,0.1443109,4,6,1,0,,,,0.5793167,0.0,0.0,0.0,0.25
0.21,0.21,0.5,0.21,15.0,70.0,52.0,4.0,0.14579146,4,7,1,0,,,,0.85321665,0.0,0.0,0.0,26.133333
0.21,0.21,0.5,0.21,15.0,70.0,133.0,5.0,0.13962847,4,8,1,0,,,,0.83536667,0.0,0.0,0.0,90.45
0.21,0.21,0.21,0.21,15.6,67.0,223.0,3.0,0.1465088,4,9,1,0,,,,0.42533332,0.0,0.0,0.0,273.3125
0.21,0.5,0.21,0.21,16.1,65.0,331.0,5.0,0.14954394,4,10,1,0,,,,0.42978334,0.0,0.0,0.0,446.61667
0.21,0.5,0.21,0.21,16.1,67.0,353.0,1.0,0.15024221,4,11,1,0,,,,0.43211666,0.0,0.0,0.0,563.42914
0.21,0.5,0.21,0.21,16.1,67.0,353.0,0.0,0.15666719,4,12,1,0,,,,0.43975,0.0,0.0,0.0,661.0417
0.21,0.5,0.21,0.21,16.1,65.0,433.0,2.0,0.16101524,4,13,1,0,,,,0.435,0.0,0.0,0.0,716.26666
0.21,0.5,0.21,0.21,17.2,63.0,369.0,2.0,0.16398533,4,14,1,0,,,,0.4351,0.0,0.0,0.0,734.2125
0.21,0.21,0.21,0.21,16.7,65.0,332.0,1.0,0.1749686,4,15,1,0,,,,0.58615,0.0,0.0,0.0,692.07086
0.5,0.21,0.21,0.5,16.7,65.0,296.0,69.0,0.18560071,4,16,1,0,,,,0.42508334,0.0,0.0,0.0,592.3417
0.5,0.21,0.21,0.5,16.1,65.0,157.0,66.0,0.15809005,4,17,1,0,,,,0.49848333,0.0,0.0,0.0,425.075
0.5,0.21,0.21,0.5,14.4,72.0,77.0,104.0,0.15742579,4,18,1,0,,,,0.63276666,0.0,0.0,0.0,156.16667
0.5,0.21,0.21,0.5,13.9,80.0,4.0,0.0,0.16205059,4,19,1,0,,,,0.7399167,0.0,0.0,0.0,0.0
0.5,0.21,0.21,0.5,14.4,78.0,0.0,0.0,0.17280644,4,20,1,0,,,,1.0337666,0.0,0.0,0.0,0.0
0.21,0.21,0.21,0.21,14.4,81.0,0.0,0.0,0.16026936,4,21,1,0,,,,1.3099834,0.0,0.0,0.0,0.0
0.21,0.21,0.21,0.21,15.0,72.0,0.0,0.0,0.1290696,4,22,1,0,,,,1.2389166,0.0,0.0,0.0,0.0
0.21,0.21,0.21,0.21,14.4,78.0,0.0,0.0,0.117913395,4,23,1,0,,,,1.0246,0.0,0.0,0.0,0.0
0.21,0.21,0.21,0.21,13.3,80.0,0.0,0.0,0.116379075,4,24,1,0,,,,0.75048333,0.0,0.0,0.0,0.0
0.21,0.21,0.21,0.21,12.8,86.0,0.0,0.0,0.12148029,4,1,2,0,,,,0.42141667,0.0,0.0,0.0,0.0
0.21,0.21,0.21,0.21,13.9,80.0,0.0,0.0,0.121337704,4,2,2,0,,,,0.42078334,0.0,0.0,0.0,0.0
0.21,0.21,0.21,0.21,14.4,78.0,0.0,0.0,0.11935419,4,3,2,0,,,,0.4136639,0.0,0.0,0.0,0.0
0.21,0.21,0.5,0.21,13.9,80.0,0.0,0.0,0.12126662,4,4,2,0,,,,0.41518334,0.0,0.0,0.0,0.0
0.21,0.21,0.5,0.21,13.9,78.0,0.0,0.0,0.13110296,4,5,2,0,,,,0.41226667,0.0,0.0,0.0,0.0
0.21,0.21,0.5,0.21,13.9,83.0,14.0,1.0,0.1327043,4,6,2,0,,,,0.7819667,0.0,0.0,0.0,0.6625
0.21,0.21,0.5,0.21,14.4,81.0,58.0,15.0,0.13520746,4,7,2,0,,,,0.9791833,0.0,0.0,0.0,30.9875
0.21,0.21,0.5,0.21,15.0,81.0,95.0,2.0,0.14028937,4,8,2,0,,,,0.78393334,0.0,0.0,0.0,99.53333
0.21,0.21,0.21,0.21,16.1,78.0,251.0,43.0,0.1456736,4,9,2,0,,,,0.42213333,0.0,0.0,0.0,269.4375
0.21,0.5,0.21,0.21,17.2,68.0,739.0,648.0,0.14682326,4,10,2,0,,,,0.42853335,0.0,0.0,0.0,426.8875
0.21,0.5,0.21,0.21,17.8,63.0,788.0,523.0,0.14651532,4,11,2,0,,,,0.43831667,0.0,0.0,0.0,545.7625
0.21,0.5,0.21,0.21,18.3,56.0,678.0,252.0,0.1410614,4,12,2,0,,,,0.43846667,0.0,0.0,0.0,655.0292
0.21,0.5,0.21,0.21,18.9,54.0,921.0,651.0,0.14821313,4,13,2,0,,,,0.43331668,0.0,0.0,0.0,635.4083
0.21,0.5,0.21,0.21,17.2,60.0,668.0,305.0,0.14981756,4,14,2,0,,,,0.43308333,0.0,0.0,0.0,560.4167
0.21,0.21,0.21,0.21,17.8,58.0,553.0,387.0,0.1586344,4,15,2,0,,,,0.48608333,0.0,0.0,0.0,665.87915
0.5,0.21,0.21,0.5,16.1,63.0,329.0,155.0,0.16887705,4,16,2,0,,,,0.55403334,0.0,0.0,0.0,563.00836
0.5,0.21,0.21,0.5,16.1,63.0,272.0,305.0,0.16575544,4,17,2,0,,,,0.5151167,0.0,0.0,0.0,386.47916
0.5,0.21,0.21,0.5,14.4,72.0,66.0,30.0,0.1684934,4,18,2,0,,,,0.6597833,0.0,0.0,0.0,133.90834
0.5,0.21,0.21,0.5,13.9,78.0,8.0,1.0,0.17385097,4,19,2,0,,,,0.8833,0.0,0.0,0.0,1.3583333
0.5,0.21,0.21,0.5,13.9,75.0,0.0,0.0,0.17917958,4,20,2,0,,,,1.3315166,0.0,0.0,0.0,0.0
0.21,0.21,0.21,0.21,13.9,75.0,0.0,0.0,0.15721814,4,21,2,0,,,,2.15185,0.0,0.0,0.0,0.0
0.21,0.21,0.21,0.21,13.3,78.0,0.0,0.0,0.12987703,4,22,2,0,,,,1.2606666,0.0,0.0,0.0,0.0
0.21,0.21,0.21,0.21,13.3,80.0,0.0,0.0,0.120308176,4,23,2,0,,,,1.185,0.0,0.0,0.0,0.0
0.21,0.21,0.21,0.21,13.9,78.0,0.0,0.0,0.1152966,4,24,2,0,,,,0.725725,0.0,0.0,0.0,0.0
0.21,0.21,0.21,0.21,13.3,78.0,0.0,0.0,0.116578296,4,1,3,0,,,,0.5084,0.0,0.0,0.0,0.0
0.21,0.21,0.21,0.21,12.8,80.0,0.0,0.0,0.11605739,4,2,3,0,,,,0.50803334,0.0,0.0,0.0,0.0
0.21,0.21,0.21,0.21,12.2,80.0,0.0,0.0,0.118991144,4,3,3,0,,,,0.5006833,0.0,0.0,0.0,0.0
0.21,0.21,0.5,0.21,12.2,80.0,0.0,0.0,0.11803324,4,4,3,0,,,,0.50131667,0.0,0.0,0.0,0.0
0.21,0.21,0.5,0.21,12.2,83.0,0.0,0.0,0.124093056,4,5,3,0,,,,0.5003667,0.0,0.0,0.0,0.0
0.21,0.21,0.5,0.21,11.7,83.0,16.0,1.0,0.1304308,4,6,3,0,,,,0.7191667,0.0,0.0,0.0,0.425
0.21,0.21,0.5,0.21,12.8,83.0,97.0,31.0,0.13301192,4,7,3,0,,,,0.9324333,0.0,0.0,0.0,25.079166
0.21,0.21,0.5,0.21,14.4,81.0,176.0,18.0,0.14201777,4,8,3,0,,,,0.47756666,0.0,0.0,0.0,91.229164
0.21,0.21,0.21,0.21,16.1,70.0,368.0,77.0,0.1450645,4,9,3,0,,,,0.42206666,0.0,0.0,0.0,272.70416
0.21,0.5,0.21,0.21,17.8,63.0,471.0,117.0,0.14681984,4,10,3,0,,,,0.43303335,0.0,0.0,0.0,443.34583
0.21,0.5,0.21,0.21,18.9,63.0,521.0,119.0,0.15212606,4,11,3,0,,,,0.44161665,0.0,0.0,0.0,576.1625
0.21,0.5,0.21,0.21,19.4,61.0,834.0,395.0,0.15995887,4,12,3,0,,,,0.43913335,0.0,0.0,0.0,668.1
0.21,0.5,0.21,0.21,19.4,59.0,849.0,505.0,0.16416812,4,13,3,0,,,,0.43886667,0.0,0.0,0.0,719.2167
0.21,0.5,0.21,0.21,18.3,63.0,783.0,518.0,0.16466558,4,14,3,0,,,,0.60506666,0.0,0.0,0.0,735.9125
0.21,0.21,0.21,0.21,17.8,68.0,676.0,595.0,0.1599506,4,15,3,0,,,,0.43421668,0.0,0.0,0.0,690.44165
0.5,0.21,0.21,0.5,17.2,65.0,469.0,436.0,0.15888369,4,16,3,0,,,,0.43341666,0.0,0.0,0.0,576.5208
0.5,0.21,0.21,0.5,16.7,70.0,244.0,244.0,0.15848543,4,17,3,0,,,,0.5664833,0.0,0.0,0.0,416.24167
0.5,0.21,0.21,0.5,15.0,75.0,75.0,120.0,0.15891968,4,18,3,0,,,,0.8264167,0.0,0.0,0.0,165.86667
0.5,0.21,0.21,0.5,13.9,78.0,9.0,0.0,0.15760149,4,19,3,0,,,,1.4906666,0.0,0.0,0.0,0.7125
0.5,0.21,0.21,0.5,13.3,80.0,0.0,0.0,0.15774275,4,20,3,0,,,,1.7014834,0.0,0.0,0.0,0.0
0.21,0.21,0.21,0.21,13.3,80.0,0.0,0.0,0.14610592,4,21,3,0,,,,1.6934834,0.0,0.0,0.0,0.0
0.21,0.21,0.21,0.21,13.9,80.0,0.0,0.0,0.12640268,4,22,3,0,,,,1.0171833,0.0,0.0,0.0,0.0
0.21,0.21,0.21,0.21,13.9,78.0,0.0,0.0,0.11220785,4,23,3,0,,,,0.74411666,0.0,0.0,0.0,0.0
0.21,0.21,0.21,0.21,13.3,87.0,0.0,0.0,0.11137252,4,24,3,0,,,,0.6803333,0.0,0.0,0.0,0.0
0.21,0.21,0.21,0.21,13.3,78.0,0.0,0.0,0.11200703,4,1,4,0,,,,0.42045,0.0,0.0,0.0,0.0
0.21,0.21,0.21,0.21,12.8,80.0,0.0,0.0,0.10994811,4,2,4,0,,,,0.42185,0.0,0.0,0.0,0.0
0.21,0.21,0.21,0.21,11.1,86.0,0.0,0.0,0.11027316,4,3,4,0,,,,0.41298333,0.0,0.0,0.0,0.0
0.21,0.21,0.5,0.21,12.2,86.0,0.0,0.0,0.11304289,4,4,4,0,,,,0.41413334,0.0,0.0,0.0,0.0
0.21,0.21,0.5,0.21,13.3,83.0,0.0,0.0,0.118935734,4,5,4,0,,,,0.4105,0.0,0.0,0.0,0.0
0.21,0.21,0.5,0.21,13.9,78.0,9.0,0.0,0.13052006,4,6,4,0,,,,0.5287833,0.0,0.0,0.0,0.8541667
0.21,0.21,0.5,0.21,14.4,75.0,37.0,1.0,0.14459705,4,7,4,0,,,,0.7708667,0.0,0.0,0.0,66.291664
0.21,0.21,0.5,0.21,15.0,72.0,210.0,8.0,0.15109558,4,8,4,0,,,,0.64945,0.0,0.0,0.0,139.7875
0.21,0.21,0.21,0.21,15.6,70.0,212.0,0.0,0.14709346,4,9,4,0,,,,0.42151666,0.0,0.0,0.0,260.64584
0.21,0.5,0.21,0.21,17.2,65.0,653.0,470.0,0.14454247,4,10,4,0,,,,0.41291666,0.0,0.0,0.0,205.8875
0.21,0.5,0.21,0.21,17.8,65.0,827.0,679.0,0.14121549,4,11,4,0,,,,0.5691,0.0,0.0,0.0,153.90834
0.21,0.5,0.21,0.21,17.8,65.0,935.0,845.0,0.1421236,4,12,4,0,,,,1.28005,0.0,0.0,0.0,192.875
0.21,0.5,0.21,0.21,17.8,65.0,937.0,852.0,0.14031698,4,13,4,0,,,,1.1427,0.0,0.0,0.0,487.75
0.21,0.5,0.21,0.21,17.8,65.0,862.0,834.0,0.13448729,4,14,4,0,,,,0.65388334,0.0,0.0,0.0,698.45416
0.21,0.21,0.21,0.21,17.2,65.0,724.0,794.0,0.14108661,4,15,4,0,,,,0.49161667,0.0,0.0,0.0,506.42917
0.5,0.21,0.21,0.5,17.2,63.0,529.0,710.0,0.14214279,4,16,4,0,,,,0.5635,0.0,0.0,0.0,205.97084
0.5,0.21,0.21,0.5,16.1,70.0,309.0,570.0,0.14732051,4,17,4,0,,,,0.51533335,0.0,0.0,0.0,86.17917
0.5,0.21,0.21,0.5,15.0,75.0,101.0,283.0,0.14683323,4,18,4,0,,,,0.48615,0.0,0.0,0.0,11.925
0.5,0.21,0.21,0.5,14.4,84.0,9.0,6.0,0.15234657,4,19,4,0,,,,0.75051665,0.0,0.0,0.0,0.0
0.5,0.21,0.21,0.5,14.4,84.0,0.0,0.0,0.16132677,4,20,4,0,,,,0.9381833,0.0,0.0,0.0,0.0
0.21,0.21,0.21,0.21,13.9,83.0,0.0,0.0,0.14762539,4,21,4,0,,,,0.74305,0.0,0.0,0.0,0.0
0.21,0.21,0.21,0.21,13.3,87.0,0.0,0.0,0.122348964,4,22,4,0,,,,1.3438166,0.0,0.0,0.0,0.0
0.21,0.21,0.21,0.21,13.3,87.0,0.0,0.0,0.11006392,4,23,4,0,,,,1.1771166,0.0,0.0,0.0,0.0
0.21,0.21,0.21,0.21,12.8,83.0,0.0,0.0,0.109008305,4,24,4,0,,,,0.82371664,0.0,0.0,0.0,0.0
0.21,0.21,0.21,0.21,13.3,83.0,0.0,0.0,0.10639252,4,1,5,0,,,,0.63313335,0.0,0.0,0.0,0.0
0.21,0.21,0.21,0.21,13.3,80.0,0.0,0.0,0.10862452,4,2,5,0,,,,0.4158,0.0,0.0,0.0,0.0
0.21,0.21,0.21,0.21,13.3,80.0,0.0,0.0,0.11234897,4,3,5,0,,,,0.4114,0.0,0.0,0.0,0.0
0.21,0.21,0.5,0.21,13.3,83.0,0.0,0.0,0.11722153,4,4,5,0,,,,0.4083,0.0,0.0,0.0,0.0
0.21,0.21,0.5,0.21,13.9,80.0,0.0,0.0,0.12987371,4,5,5,0,,,,0.40866667,0.0,0.0,0.0,0.0
0.21,0.21,0.5,0.21,13.9,78.0,14.0,0.0,0.14160167,4,6,5,0,,,,0.56801665,0.0,0.0,0.0,2.0375
0.21,0.21,0.5,0.21,13.9,80.0,82.0,0.0,0.14292887,4,7,5,0,,,,0.8200667,0.0,0.0,0.0,26.358334
0.21,0.21,0.5,0.21,14.4,78.0,164.0,6.0,0.14967866,4,8,5,0,,,,0.8251333,0.0,0.0,0.0,95.541664
0.21,0.21,0.21,0.21,16.7,70.0,243.0,98.0,0.14814734,4,9,5,0,,,,1.62015,0.0,0.0,0.0,275.80832
0.21,0.5,0.21,0.21,17.2,70.0,662.0,586.0,0.14907521,4,10,5,0,,,,0.4218,0.0,0.0,0.0,456.725
0.21,0.5,0.21,0.21,17.2,68.0,653.0,411.0,0.14848642,4,11,5,0,,,,1.2798,0.0,0.0,0.0,596.2292
0.21,0.5,0.21,0.21,16.7,67.0,962.0,941.0,0.14422864,4,12,5,0,,,,0.66645,0.0,0.0,0.0,696.23334
0.21,0.5,0.21,0.21,15.6,70.0,940.0,923.0,0.14365244,4,13,5,0,,,,0.66351664,0.0,0.0,0.0,743.67914
0.21,0.5,0.21,0.21,16.7,65.0,883.0,927.0,0.14308743,4,14,5,0,,,,0.66083336,0.0,0.0,0.0,747.57086
0.21,0.21,0.21,0.21,16.1,70.0,742.0,888.0,0.14424713,4,15,5,0,,,,0.6104,0.0,0.0,0.0,700.9625
0.5,0.21,0.21,0.5,15.6,70.0,561.0,832.0,0.14659746,4,16,5,0,,,,0.5606167,0.0,0.0,0.0,594.85834
0.5,0.21,0.21,0.5,15.0,72.0,322.0,669.0,0.14666343,4,17,5,0,,,,0.5549667,0.0,0.0,0.0,422.20416
0.5,0.21,0.21,0.5,13.9,78.0,100.0,216.0,0.14485402,4,18,5,0,,,,0.66476667,0.0,0.0,0.0,167.54584
0.5,0.21,0.21,0.5,13.9,80.0,13.0,2.0,0.14799611,4,19,5,0,,,,0.69028336,0.0,0.0,0.0,1.6208333
0.5,0.21,0.21,0.5,13.9,80.0,0.0,0.0,0.1496623,4,20,5,0,,,,0.9387,0.0,0.0,0.0,0.0
0.21,0.21,0.21,0.21,13.3,80.0,0.0,0.0,0.14417775,4,21,5,0,,,,0.7037,0.0,0.0,0.0,0.0
0.21,0.21,0.21,0.21,12.8,83.0,0.0,0.0,0.13594188,4,22,5,0,,,,0.70028335,0.0,0.0,0.0,0.0
0.21,0.21,0.21,0.21,12.8,83.0,0.0,0.0,0.12353212,4,23,5,0,,,,0.69913334,0.0,0.0,0.0,0.0
0.21,0.21,0.21,0.21,13.3,83.0,0.0,0.0,0.1126797,4,24,5,0,,,,0.59531665,0.0,0.0,0.0,0.0
0.21,0.21,0.21,0.21,12.8,80.0,0.0,0.0,0.115673274,4,1,6,0,,,,0.39973333,0.0,0.0,0.0,0.0
0.21,0.21,0.21,0.21,12.8,80.0,0.0,0.0,0.12003157,4,2,6,0,,,,0.39788333,0.0,0.0,0.0,0.0
0.21,0.21,0.21,0.21,12.2,83.0,0.0,0.0,0.11970572,4,3,6,0,,,,0.39348334,0.0,0.0,0.0,0.0
0.21,0.21,0.5,0.21,12.2,83.0,0.0,0.0,0.113401726,4,4,6,0,,,,1.2493833,0.0,0.0,0.0,0.0
0.21,0.21,0.5,0.21,12.2,83.0,0.0,0.0,0.1160412,4,5,6,0,,,,0.46711665,0.0,0.0,0.0,0.0
0.21,0.21,0.5,0.21,12.8,80.0,6.0,1.0,0.1295492,4,6,6,0,,,,1.2698,0.0,0.0,0.0,2.2916667
0.21,0.21,0.5,0.21,12.8,83.0,59.0,5.0,0.15383846,4,7,6,0,,,,0.39263332,0.0,0.0,0.0,27.325
0.21,0.21,0.5,0.21,13.3,80.0,144.0,0.0,0.14344491,4,8,6,0,,,,0.40115,0.0,0.0,0.0,101.15
0.21,0.21,0.21,0.21,13.9,78.0,213.0,0.0,0.13225484,4,9,6,0,,,,0.39651668,0.0,0.0,0.0,284.325
0.21,0.5,0.21,0.21,15.6,72.0,315.0,2.0,0.12607229,4,10,6,0,,,,0.40656668,0.0,0.0,0.0,451.36667
0.21,0.5,0.21,0.21,15.6,72.0,690.0,444.0,0.12753315,4,11,6,0,,,,0.73978335,0.0,0.0,0.0,584.75836
0.21,0.5,0.21,0.21,16.1,67.0,921.0,848.0,0.12925835,4,12,6,0,,,,1.0051167,0.0,0.0,0.0,673.875
0.21,0.5,0.21,0.21,16.1,67.0,950.0,789.0,0.1266168,4,13,6,0,,,,0.4764,0.0,0.0,0.0,726.1125
0.21,0.5,0.21,0.21,15.6,72.0,685.0,372.0,0.12472897,4,14,6,0,,,,0.36088333,0.0,0.0,0.0,734.8958
0.21,0.21,0.21,0.21,15.0,75.0,477.0,133.0,0.122720376,4,15,6,0,,,,0.35885,0.0,0.0,0.0,684.80835
0.5,0.21,0.21,0.5,14.4,78.0,324.0,66.0,0.12228734,4,16,6,0,,,,0.35453334,0.0,0.0,0.0,585.2
0.5,0.21,0.21,0.5,14.4,78.0,291.0,452.0,0.12866934,4,17,6,0,,,,0.40816668,0.0,0.0,0.0,431.15417
0.5,0.21,0.21,0.5,13.3,83.0,48.0,1.0,0.13184208,4,18,6,0,,,,0.50488335,0.0,0.0,0.0,177.98334
0.5,0.21,0.21,0.5,13.3,83.0,6.0,1.0,0.13757636,4,19,6,0,,,,0.64683336,0.0,0.0,0.0,0.23333333
0.5,0.21,0.21,0.5,13.3,83.0,0.0,0.0,0.134433,4,20,6,0,,,,0.87686664,0.0,0.0,0.0,0.0
0.21,0.21,0.21,0.21,13.9,80.0,0.0,0.0,0.123510785,4,21,6,0,,,,1.6224,0.0,0.0,0.0,0.0
0.21,0.21,0.21,0.21,14.4,78.0,0.0,0.0,0.12019144,4,22,6,0,,,,1.56825,0.0,0.0,0.0,0.0
0.21,0.21,0.21,0.21,13.3,83.0,0.0,0.0,0.11620022,4,23,6,0,,,,1.4673333,0.0,0.0,0.0,0.0
0.21,0.21,0.21,0.21,13.9,83.0,0.0,0.0,0.10721169,4,24,6,0,,,,1.1788833,0.0,0.0,0.0,0.0
0.21,0.21,0.21,0.21,12.8,83.0,0.0,0.0,0.10620842,4,1,7,0,,,,0.39873335,0.0,0.0,0.0,0.0
0.21,0.21,0.21,0.21,12.8,80.0,0.0,0.0,0.10248578,4,2,7,0,,,,0.40018332,0.0,0.0,0.0,0.0
0.21,0.21,0.21,0.21,12.2,83.0,0.0,0.0,0.10267528,4,3,7,0,,,,0.39556667,0.0,0.0,0.0,0.0
0.21,0.21,0.5,0.21,12.8,83.0,0.0,0.0,0.104224324,4,4,7,0,,,,0.39573333,0.0,0.0,0.0,0.0
0.21,0.21,0.5,0.21,12.8,83.0,0.0,0.0,0.10840903,4,5,7,0,,,,0.39216667,0.0,0.0,0.0,0.0
0.21,0.21,0.5,0.21,12.8,86.0,16.0,0.0,0.109270886,4,6,7,0,,,,0.39326668,0.0,0.0,0.0,9.354167
0.21,0.21,0.5,0.21,13.3,83.0,110.0,16.0,0.105719924,4,7,7,0,,,,0.39515,0.0,0.0,0.0,63.941666
0.21,0.21,0.5,0.21,13.9,78.0,200.0,10.0,0.108224794,4,8,7,0,,,,0.40908334,0.0,0.0,0.0,153.07916
0.21,0.21,0.21,0.21,15.6,75.0,351.0,98.0,0.12068212,4,9,7,0,,,,0.40288332,0.0,0.0,0.0,287.47083
0.21,0.5,0.21,0.21,16.7,70.0,718.0,678.0,0.12819426,4,10,7,0,,,,0.6438,0.0,0.0,0.0,423.80417
0.21,0.5,0.21,0.21,16.7,70.0,867.0,891.0,0.12867656,4,11,7,0,,,,1.1152,0.0,0.0,0.0,591.7167
0.21,0.5,0.21,0.21,16.7,67.0,969.0,944.0,0.12870507,4,12,7,0,,,,1.0641667,0.0,0.0,0.0,684.05414
0.21,0.5,0.21,0.21,17.2,68.0,899.0,803.0,0.12855318,4,13,7,0,,,,0.29283333,0.0,0.0,0.0,731.75
0.21,0.5,0.21,0.21,16.7,73.0,520.0,189.0,0.1310905,4,14,7,0,,,,0.27796668,0.0,0.0,0.0,707.94586
0.21,0.21,0.21,0.21,16.1,72.0,818.0,843.0,0.12692785,4,15,7,0,,,,0.27675,0.0,0.0,0.0,702.98334
0.5,0.21,0.21,0.5,16.1,75.0,517.0,638.0,0.13066728,4,16,7,0,,,,0.2713,0.0,0.0,0.0,570.99585
0.5,0.21,0.21,0.5,15.6,78.0,275.0,332.0,0.13272402,4,17,7,0,,,,0.37065,0.0,0.0,0.0,343.6875
0.5,0.21,0.21,0.5,15.0,81.0,98.0,134.0,0.13577051,4,18,7,0,,,,1.1121334,0.0,0.0,0.0,178.47917
0.5,0.21,0.21,0.5,13.9,83.0,13.0,7.0,0.1358873,4,19,7,0,,,,1.10285,0.0,0.0,0.0,1.025
0.5,0.21,0.21,0.5,15.0,81.0,0.0,0.0,0.14228748,4,20,7,0,,,,1.36535,0.0,0.0,0.0,0.0
0.21,0.21,0.21,0.21,15.0,81.0,0.0,0.0,0.13945965,4,21,7,0,,,,1.6820667,0.0,0.0,0.0,0.0
0.21,0.21,0.21,0.21,15.0,78.0,0.0,0.0,0.1254982,4,22,7,0,,,,1.6203667,0.0,0.0,0.0,0.0
0.21,0.21,0.21,0.21,15.0,78.0,0.0,0.0,0.12322938,4,23,7,0,,,,0.66425,0.0,0.0,0.0,0.0
0.21,0.21,0.21,0.21,14.4,81.0,0.0,0.0,0.114897266,4,24,7,0,,,,0.42615,0.0,0.0,0.0,0.0
0.21,0.21,0.21,0.21,13.9,83.0,0.0,0.0,0.117637925,4,1,1,0,,,,0.30876666,0.0,0.0,0.0,0.0
0.21,0.21,0.21,0.21,15.0,81.0,0.0,0.0,0.12071089,4,2,1,0,,,,0.309,0.0,0.0,0.0,0.0
0.21,0.21,0.21,0.21,15.0,78.0,0.0,0.0,0.120299846,4,3,1,0,,,,0.30501667,0.0,0.0,0.0,0.0
0.21,0.21,0.5,0.21,14.4,78.0,0.0,0.0,0.116027296,4,4,1,0,,,,0.30453333,0.0,0.0,0.0,0.0
0.21,0.21,0.5,0.21,14.4,78.0,0.0,0.0,0.124728665,4,5,1,0,,,,0.30303332,0.0,0.0,0.0,0.0
0.21,0.21,0.5,0.21,14.4,78.0,4.0,0.0,0.13820003,4,6,1,0,,,,0.6063167,0.0,0.0,0.0,11.283334
0.21,0.21,0.5,0.21,15.0,78.0,52.0,2.0,0.13597174,4,7,1,0,,,,0.73775,0.0,0.0,0.0,46.8625
0.21,0.21,0.5,0.21,15.6,75.0,116.0,2.0,0.14397176,4,8,1,0,,,,0.6777667,0.0,0.0,0.0,115.8125
0.21,0.21,0.21,0.21,15.6,78.0,213.0,8.0,0.15769234,4,9,1,0,,,,0.3104,0.0,0.0,0.0,289.82916
0.21,0.5,0.21,0.21,17.2,70.0,354.0,3.0,0.14831686,4,10,1,0,,,,0.31945,0.0,0.0,0.0,448.04166
0.21,0.5,0.21,0.21,17.2,70.0,655.0,374.0,0.14753477,4,11,1,0,,,,0.319,0.0,0.0,0.0,587.5917
0.21,0.5,0.21,0.21,18.3,68.0,781.0,413.0,0.15310219,4,12,1,0,,,,0.3233,0.0,0.0,0.0,626.5
0.21,0.5,0.21,0.21,18.3,65.0,655.0,269.0,0.15049125,4,13,1,0,,,,0.32055,0.0,0.0,0.0,748.49585
0.21,0.5,0.21,0.21,17.8,68.0,630.0,304.0,0.14687671,4,14,1,0,,,,0.31851667,0.0,0.0,0.0,632.6667
0.21,0.21,0.21,0.21,17.2,70.0,248.0,7.0,0.14384623,4,15,1,0,,,,0.46461666,0.0,0.0,0.0,674.9167
0.5,0.21,0.21,0.5,16.7,73.0,191.0,5.0,0.14342482,4,16,1,0,,,,0.43371665,0.0,0.0,0.0,584.42084
0.5,0.21,0.21,0.5,16.1,75.0,235.0,66.0,0.1495556,4,17,1,0,,,,0.341,0.0,0.0,0.0,340.19583
0.5,0.21,0.21,0.5,15.6,75.0,69.0,0.0,0.15422475,4,18,1,0,,,,0.76455,0.0,0.0,0.0,144.325
0.5,0.21,0.21,0.5,15.0,78.0,12.0,0.0,0.15714785,4,19,1,0,,,,0.73296666,0.0,0.0,0.0,0.20833333
0.5,0.21,0.21,0.5,15.0,78.0,0.0,0.0,0.16050182,4,20,1,0,,,,1.2227334,0.0,0.0,0.0,0.0
0.21,0.21,0.21,0.21,15.0,78.0,0.0,0.0,0.15093441,4,21,1,0,,,,1.3039,0.0,0.0,0.0,0.0
0.21,0.21,0.21,0.21,14.4,81.0,0.0,0.0,0.1391742,4,22,1,0,,,,1.26205,0.0,0.0,0.0,0.0
0.21,0.21,0.21,0.21,14.4,81.0,0.0,0.0,0.12549761,4,23,1,0,,,,1.5243666,0.0,0.0,0.0,0.0
0.21,0.21,0.21,0.21,12.2,83.0,0.0,0.0,0.10811049,4,24,1,0,,,,0.67438334,0.0,0.0,0.0,0.0
0.21,0.21,0.21,0.21,14.4,81.0,0.0,0.0,0.10630044,4,1,2,0,,,,0.39225,0.0,0.0,0.0,0.0
0.21,0.21,0.21,0.21,13.9,83.0,0.0,0.0,0.10711726,4,2,2,0,,,,0.39041665,0.0,0.0,0.0,0.0
0.21,0.21,0.21,0.21,13.3,90.0,0.0,0.0,0.1069769,4,3,2,0,,,,0.384,0.0,0.0,0.0,0.0
0.21,0.21,0.5,0.21,13.3,90.0,0.0,0.0,0.108657055,4,4,2,0,,,,0.38293332,0.0,0.0,0.0,0.0
0.21,0.21,0.5,0.21,13.3,83.0,0.0,0.0,0.11936608,4,5,2,0,,,,0.40153334,0.0,0.0,0.0,0.0
0.21,0.21,0.5,0.21,13.3,87.0,9.0,0.0,0.13820057,4,6,2,0,,,,0.5171833,0.0,0.0,0.0,3.7166667
0.21,0.21,0.5,0.21,13.9,83.0,43.0,2.0,0.14650689,4,7,2,0,,,,0.5153,0.0,0.0,0.0,37.195835
0.21,0.21,0.5,0.21,13.9,83.0,105.0,3.0,0.15296192,4,8,2,0,,,,0.38686666,0.0,0.0,0.0,62.1125
0.21,0.21,0.21,0.21,12.2,90.0,157.0,5.0,0.15869044,4,9,2,0,,,,0.78153336,0.0,0.0,0.0,77.77917
0.21,0.5,0.21,0.21,13.9,72.0,471.0,139.0,0.16142182,4,10,2,0,,,,0.61263335,0.0,0.0,0.0,219.1625
0.21,0.5,0.21,0.21,15.0,67.0,604.0,301.0,0.16376136,4,11,2,0,,,,0.3864,0.0,0.0,0.0,265.22916
0.21,0.5,0.21,0.21,16.1,65.0,705.0,257.0,0.16246554,4,12,2,0,,,,0.40846667,0.0,0.0,0.0,479.7125
0.21,0.5,0.21,0.21,16.1,63.0,499.0,141.0,0.1629182,4,13,2,0,,,,0.4129,0.0,0.0,0.0,709.74585
0.21,0.5,0.21,0.21,16.7,60.0,754.0,404.0,0.162864,4,14,2,0,,,,0.38906667,0.0,0.0,0.0,484.02917
0.21,0.21,0.21,0.21,16.1,63.0,416.0,148.0,0.16037332,4,15,2,0,,,,0.39206666,0.0,0.0,0.0,319.76666
0.5,0.21,0.21,0.5,15.6,67.0,442.0,286.0,0.16089986,4,16,2,0,,,,0.48586667,0.0,0.0,0.0,132.1
0.5,0.21,0.21,0.5,15.0,62.0,191.0,55.0,0.1634892,4,17,2,0,,,,0.59496665,0.0,0.0,0.0,60.083332
0.5,0.21,0.21,0.5,14.4,67.0,67.0,9.0,0.15751912,4,18,2,0,,,,0.69621664,0.0,0.0,0.0,24.775
0.5,0.21,0.21,0.5,13.3,72.0,7.0,1.0,0.1564533,4,19,2,0,,,,0.45526665,0.0,0.0,0.0,0.0
0.5,0.21,0.21,0.5,13.3,72.0,0.0,0.0,0.15703651,4,20,2,0,,,,0.82848334,0.0,0.0,0.0,0.0
0.21,0.21,0.21,0.21,11.7,80.0,0.0,0.0,0.15207197,4,21,2,0,,,,0.77963334,0.0,0.0,0.0,0.0
0.21,0.21,0.21,0.21,12.8,77.0,0.0,0.0,0.13289465,4,22,2,0,,,,0.98500836,0.0,0.0,0.0,0.0
0.21,0.21,0.21,0.21,13.3,75.0,0.0,0.0,0.1232255,4,23,2,0,,,,0.89451665,0.0,0.0,0.0,0.0
0.21,0.21,0.21,0.21,11.7,83.0,0.0,0.0,0.10643975,4,24,2,0,,,,0.7077583,0.0,0.0,0.0,0.0
0.21,0.21,0.21,0.21,12.2,83.0,0.0,0.0,0.10084794,4,1,3,0,,,,0.6872333,0.0,0.0,0.0,0.0
0.21,0.21,0.21,0.21,12.2,83.0,0.0,0.0,0.09496778,4,2,3,0,,,,0.30386665,0.0,0.0,0.0,0.0
0.21,0.21,0.21,0.21,11.7,83.0,0.0,0.0,0.09512456,4,3,3,0,,,,0.302,0.0,0.0,0.0,0.0
0.21,0.21,0.5,0.21,11.7,86.0,0.0,0.0,0.0964353,4,4,3,0,,,,0.30183333,0.0,0.0,0.0,0.0
0.21,0.21,0.5,0.21,12.2,83.0,0.0,0.0,0.10611637,4,5,3,0,,,,0.29986668,0.0,0.0,0.0,0.0
0.21,0.21,0.5,0.21,12.2,86.0,13.0,1.0,0.12593566,4,6,3,0,,,,0.36708334,0.0,0.0,0.0,4.1541667
0.21,0.21,0.5,0.21,12.8,83.0,31.0,5.0,0.1308704,4,7,3,0,,,,0.7619333,0.0,0.0,0.0,33.641666
0.21,0.21,0.5,0.21,12.8,83.0,96.0,6.0,0.14452182,4,8,3,0,,,,0.34481665,0.0,0.0,0.0,113.208336
0.21,0.21,0.21,0.21,13.3,80.0,139.0,7.0,0.14828733,4,9,3,0,,,,0.30866668,0.0,0.0,0.0,296.5625
0.21,0.5,0.21,0.21,13.3,78.0,289.0,3.0,0.14530447,4,10,3,0,,,,0.32051668,0.0,0.0,0.0,464.3875
0.21,0.5,0.21,0.21,13.9,78.0,338.0,1.0,0.14803362,4,11,3,0,,,,0.3255,0.0,0.0,0.0,594.69586
0.21,0.5,0.21,0.21,13.9,72.0,398.0,1.0,0.14819771,4,12,3,0,,,,0.31981668,0.0,0.0,0.0,694.25
0.21,0.5,0.21,0.21,13.9,78.0,297.0,1.0,0.14660463,4,13,3,0,,,,0.31548333,0.0,0.0,0.0,742.0917
0.21,0.5,0.21,0.21,13.9,75.0,348.0,1.0,0.14623132,4,14,3,0,,,,0.31533334,0.0,0.0,0.0,740.9083
0.21,0.21,0.21,0.21,13.9,75.0,188.0,2.0,0.14524187,4,15,3,0,,,,0.38521665,0.0,0.0,0.0,691.80414
0.5,0.21,0.21,0.5,13.3,80.0,165.0,1.0,0.14914937,4,16,3,0,,,,0.32628334,0.0,0.0,0.0,581.625
0.5,0.21,0.21,0.5,13.3,80.0,113.0,65.0,0.15966162,4,17,3,0,,,,0.53583336,0.0,0.0,0.0,410.25418
0.5,0.21,0.21,0.5,13.3,78.0,67.0,30.0,0.15974219,4,18,3,0,,,,0.36763334,0.0,0.0,0.0,160.8625
0.5,0.21,0.21,0.5,13.3,80.0,2.0,1.0,0.15575752,4,19,3,0,,,,0.6627,0.0,0.0,0.0,1.8666667
0.5,0.21,0.21,0.5,13.3,78.0,0.0,0.0,0.15407583,4,20,3,0,,,,0.98225,0.0,0.0,0.0,0.0
0.21,0.21,0.21,0.21,12.8,77.0,0.0,0.0,0.15185206,4,21,3,0,,,,2.2271,0.0,0.0,0.0,0.0
0.21,0.21,0.21,0.21,12.8,80.0,0.0,0.0,0.13130225,4,22,3,0,,,,1.3554833,0.0,0.0,0.0,0.0
0.21,0.21,0.21,0.21,12.2,80.0,0.0,0.0,0.11921733,4,23,3,0,,,,1.0127,0.0,0.0,0.0,0.0
0.21,0.21,0.21,0.21,13.9,87.0,0.0,0.0,0.10863872,4,24,3,0,,,,0.29174167,0.0,0.0,0.0,0.0
0.21,0.21,0.21,0.21,11.1,83.0,0.0,0.0,0.10650144,4,1,4,0,,,,0.28925833,0.0,0.0,0.0,0.0
0.21,0.21,0.21,0.21,11.7,80.0,0.0,0.0,0.105483234,4,2,4,0,,,,0.28038332,0.0,0.0,0.0,0.0
0.21,0.21,0.21,0.21,11.1,80.0,0.0,0.0,0.1070647,4,3,4,0,,,,0.27473333,0.0,0.0,0.0,0.0
0.21,0.21,0.5,0.21,11.1,80.0,0.0,0.0,0.10905687,4,4,4,0,,,,0.27735,0.0,0.0,0.0,0.0
0.21,0.21,0.5,0.21,9.4,86.0,0.0,0.0,0.11815677,4,5,4,0,,,,0.27491668,0.0,0.0,0.0,0.0
0.21,0.21,0.5,0.21,10.0,86.0,28.0,28.0,0.13353495,4,6,4,0,,,,0.43245,0.0,0.0,0.0,2.6166666
0.21,0.21,0.5,0.21,12.2,83.0,148.0,302.0,0.14128563,4,7,4,0,,,,0.69193333,0.0,0.0,0.0,27.479166
0.21,0.21,0.5,0.21,13.9,78.0,325.0,296.0,0.15102012,4,8,4,0,,,,0.3121,0.0,0.0,0.0,110.27917
0.21,0.21,0.21,0.21,15.6,70.0,426.0,345.0,0.1559131,4,9,4,0,,,,0.28218332,0.0,0.0,0.0,294.88333
0.21,0.5,0.21,0.21,17.2,63.0,696.0,599.0,0.1567642,4,10,4,0,,,,0.29348335,0.0,0.0,0.0,461.40417
0.21,0.5,0.21,0.21,17.2,63.0,849.0,720.0,0.15575549,4,11,4,0,,,,0.30368334,0.0,0.0,0.0,589.275
0.21,0.5,0.21,0.21,17.8,61.0,680.0,503.0,0.14854689,4,12,4,0,,,,0.2953,0.0,0.0,0.0,693.82086
0.21,0.5,0.21,0.21,17.8,56.0,918.0,818.0,0.14790449,4,13,4,0,,,,0.289,0.0,0.0,0.0,740.0375
0.21,0.5,0.21,0.21,17.8,52.0,850.0,762.0,0.1527292,4,14,4,0,,,,0.2536,0.0,0.0,0.0,731.2167
0.21,0.21,0.21,0.21,17.8,58.0,689.0,674.0,0.15374033,4,15,4,0,,,,0.24215,0.0,0.0,0.0,687.17084
0.5,0.21,0.21,0.5,16.1,65.0,364.0,244.0,0.15506157,4,16,4,0,,,,0.42318332,0.0,0.0,0.0,585.7125
0.5,0.21,0.21,0.5,15.6,65.0,303.0,385.0,0.15545551,4,17,4,0,,,,0.25176665,0.0,0.0,0.0,428.74167
0.5,0.21,0.21,0.5,15.0,67.0,106.0,130.0,0.15238333,4,18,4,0,,,,0.5124,0.0,0.0,0.0,184.6125
0.5,0.21,0.21,0.5,15.0,65.0,6.0,2.0,0.15569367,4,19,4,0,,,,0.7176167,0.0,0.0,0.0,1.6
0.5,0.21,0.21,0.5,15.0,67.0,0.0,0.0,0.15153892,4,20,4,0,,,,0.70315,0.0,0.0,0.0,0.0
0.21,0.21,0.21,0.21,15.0,70.0,0.0,0.0,0.1443456,4,21,4,0,,,,0.37283334,0.0,0.0,0.0,0.0
0.21,0.21,0.21,0.21,16.1,65.0,0.0,0.0,0.12696111,4,22,4,0,,,,0.37281665,0.0,0.0,0.0,0.0
0.21,0.21,0.21,0.21,14.4,72.0,0.0,0.0,0.11574048,4,23,4,0,,,,1.4982166,0.0,0.0,0.0,0.0
0.21,0.21,0.21,0.21,15.6,78.0,0.0,0.0,0.10947005,4,24,4,0,,,,0.7445167,0.0,0.0,0.0,0.0
0.21,0.21,0.21,0.21,13.3,83.0,0.0,0.0,0.10582327,4,1,5,0,,,,0.6386333,0.0,0.0,0.0,0.0
0.21,0.21,0.21,0.21,12.8,80.0,0.0,0.0,0.10304643,4,2,5,0,,,,0.3731,0.0,0.0,0.0,0.0
0.21,0.21,0.21,0.21,12.2,83.0,0.0,0.0,0.10229983,4,3,5,0,,,,0.36798334,0.0,0.0,0.0,0.0
0.21,0.21,0.5,0.21,11.7,80.0,0.0,0.0,0.10375039,4,4,5,0,,,,0.36515,0.0,0.0,0.0,0.0
0.21,0.21,0.5,0.21,11.7,80.0,0.0,0.0,0.111224994,4,5,5,0,,,,0.36743334,0.0,0.0,0.0,0.0
0.21,0.21,0.5,0.21,11.7,80.0,31.0,87.0,0.1234304,4,6,5,0,,,,0.44035,0.0,0.0,0.0,4.225
0.21,0.21,0.5,0.21,14.4,72.0,179.0,503.0,0.13012818,4,7,5,0,,,,0.71753335,0.0,0.0,0.0,26.35
0.21,0.21,0.5,0.21,16.7,65.0,397.0,692.0,0.14215834,4,8,5,0,,,,0.39823332,0.0,0.0,0.0,112.55417
0.21,0.21,0.21,0.21,19.4,57.0,616.0,802.0,0.14888467,4,9,5,0,,,,0.29286668,0.0,0.0,0.0,298.3625
0.21,0.5,0.21,0.21,21.1,51.0,746.0,759.0,0.14788514,4,10,5,0,,,,0.30165,0.0,0.0,0.0,471.96667
0.21,0.5,0.21,0.21,20.0,61.0,838.0,689.0,0.15109713,4,11,5,0,,,,0.31005,0.0,0.0,0.0,606.8333
0.21,0.5,0.21,0.21,18.9,65.0,839.0,565.0,0.1508656,4,12,5,0,,,,0.28501666,0.0,0.0,0.0,695.44586
0.21,0.5,0.21,0.21,20.0,63.0,835.0,506.0,0.14790875,4,13,5,0,,,,0.25061667,0.0,0.0,0.0,738.0
0.21,0.5,0.21,0.21,21.1,55.0,794.0,613.0,0.1498429,4,14,5,0,,,,0.25073335,0.0,0.0,0.0,725.4375
0.21,0.21,0.21,0.21,20.0,55.0,678.0,589.0,0.14695033,4,15,5,0,,,,0.26965,0.0,0.0,0.0,671.43335
0.5,0.21,0.21,0.5,18.9,63.0,531.0,558.0,0.15122351,4,16,5,0,,,,0.8703,0.0,0.0,0.0,577.48334
0.5,0.21,0.21,0.5,18.9,63.0,296.0,280.0,0.15181515,4,17,5,0,,,,2.20255,0.0,0.0,0.0,422.1625
0.5,0.21,0.21,0.5,18.3,65.0,115.0,200.0,0.14597529,4,18,5,0,,,,0.50311667,0.0,0.0,0.0,186.86667
0.5,0.21,0.21,0.5,16.7,75.0,14.0,15.0,0.14800875,4,19,5,0,,,,0.47876668,0.0,0.0,0.0,1.8333334
0.5,0.21,0.21,0.5,16.1,78.0,0.0,0.0,0.1529162,4,20,5,0,,,,0.58355,0.0,0.0,0.0,0.0
0.21,0.21,0.21,0.21,17.2,73.0,0.0,0.0,0.14184345,4,21,5,0,,,,0.85705,0.0,0.0,0.0,0.0
0.21,0.21,0.21,0.21,16.7,75.0,0.0,0.0,0.12621923,4,22,5,0,,,,1.0184333,0.0,0.0,0.0,0.0
0.21,0.21,0.21,0.21,16.1,75.0,0.0,0.0,0.12212246,4,23,5,0,,,,2.7036667,0.0,0.0,0.0,0.0
0.21,0.21,0.21,0.21,15.6,84.0,0.0,0.0,0.11488646,4,24,5,0,,,,1.950175,0.0,0.0,0.0,0.0
0.21,0.21,0.21,0.21,15.0,81.0,0.0,0.0,0.11089522,4,1,6,0,,,,0.33873335,0.0,0.0,0.0,0.0
0.21,0.21,0.21,0.21,13.3,87.0,0.0,0.0,0.107166976,4,2,6,0,,,,0.33858332,0.0,0.0,0.0,0.0
0.21,0.21,0.21,0.21,13.9,87.0,0.0,0.0,0.1079827,4,3,6,0,,,,0.33828333,0.0,0.0,0.0,0.0
0.21,0.21,0.5,0.21,13.9,90.0,0.0,0.0,0.106965475,4,4,6,0,,,,0.33708334,0.0,0.0,0.0,0.0
0.21,0.21,0.5,0.21,13.3,90.0,0.0,0.0,0.10647739,4,5,6,0,,,,0.33593333,0.0,0.0,0.0,0.0
0.21,0.21,0.5,0.21,14.4,87.0,17.0,1.0,0.11197286,4,6,6,0,,,,0.32358333,0.0,0.0,0.0,7.8791666
0.21,0.21,0.5,0.21,15.0,87.0,99.0,49.0,0.11908218,4,7,6,0,,,,0.24905,0.0,0.0,0.0,30.908333
0.21,0.21,0.5,0.21,17.2,78.0,343.0,321.0,0.12305276,4,8,6,0,,,,0.26278332,0.0,0.0,0.0,130.07916
0.21,0.21,0.21,0.21,18.9,73.0,503.0,455.0,0.1305904,4,9,6,0,,,,4.3845167,0.0,0.0,0.0,276.72083
0.21,0.5,0.21,0.21,20.6,66.0,753.0,687.0,0.13408901,4,10,6,0,,,,1.0339833,0.0,0.0,0.0,442.7625
0.21,0.5,0.21,0.21,20.6,66.0,881.0,733.0,0.13490783,4,11,6,0,,,,1.3147,0.0,0.0,0.0,569.05835
0.21,0.5,0.21,0.21,20.6,66.0,935.0,744.0,0.13364902,4,12,6,0,,,,1.6104667,0.0,0.0,0.0,645.80414
0.21,0.5,0.21,0.21,20.6,61.0,930.0,746.0,0.13477708,4,13,6,0,,,,2.0449166,0.0,0.0,0.0,710.675
0.21,0.5,0.21,0.21,21.1,59.0,822.0,653.0,0.13535164,4,14,6,0,,,,2.1410666,0.0,0.0,0.0,716.3958
0.21,0.21,0.21,0.21,20.0,63.0,707.0,631.0,0.14151722,4,15,6,0,,,,0.49533334,0.0,0.0,0.0,678.075
0.5,0.21,0.21,0.5,19.4,70.0,532.0,560.0,0.15129064,4,16,6,0,,,,0.48858333,0.0,0.0,0.0,586.55
0.5,0.21,0.21,0.5,18.3,73.0,310.0,410.0,0.1482001,4,17,6,0,,,,0.35803333,0.0,0.0,0.0,422.775
0.5,0.21,0.21,0.5,17.8,75.0,109.0,165.0,0.1415866,4,18,6,0,,,,0.25081667,0.0,0.0,0.0,176.325
0.5,0.21,0.21,0.5,16.1,84.0,11.0,2.0,0.14203747,4,19,6,0,,,,0.22576667,0.0,0.0,0.0,0.0
0.5,0.21,0.21,0.5,16.1,87.0,0.0,0.0,0.14363423,4,20,6,0,,,,0.24395,0.0,0.0,0.0,0.0
0.21,0.21,0.21,0.21,15.6,87.0,0.0,0.0,0.13355957,4,21,6,0,,,,0.24476667,0.0,0.0,0.0,0.0
0.21,0.21,0.21,0.21,15.6,87.0,0.0,0.0,0.12047311,4,22,6,0,,,,0.3308,0.0,0.0,0.0,0.0
0.21,0.21,0.21,0.21,15.6,87.0,0.0,0.0,0.116945274,4,23,6,0,,,,1.4208833,0.0,0.0,0.0,0.0
0.21,0.21,0.21,0.21,15.6,81.0,0.0,0.0,0.108567186,4,24,6,0,,,,3.0682583,0.0,0.0,0.0,0.0
0.21,0.21,0.21,0.21,15.6,84.0,0.0,0.0,0.10717456,4,1,7,0,,,,0.35168332,0.0,0.0,0.0,0.0
0.21,0.21,0.21,0.21,15.6,84.0,0.0,0.0,0.10830652,4,2,7,0,,,,0.34006667,0.0,0.0,0.0,0.0
0.21,0.21,0.21,0.21,16.1,84.0,0.0,0.0,0.10923267,4,3,7,0,,,,0.33608332,0.0,0.0,0.0,0.0
0.21,0.21,0.5,0.21,16.1,84.0,0.0,0.0,0.10951417,4,4,7,0,,,,0.36903334,0.0,0.0,0.0,0.0
0.21,0.21,0.5,0.21,16.1,81.0,0.0,0.0,0.11035497,4,5,7,0,,,,0.37488332,0.0,0.0,0.0,0.0
0.21,0.21,0.5,0.21,16.1,81.0,17.0,0.0,0.109675884,4,6,7,0,,,,0.36896667,0.0,0.0,0.0,4.704167
0.21,0.21,0.5,0.21,16.7,81.0,80.0,15.0,0.10997421,4,7,7,0,,,,0.37518334,0.0,0.0,0.0,28.795834
0.21,0.21,0.5,0.21,17.2,78.0,136.0,7.0,0.10939415,4,8,7,0,,,,0.45635,0.0,0.0,0.0,120.34167
0.21,0.21,0.21,0.21,17.8,75.0,266.0,4.0,0.10903629,4,9,7,0,,,,0.7052,0.0,0.0,0.0,295.34583
0.21,0.5,0.21,0.21,18.3,73.0,368.0,2.0,0.110781,4,10,7,0,,,,0.83885,0.0,0.0,0.0,454.49167
0.21,0.5,0.21,0.21,20.0,68.0,806.0,571.0,0.11132886,4,11,7,0,,,,1.1022,0.0,0.0,0.0,586.49164
0.21,0.5,0.21,0.21,19.4,68.0,900.0,710.0,0.11063193,4,12,7,0,,,,2.5731666,0.0,0.0,0.0,682.4875
0.21,0.5,0.21,0.21,19.4,70.0,899.0,712.0,0.11034239,4,13,7,0,,,,1.8734167,0.0,0.0,0.0,741.82086
0.21,0.5,0.21,0.21,18.9,70.0,822.0,641.0,0.11092741,4,14,7,0,,,,1.0158167,0.0,0.0,0.0,745.14166
0.21,0.21,0.21,0.21,18.9,70.0,680.0,581.0,0.114905454,4,15,7,0,,,,0.58166665,0.0,0.0,0.0,689.2833
0.5,0.21,0.21,0.5,17.8,75.0,408.0,312.0,0.119700916,4,16,7,0,,,,3.01955,0.0,0.0,0.0,567.4875
0.5,0.21,0.21,0.5,15.6,87.0,140.0,2.0,0.12754877,4,17,7,0,,,,2.2656834,0.0,0.0,0.0,421.25
0.5,0.21,0.21,0.5,15.0,84.0,73.0,1.0,0.12816224,4,18,7,0,,,,1.88095,0.0,0.0,0.0,180.9625
0.5,0.21,0.21,0.5,14.4,87.0,8.0,0.0,0.13276328,4,19,7,0,,,,0.51136667,0.0,0.0,0.0,3.8625
0.5,0.21,0.21,0.5,14.4,87.0,0.0,0.0,0.13619755,4,20,7,0,,,,0.926,0.0,0.0,0.0,0.0
0.21,0.21,0.21,0.21,14.4,87.0,0.0,0.0,0.13332413,4,21,7,0,,,,0.9253833,0.0,0.0,0.0,0.0
0.21,0.21,0.21,0.21,15.0,84.0,0.0,0.0,0.12458343,4,22,7,0,,,,1.0502,0.0,0.0,0.0,0.0
0.21,0.21,0.21,0.21,15.0,84.0,0.0,0.0,0.116690226,4,23,7,0,,,,1.0987667,0.0,0.0,0.0,0.0
0.21,0.21,0.21,0.21,15.6,81.0,0.0,0.0,0.11384794,4,24,7,0,,,,1.357225,0.0,0.0,0.0,0.0
0.21,0.21,0.21,0.21,15.0,84.0,0.0,0.0,0.11398266,4,1,1,0,,,,0.37996668,0.0,0.0,0.0,0.0
0.21,0.21,0.21,0.21,15.0,84.0,0.0,0.0,0.115640454,4,2,1,0,,,,0.37705,0.0,0.0,0.0,0.0
0.21,0.21,0.21,0.21,15.0,84.0,0.0,0.0,0.118111074,4,3,1,0,,,,0.37294167,0.0,0.0,0.0,0.0
0.21,0.21,0.5,0.21,15.0,84.0,0.0,0.0,0.12210393,4,4,1,0,,,,0.37203333,0.0,0.0,0.0,0.0
0.21,0.21,0.5,0.21,15.0,81.0,0.0,0.0,0.1262115,4,5,1,0,,,,0.37263334,0.0,0.0,0.0,0.0
0.21,0.21,0.5,0.21,15.0,84.0,16.0,1.0,0.14648317,4,6,1,0,,,,0.58245,0.0,0.0,0.0,0.0
0.21,0.21,0.5,0.21,15.0,81.0,79.0,5.0,0.15290685,4,7,1,0,,,,0.6993333,0.0,0.0,0.0,36.666668
0.21,0.21,0.5,0.21,15.0,84.0,103.0,7.0,0.15417525,4,8,1,0,,,,0.3142,0.0,0.0,0.0,40.1
0.21,0.21,0.21,0.21,15.6,81.0,148.0,1.0,0.15837573,4,9,1,0,,,,0.28718334,0.0,0.0,0.0,141.46666
0.21,0.5,0.21,0.21,16.7,75.0,357.0,3.0,0.15688875,4,10,1,0,,,,0.28468335,0.0,0.0,0.0,253.41667
0.21,0.5,0.21,0.21,17.8,70.0,425.0,1.0,0.15717103,4,11,1,0,,,,0.2856,0.0,0.0,0.0,256.87082
0.21,0.5,0.21,0.21,17.2,73.0,485.0,1.0,0.15833256,4,12,1,0,,,,0.29028332,0.0,0.0,0.0,246.94583
0.21,0.5,0.21,0.21,17.8,73.0,479.0,1.0,0.16016473,4,13,1,0,,,,0.28971666,0.0,0.0,0.0,309.05832
0.21,0.5,0.21,0.21,18.3,73.0,801.0,585.0,0.15961526,4,14,1,0,,,,0.29318333,0.0,0.0,0.0,305.85834
0.21,0.21,0.21,0.21,17.8,73.0,703.0,710.0,0.15841648,4,15,1,0,,,,0.4859,0.0,0.0,0.0,217.88333
0.5,0.21,0.21,0.5,17.2,75.0,537.0,747.0,0.1585286,4,16,1,0,,,,0.29053333,0.0,0.0,0.0,90.25833
0.5,0.21,0.21,0.5,16.1,78.0,248.0,137.0,0.15796837,4,17,1,0,,,,0.31251666,0.0,0.0,0.0,84.708336
0.5,0.21,0.21,0.5,15.6,81.0,71.0,20.0,0.15493912,4,18,1,0,,,,0.53353333,0.0,0.0,0.0,41.9625
0.5,0.21,0.21,0.5,15.0,84.0,11.0,0.0,0.15462059,4,19,1,0,,,,0.6393167,0.0,0.0,0.0,0.0
0.5,0.21,0.21,0.5,15.0,81.0,0.0,0.0,0.1595573,4,20,1,0,,,,0.83561665,0.0,0.0,0.0,0.0
0.21,0.21,0.21,0.21,15.0,84.0,0.0,0.0,0.1542814,4,21,1,0,,,,1.0014167,0.0,0.0,0.0,0.0
0.21,0.21,0.21,0.21,15.0,81.0,0.0,0.0,0.13468401,4,22,1,0,,,,1.2279,0.0,0.0,0.0,0.0
0.21,0.21,0.21,0.21,15.6,81.0,0.0,0.0,0.11998883,4,23,1,0,,,,1.0786834,0.0,0.0,0.0,0.0
0.21,0.21,0.21,0.21,15.6,81.0,0.0,0.0,0.11102988,4,24,1,0,,,,0.54354167,0.0,0.0,0.0,0.0
0.21,0.21,0.21,0.21,15.6,81.0,0.0,0.0,0.10868116,4,1,2,0,,,,0.29535,0.0,0.0,0.0,0.0
0.21,0.21,0.21,0.21,15.6,78.0,0.0,0.0,0.106097564,4,2,2,0,,,,0.2938,0.0,0.0,0.0,0.0
0.21,0.21,0.21,0.21,15.6,81.0,0.0,0.0,0.107942544,4,3,2,0,,,,0.28906667,0.0,0.0,0.0,0.0
0.21,0.21,0.5,0.21,15.6,78.0,0.0,0.0,0.107491806,4,4,2,0,,,,0.28851667,0.0,0.0,0.0,0.0
0.21,0.21,0.5,0.21,15.6,78.0,0.0,0.0,0.12061416,4,5,2,0,,,,0.28768334,0.0,0.0,0.0,0.0
0.21,0.21,0.5,0.21,15.6,78.0,25.0,6.0,0.14143229,4,6,2,0,,,,0.40838334,0.0,0.0,0.0,9.379167
0.21,0.21,0.5,0.21,16.1,78.0,98.0,5.0,0.15097211,4,7,2,0,,,,0.63738334,0.0,0.0,0.0,72.84583
0.21,0.21,0.5,0.21,16.7,73.0,148.0,6.0,0.15919755,4,8,2,0,,,,0.6551667,0.0,0.0,0.0,136.15834
0.21,0.21,0.21,0.21,17.2,73.0,295.0,3.0,0.16130552,4,9,2,0,,,,0.29346666,0.0,0.0,0.0,276.41666
0.21,0.5,0.21,0.21,17.2,73.0,396.0,8.0,0.15876721,4,10,2,0,,,,0.2965,0.0,0.0,0.0,349.9875
0.21,0.5,0.21,0.21,18.3,68.0,616.0,354.0,0.16507037,4,11,2,0,,,,0.30976668,0.0,0.0,0.0,555.76666
0.21,0.5,0.21,0.21,18.9,68.0,923.0,841.0,0.1588041,4,12,2,0,,,,0.30356666,0.0,0.0,0.0,431.17084
0.21,0.5,0.21,0.21,19.4,63.0,966.0,877.0,0.15876566,4,13,2,0,,,,0.29748333,0.0,0.0,0.0,475.11667
0.21,0.5,0.21,0.21,18.9,63.0,891.0,862.0,0.15858142,4,14,2,0,,,,0.29773334,0.0,0.0,0.0,572.98334
0.21,0.21,0.21,0.21,18.3,68.0,805.0,754.0,0.1538397,4,15,2,0,,,,0.3226,0.0,0.0,0.0,514.2292
0.5,0.21,0.21,0.5,17.2,75.0,380.0,195.0,0.15377127,4,16,2,0,,,,0.29881668,0.0,0.0,0.0,475.14166
0.5,0.21,0.21,0.5,16.1,75.0,204.0,157.0,0.15750231,4,17,2,0,,,,0.35643333,0.0,0.0,0.0,286.54166
0.5,0.21,0.21,0.5,16.1,78.0,96.0,41.0,0.15640822,4,18,2,0,,,,0.6077333,0.0,0.0,0.0,141.67084
0.5,0.21,0.21,0.5,15.0,87.0,8.0,0.0,0.1532501,4,19,2,0,,,,0.71213335,0.0,0.0,0.0,3.3
0.5,0.21,0.21,0.5,15.0,84.0,0.0,0.0,0.15321457,4,20,2,0,,,,0.92436665,0.0,0.0,0.0,0.0
0.21,0.21,0.21,0.21,15.0,84.0,0.0,0.0,0.15174004,4,21,2,0,,,,1.0741833,0.0,0.0,0.0,0.0
0.21,0.21,0.21,0.21,15.0,84.0,0.0,0.0,0.13047741,4,22,2,0,,,,1.01195,0.0,0.0,0.0,0.0
0.21,0.21,0.21,0.21,15.6,81.0,0.0,0.0,0.121519744,4,23,2,0,,,,0.8426,0.0,0.0,0.0,0.0
0.21,0.21,0.21,0.21,15.0,78.0,0.0,0.0,0.11649942,4,24,2,0,,,,0.894525,0.0,0.0,0.0,0.0
0.21,0.21,0.21,0.21,15.0,81.0,0.0,0.0,0.11765727,4,1,3,0,,,,0.68703336,0.0,0.0,0.0,0.0
0.21,0.21,0.21,0.21,15.6,81.0,0.0,0.0,0.11595632,4,2,3,0,,,,0.48271668,0.0,0.0,0.0,0.0
0.21,0.21,0.21,0.21,15.0,81.0,0.0,0.0,0.117931195,4,3,3,0,,,,0.47901666,0.0,0.0,0.0,0.0
0.21,0.21,0.5,0.21,15.6,78.0,0.0,0.0,0.11999362,4,4,3,0,,,,0.47533333,0.0,0.0,0.0,0.0
0.21,0.21,0.5,0.21,15.0,81.0,0.0,0.0,0.13036111,4,5,3,0,,,,0.47621667,0.0,0.0,0.0,0.0
0.21,0.21,0.5,0.21,15.0,84.0,17.0,1.0,0.14169295,4,6,3,0,,,,0.72106665,0.0,0.0,0.0,12.7125
0.21,0.21,0.5,0.21,15.6,81.0,110.0,7.0,0.15229122,4,7,3,0,,,,0.80626667,0.0,0.0,0.0,70.575
0.21,0.21,0.5,0.21,15.6,78.0,178.0,5.0,0.16011462,4,8,3,0,,,,0.44345,0.0,0.0,0.0,142.97917
0.21,0.21,0.21,0.21,15.6,78.0,244.0,1.0,0.16278328,4,9,3,0,,,,0.39445,0.0,0.0,0.0,218.0125
0.21,0.5,0.21,0.21,17.2,78.0,663.0,302.0,0.16894844,4,10,3,0,,,,0.39613333,0.0,0.0,0.0,316.32916
0.21,0.5,0.21,0.21,18.9,65.0,793.0,548.0,0.16761644,4,11,3,0,,,,0.41161665,0.0,0.0,0.0,504.44583
0.21,0.5,0.21,0.21,18.9,65.0,814.0,511.0,0.16445568,4,12,3,0,,,,0.4172,0.0,0.0,0.0,632.76666
0.21,0.5,0.21,0.21,18.3,70.0,860.0,403.0,0.16118383,4,13,3,0,,,,0.54946667,0.0,0.0,0.0,712.63336
0.21,0.5,0.21,0.21,18.9,70.0,461.0,90.0,0.16393292,4,14,3,0,,,,0.62935,0.0,0.0,0.0,416.9125
0.21,0.21,0.21,0.21,18.3,68.0,727.0,572.0,0.16480213,4,15,3,0,,,,0.7719667,0.0,0.0,0.0,419.14166
0.5,0.21,0.21,0.5,18.3,68.0,508.0,481.0,0.16474813,4,16,3,0,,,,1.7205,0.0,0.0,0.0,217.13333
0.5,0.21,0.21,0.5,17.8,68.0,302.0,399.0,0.16495104,4,17,3,0,,,,0.49733335,0.0,0.0,0.0,79.7125
0.5,0.21,0.21,0.5,16.1,72.0,133.0,317.0,0.16478336,4,18,3,0,,,,0.47228333,0.0,0.0,0.0,92.15833
0.5,0.21,0.21,0.5,16.1,78.0,16.0,19.0,0.1624233,4,19,3,0,,,,0.73976666,0.0,0.0,0.0,7.8
0.5,0.21,0.21,0.5,15.6,84.0,0.0,0.0,0.16132368,4,20,3,0,,,,1.2091666,0.0,0.0,0.0,0.0
0.21,0.21,0.21,0.21,15.0,81.0,0.0,0.0,0.15574375,4,21,3,0,,,,1.2457167,0.0,0.0,0.0,0.0
0.21,0.21,0.21,0.21,15.6,81.0,0.0,0.0,0.13043065,4,22,3,0,,,,1.09605,0.0,0.0,0.0,0.0
0.21,0.21,0.21,0.21,15.0,81.0,0.0,0.0,0.11900655,4,23,3,0,,,,0.5674,0.0,0.0,0.0,0.0
0.21,0.21,0.21,0.21,15.6,72.0,0.0,0.0,0.115914434,4,24,3,0,,,,0.48238334,0.0,0.0,0.0,0.0
0.21,0.21,0.21,0.21,14.4,78.0,0.0,0.0,0.11384656,4,1,4,0,,,,0.48048332,0.0,0.0,0.0,0.0
0.21,0.21,0.21,0.21,13.9,80.0,0.0,0.0,0.11357427,4,2,4,0,,,,0.48181668,0.0,0.0,0.0,0.0
0.21,0.21,0.21,0.21,13.9,80.0,0.0,0.0,0.1132856,4,3,4,0,,,,0.47623333,0.0,0.0,0.0,0.0
0.21,0.21,0.5,0.21,12.8,83.0,0.0,0.0,0.1173157,4,4,4,0,,,,0.47411665,0.0,0.0,0.0,0.0
0.21,0.21,0.5,0.21,13.3,80.0,0.0,0.0,0.1316861,4,5,4,0,,,,0.47225,0.0,0.0,0.0,0.0
0.21,0.21,0.5,0.21,13.3,83.0,34.0,100.0,0.14790711,4,6,4,0,,,,0.46566668,0.0,0.0,0.0,8.233334
0.21,0.21,0.5,0.21,15.6,81.0,184.0,464.0,0.1525966,4,7,4,0,,,,0.70916665,0.0,0.0,0.0,45.8
0.21,0.21,0.5,0.21,17.2,70.0,388.0,590.0,0.15578972,4,8,4,0,,,,1.1573833,0.0,0.0,0.0,137.34166
0.21,0.21,0.21,0.21,18.9,61.0,605.0,703.0,0.16077323,4,9,4,0,,,,1.7253,0.0,0.0,0.0,301.16666
0.21,0.5,0.21,0.21,20.6,55.0,774.0,780.0,0.16345352,4,10,4,0,,,,0.49885,0.0,0.0,0.0,430.78333
0.21,0.5,0.21,0.21,20.0,59.0,917.0,872.0,0.16137406,4,11,4,0,,,,0.44116667,0.0,0.0,0.0,563.0
0.21,0.5,0.21,0.21,19.4,51.0,979.0,889.0,0.16372837,4,12,4,0,,,,0.30498335,0.0,0.0,0.0,608.07086
0.21,0.5,0.21,0.21,20.6,39.0,984.0,904.0,0.16154586,4,13,4,0,,,,0.2933,0.0,0.0,0.0,594.07086
0.21,0.5,0.21,0.21,20.6,38.0,902.0,881.0,0.15979162,4,14,4,0,,,,0.2937,0.0,0.0,0.0,562.4167
0.21,0.21,0.21,0.21,20.0,42.0,728.0,805.0,0.1614967,4,15,4,0,,,,0.29276666,0.0,0.0,0.0,331.4
0.5,0.21,0.21,0.5,20.0,41.0,554.0,734.0,0.16492884,4,16,4,0,,,,0.28998333,0.0,0.0,0.0,542.37085
0.5,0.21,0.21,0.5,20.0,44.0,335.0,530.0,0.16198106,4,17,4,0,,,,0.36551666,0.0,0.0,0.0,371.68332
0.5,0.21,0.21,0.5,18.3,56.0,125.0,322.0,0.15854421,4,18,4,0,,,,0.63633335,0.0,0.0,0.0,88.2
0.5,0.21,0.21,0.5,16.7,67.0,20.0,37.0,0.15713026,4,19,4,0,,,,0.5194333,0.0,0.0,0.0,0.9791667
0.5,0.21,0.21,0.5,16.7,63.0,0.0,0.0,0.15525039,4,20,4,0,,,,0.42753333,0.0,0.0,0.0,0.0
0.21,0.21,0.21,0.21,16.7,73.0,0.0,0.0,0.15287583,4,21,4,0,,,,0.52428335,0.0,0.0,0.0,0.0
0.21,0.21,0.21,0.21,16.7,75.0,0.0,0.0,0.13742866,4,22,4,0,,,,0.7438,0.0,0.0,0.0,0.0
0.21,0.21,0.21,0.21,16.7,73.0,0.0,0.0,0.13166691,4,23,4,0,,,,0.69988334,0.0,0.0,0.0,0.0
0.21,0.21,0.21,0.21,17.8,68.0,0.0,0.0,0.12836249,4,24,4,0,,,,0.37118334,0.0,0.0,0.0,0.0
0.21,0.21,0.21,0.21,15.0,72.0,0.0,0.0,0.12394334,4,1,5,0,,,,0.37121665,0.0,0.0,0.0,0.0
0.21,0.21,0.21,0.21,13.9,75.0,0.0,0.0,0.12206294,4,2,5,0,,,,0.37138334,0.0,0.0,0.0,0.0
0.21,0.21,0.21,0.21,13.9,80.0,0.0,0.0,0.120915085,4,3,5,0,,,,0.36681667,0.0,0.0,0.0,0.0
0.21,0.21,0.5,0.21,13.3,87.0,0.0,0.0,0.12424719,4,4,5,0,,,,0.36543334,0.0,0.0,0.0,0.0
0.21,0.21,0.5,0.21,13.9,90.0,0.0,0.0,0.12553443,4,5,5,0,,,,0.36716667,0.0,0.0,0.0,0.0
0.21,0.21,0.5,0.21,15.6,84.0,39.0,138.0,0.13640821,4,6,5,0,,,,0.4359,0.0,0.0,0.0,8.029166
0.21,0.21,0.5,0.21,17.8,75.0,203.0,540.0,0.14605433,4,7,5,0,,,,0.55325,0.0,0.0,0.0,51.416668
0.21,0.21,0.5,0.21,20.6,66.0,426.0,726.0,0.15909843,4,8,5,0,,,,0.55308336,0.0,0.0,0.0,132.49167
0.21,0.21,0.21,0.21,22.2,59.0,637.0,819.0,0.16544062,4,9,5,0,,,,0.2822,0.0,0.0,0.0,311.27084
0.21,0.5,0.21,0.21,22.8,53.0,809.0,869.0,0.16950963,4,10,5,0,,,,0.2886,0.0,0.0,0.0,481.78333
0.21,0.5,0.21,0.21,22.8,57.0,928.0,896.0,0.17191121,4,11,5,0,,,,0.29346666,0.0,0.0,0.0,614.6625
0.21,0.5,0.21,0.21,24.4,52.0,985.0,907.0,0.17268656,4,12,5,0,,,,0.29171667,0.0,0.0,0.0,705.9
0.21,0.5,0.21,0.21,25.6,40.0,979.0,910.0,0.17519507,4,13,5,0,,,,0.28905,0.0,0.0,0.0,735.725
0.21,0.5,0.21,0.21,25.6,42.0,903.0,894.0,0.17463286,4,14,5,0,,,,0.28878334,0.0,0.0,0.0,728.7208
0.21,0.21,0.21,0.21,23.3,52.0,764.0,858.0,0.17798024,4,15,5,0,,,,0.28893888,0.0,0.0,0.0,666.4056
0.5,0.21,0.21,0.5,22.8,53.0,579.0,799.0,0.1737427,4,16,5,0,,,,0.28596666,0.0,0.0,0.0,572.9875
0.5,0.21,0.21,0.5,21.7,53.0,361.0,689.0,0.16933976,4,17,5,0,,,,0.6798667,0.0,0.0,0.0,411.0125
0.5,0.21,0.21,0.5,21.7,49.0,143.0,456.0,0.16867836,4,18,5,0,,,,0.8655,0.0,0.0,0.0,213.475
0.5,0.21,0.21,0.5,20.6,53.0,22.0,53.0,0.16857679,4,19,5,0,,,,0.8209,0.0,0.0,0.0,3.4458334
0.5,0.21,0.21,0.5,21.7,49.0,0.0,0.0,0.16540335,4,20,5,0,,,,0.9048333,0.0,0.0,0.0,0.0
0.21,0.21,0.21,0.21,21.1,51.0,0.0,0.0,0.16025265,4,21,5,0,,,,0.9608667,0.0,0.0,0.0,0.0
0.21,0.21,0.21,0.21,20.6,49.0,0.0,0.0,0.14842296,4,22,5,0,,,,0.95475,0.0,0.0,0.0,0.0
0.21,0.21,0.21,0.21,18.9,63.0,0.0,0.0,0.13987441,4,23,5,0,,,,1.0695333,0.0,0.0,0.0,0.0
0.21,0.21,0.21,0.21,17.2,78.0,0.0,0.0,0.12780483,4,24,5,0,,,,0.90585,0.0,0.0,0.0,0.0
0.21,0.21,0.21,0.21,17.2,75.0,0.0,0.0,0.12572636,4,1,6,0,,,,0.61481667,0.0,0.0,0.0,0.0
0.21,0.21,0.21,0.21,17.8,78.0,0.0,0.0,0.12302373,4,2,6,0,,,,0.45161667,0.0,0.0,0.0,0.0
0.21,0.21,0.21,0.21,16.7,84.0,0.0,0.0,0.12490475,4,3,6,0,,,,0.44488335,0.0,0.0,0.0,0.0
0.21,0.21,0.5,0.21,16.7,78.0,0.0,0.0,0.122734554,4,4,6,0,,,,0.44498333,0.0,0.0,0.0,0.0
0.21,0.21,0.5,0.21,16.7,78.0,0.0,0.0,0.12667905,4,5,6,0,,,,0.4446,0.0,0.0,0.0,0.0
0.21,0.21,0.5,0.21,17.2,81.0,33.0,71.0,0.12775491,4,6,6,0,,,,0.37208334,0.0,0.0,0.0,5.3125
0.21,0.21,0.5,0.21,18.9,76.0,191.0,358.0,0.12756854,4,7,6,0,,,,0.35933334,0.0,0.0,0.0,26.6
0.21,0.21,0.5,0.21,20.6,66.0,418.0,671.0,0.14177607,4,8,6,0,,,,0.39971668,0.0,0.0,0.0,135.4125
0.21,0.21,0.21,0.21,23.9,50.0,610.0,742.0,0.1498331,4,9,6,0,,,,1.0434333,0.0,0.0,0.0,326.40417
0.21,0.5,0.21,0.21,26.7,36.0,794.0,816.0,0.1531569,4,10,6,0,,,,0.5214,0.0,0.0,0.0,498.5125
0.21,0.5,0.21,0.21,29.4,31.0,929.0,864.0,0.15589528,4,11,6,0,,,,0.3715,0.0,0.0,0.0,631.55414
0.21,0.5,0.21,0.21,32.2,23.0,989.0,881.0,0.15957552,4,12,6,0,,,,0.3801,0.0,0.0,0.0,722.88336
0.21,0.5,0.21,0.21,29.4,36.0,967.0,865.0,0.15874608,4,13,6,0,,,,0.55453336,0.0,0.0,0.0,771.00415
0.21,0.5,0.21,0.21,25.0,52.0,892.0,850.0,0.16274819,4,14,6,0,,,,0.732,0.0,0.0,0.0,775.61664
0.21,0.21,0.21,0.21,22.2,64.0,755.0,813.0,0.17037565,4,15,6,0,,,,0.69836664,0.0,0.0,0.0,727.075
0.5,0.21,0.21,0.5,21.7,64.0,570.0,748.0,0.17249739,4,16,6,0,,,,0.64318335,0.0,0.0,0.0,631.025
0.5,0.21,0.21,0.5,21.1,66.0,351.0,626.0,0.16862619,4,17,6,0,,,,1.0529333,0.0,0.0,0.0,484.4875
0.5,0.21,0.21,0.5,21.1,66.0,136.0,381.0,0.17204486,4,18,6,0,,,,0.77388334,0.0,0.0,0.0,264.12082
0.5,0.21,0.21,0.5,19.4,73.0,20.0,30.0,0.16831084,4,19,6,0,,,,0.3874,0.0,0.0,0.0,1.1625
0.5,0.21,0.21,0.5,18.3,78.0,0.0,0.0,0.16380182,4,20,6,0,,,,0.46435,0.0,0.0,0.0,0.0
0.21,0.21,0.21,0.21,17.8,78.0,0.0,0.0,0.16969424,4,21,6,0,,,,0.85106665,0.0,0.0,0.0,0.0
0.21,0.21,0.21,0.21,18.3,75.0,0.0,0.0,0.16372457,4,22,6,0,,,,0.86016667,0.0,0.0,0.0,0.0
0.21,0.21,0.21,0.21,17.2,78.0,0.0,0.0,0.15778162,4,23,6,0,,,,0.39705,0.0,0.0,0.0,0.0
0.21,0.21,0.21,0.21,14.2,87.0,0.0,0.0,0.14441758,4,24,6,0,,,,0.42725,0.0,0.0,0.0,0.0
0.21,0.21,0.21,0.21,16.7,81.0,0.0,0.0,0.13681883,4,1,7,0,,,,0.44253334,0.0,0.0,0.0,0.0
0.21,0.21,0.21,0.21,17.2,78.0,0.0,0.0,0.1287432,4,2,7,0,,,,0.44586667,0.0,0.0,0.0,0.0
0.21,0.21,0.21,0.21,17.2,78.0,0.0,0.0,0.12428718,4,3,7,0,,,,0.43823335,0.0,0.0,0.0,0.0
0.21,0.21,0.5,0.21,17.8,75.0,0.0,0.0,0.124835916,4,4,7,0,,,,0.43933332,0.0,0.0,0.0,0.0
0.21,0.21,0.5,0.21,17.8,75.0,0.0,0.0,0.12902743,4,5,7,0,,,,0.44236666,0.0,0.0,0.0,0.0
0.21,0.21,0.5,0.21,17.8,75.0,32.0,1.0,0.12739012,4,6,7,0,,,,0.43731666,0.0,0.0,0.0,5.633333
0.21,0.21,0.5,0.21,18.3,73.0,121.0,12.0,0.12645315,4,7,7,0,,,,0.44436666,0.0,0.0,0.0,27.254168
0.21,0.21,0.5,0.21,19.4,68.0,142.0,1.0,0.1226813,4,8,7,0,,,,0.45278335,0.0,0.0,0.0,135.44583
0.21,0.21,0.21,0.21,20.0,66.0,318.0,3.0,0.12486157,4,9,7,0,,,,0.39158332,0.0,0.0,0.0,317.14584
0.21,0.5,0.21,0.21,21.1,66.0,508.0,189.0,0.12832715,4,10,7,0,,,,0.9967167,0.0,0.0,0.0,479.59167
0.21,0.5,0.21,0.21,22.8,59.0,921.0,866.0,0.13407207,4,11,7,0,,,,0.8858167,0.0,0.0,0.0,602.8333
0.21,0.5,0.21,0.21,22.2,62.0,981.0,883.0,0.14006196,4,12,7,0,,,,0.6360667,0.0,0.0,0.0,693.1125
0.21,0.5,0.21,0.21,21.7,61.0,970.0,880.0,0.14506933,4,13,7,0,,,,0.7224,0.0,0.0,0.0,741.7792
0.21,0.5,0.21,0.21,21.7,61.0,892.0,861.0,0.14816783,4,14,7,0,,,,0.5772667,0.0,0.0,0.0,745.75415
0.21,0.21,0.21,0.21,20.6,68.0,712.0,710.0,0.14856757,4,15,7,0,,,,0.5707167,0.0,0.0,0.0,706.5
0.5,0.21,0.21,0.5,19.4,68.0,570.0,759.0,0.15325244,4,16,7,0,,,,0.6804,0.0,0.0,0.0,617.4875
0.5,0.21,0.21,0.5,18.9,70.0,375.0,650.0,0.15111518,4,17,7,0,,,,0.5564167,0.0,0.0,0.0,468.92917
0.5,0.21,0.21,0.5,17.8,75.0,135.0,343.0,0.15291692,4,18,7,0,,,,0.72501665,0.0,0.0,0.0,246.00417
0.5,0.21,0.21,0.5,16.7,81.0,17.0,31.0,0.15657783,4,19,7,0,,,,0.7518333,0.0,0.0,0.0,2.8791666
0.5,0.21,0.21,0.5,16.1,84.0,0.0,0.0,0.1584682,4,20,7,0,,,,0.9841667,0.0,0.0,0.0,0.0
0.21,0.21,0.21,0.21,16.1,84.0,0.0,0.0,0.15394476,4,21,7,0,,,,0.85675,0.0,0.0,0.0,0.0
0.21,0.21,0.21,0.21,15.5,84.0,0.0,0.0,0.13996756,4,22,7,0,,,,0.84403336,0.0,0.0,0.0,0.0
0.21,0.21,0.21,0.21,14.8,81.0,0.0,0.0,0.13475145,4,23,7,0,,,,0.73495,0.0,0.0,0.0,0.0
0.21,0.21,0.21,0.21,12.8,80.0,0.0,0.0,0.12564927,4,24,7,0,,,,0.8088833,0.0,0.0,0.0,0.0
0.21,0.21,0.21,0.21,13.6,75.0,0.0,0.0,0.12863049,5,1,1,0,,,,0.5968,0.0,0.0,0.0,0.0
0.21,0.21,0.21,0.21,13.0,77.0,0.0,0.0,0.12647057,5,2,1,0,,,,0.45358333,0.0,0.0,0.0,0.0
0.21,0.21,0.21,0.21,12.3,83.0,0.0,0.0,0.12695183,5,3,1,0,,,,0.44476667,0.0,0.0,0.0,0.0
0.21,0.21,0.5,0.21,11.7,83.0,0.0,0.0,0.13235949,5,4,1,0,,,,0.44415,0.0,0.0,0.0,0.0
0.21,0.21,0.5,0.21,10.6,86.0,0.0,0.0,0.14592949,5,5,1,0,,,,0.44606668,0.0,0.0,0.0,0.0
0.21,0.21,0.5,0.21,11.7,83.0,28.0,125.0,0.16608326,5,6,1,0,,,,0.58725,0.0,0.0,0.0,6.641667
0.21,0.21,0.5,0.21,13.9,72.0,207.0,440.0,0.17733869,5,7,1,0,,,,0.77271664,0.0,0.0,0.0,28.5375
0.21,0.21,0.5,0.21,15.6,67.0,426.0,530.0,0.17619713,5,8,1,0,,,,0.49028334,0.0,0.0,0.0,135.89583
0.21,0.21,0.21,0.21,17.8,63.0,173.0,12.0,0.17298894,5,9,1,0,,,,0.3599,0.0,0.0,0.0,313.87918
0.21,0.5,0.21,0.21,17.8,58.0,222.0,0.0,0.17923231,5,10,1,0,,,,0.36821666,0.0,0.0,0.0,473.12918
0.21,0.5,0.21,0.21,18.3,56.0,248.0,6.0,0.18115291,5,11,1,0,,,,0.3659,0.0,0.0,0.0,594.76666
0.21,0.5,0.21,0.21,17.8,60.0,263.0,6.0,0.180687,5,12,1,0,,,,0.35741666,0.0,0.0,0.0,682.50415
0.21,0.5,0.21,0.21,17.2,67.0,260.0,6.0,0.18145084,5,13,1,0,,,,0.32316667,0.0,0.0,0.0,735.8958
0.21,0.5,0.21,0.21,17.2,67.0,245.0,0.0,0.1813761,5,14,1,0,,,,0.32381666,0.0,0.0,0.0,738.4792
0.21,0.21,0.21,0.21,16.7,67.0,210.0,0.0,0.18234406,5,15,1,0,,,,0.32028332,0.0,0.0,0.0,693.00836
0.5,0.21,0.21,0.5,16.1,67.0,162.0,0.0,0.18290691,5,16,1,0,,,,0.31736666,0.0,0.0,0.0,603.9125
0.5,0.21,0.21,0.5,14.0,77.0,113.0,0.0,0.18421409,5,17,1,0,,,,0.36633334,0.0,0.0,0.0,457.4875
0.5,0.21,0.21,0.5,14.4,75.0,50.0,0.0,0.1817778,5,18,1,0,,,,0.48711666,0.0,0.0,0.0,233.67917
0.5,0.21,0.21,0.5,13.3,77.0,1.0,0.0,0.1777969,5,19,1,0,,,,0.51335,0.0,0.0,0.0,1.5875
0.5,0.21,0.21,0.5,13.3,77.0,0.0,0.0,0.18583338,5,20,1,0,,,,3.4106667,0.0,0.0,0.0,0.0
0.21,0.21,0.21,0.21,13.0,77.0,0.0,0.0,0.18100172,5,21,1,0,,,,3.5383,0.0,0.0,0.0,0.0
0.21,0.21,0.21,0.21,13.3,80.0,0.0,0.0,0.18372723,5,22,1,0,,,,1.2771833,0.0,0.0,0.0,0.0
0.21,0.21,0.21,0.21,13.0,82.0,0.0,0.0,0.1719575,5,23,1,0,,,,0.8254,0.0,0.0,0.0,0.0
0.21,0.21,0.21,0.21,13.9,80.0,0.0,0.0,0.15277782,5,24,1,0,,,,0.41585833,0.0,0.0,0.0,0.0
0.21,0.21,0.21,0.21,12.8,80.0,0.0,0.0,0.14906593,5,1,2,0,,,,0.41208333,0.0,0.0,0.0,0.0
0.21,0.21,0.21,0.21,12.2,83.0,0.0,0.0,0.14762074,5,2,2,0,,,,0.43623334,0.0,0.0,0.0,0.0
0.21,0.21,0.21,0.21,12.2,83.0,0.0,0.0,0.14911431,5,3,2,0,,,,0.43755,0.0,0.0,0.0,0.0
0.21,0.21,0.5,0.21,13.3,80.0,0.0,0.0,0.14729148,5,4,2,0,,,,0.43806666,0.0,0.0,0.0,0.0
0.21,0.21,0.5,0.21,13.3,80.0,0.0,0.0,0.14879768,5,5,2,0,,,,0.43833333,0.0,0.0,0.0,0.0
0.21,0.21,0.5,0.21,13.9,74.0,9.0,0.0,0.15281752,5,6,2,0,,,,0.68291664,0.0,0.0,0.0,6.7875
0.21,0.21,0.5,0.21,13.9,74.0,63.0,0.0,0.16497423,5,7,2,0,,,,0.4859,0.0,0.0,0.0,29.808332
0.21,0.21,0.5,0.21,14.4,72.0,86.0,0.0,0.16495827,5,8,2,0,,,,0.6637167,0.0,0.0,0.0,135.31667
0.21,0.21,0.21,0.21,15.0,69.0,163.0,0.0,0.17079397,5,9,2,0,,,,0.53216666,0.0,0.0,0.0,308.84583
0.21,0.5,0.21,0.21,15.0,72.0,227.0,0.0,0.17525293,5,10,2,0,,,,0.37423334,0.0,0.0,0.0,469.38333
0.21,0.5,0.21,0.21,15.6,67.0,398.0,42.0,0.17573811,5,11,2,0,,,,0.354,0.0,0.0,0.0,564.8125
0.21,0.5,0.21,0.21,16.7,65.0,586.0,138.0,0.17937261,5,12,2,0,,,,0.34578332,0.0,0.0,0.0,677.25
0.21,0.5,0.21,0.21,17.2,63.0,464.0,42.0,0.18044904,5,13,2,0,,,,0.32208332,0.0,0.0,0.0,728.4042
0.21,0.5,0.21,0.21,16.7,65.0,464.0,49.0,0.17411132,5,14,2,0,,,,0.32233334,0.0,0.0,0.0,734.37915
0.21,0.21,0.21,0.21,16.0,72.0,407.0,37.0,0.17676176,5,15,2,0,,,,0.32131666,0.0,0.0,0.0,688.9375
0.5,0.21,0.21,0.5,16.1,72.0,272.0,13.0,0.17376839,5,16,2,0,,,,0.31953335,0.0,0.0,0.0,598.3458
0.5,0.21,0.21,0.5,14.4,75.0,191.0,7.0,0.17455931,5,17,2,0,,,,0.3154,0.0,0.0,0.0,451.27917
0.5,0.21,0.21,0.5,13.9,74.0,97.0,0.0,0.1720797,5,18,2,0,,,,0.5056,0.0,0.0,0.0,225.69583
0.5,0.21,0.21,0.5,13.3,77.0,2.0,0.0,0.17460817,5,19,2,0,,,,0.49808332,0.0,0.0,0.0,3.0708334
0.5,0.21,0.21,0.5,13.9,77.0,0.0,0.0,0.17688087,5,20,2,0,,,,0.8276833,0.0,0.0,0.0,0.0
0.21,0.21,0.21,0.21,13.9,77.0,0.0,0.0,0.1687257,5,21,2,0,,,,0.84281665,0.0,0.0,0.0,0.0
0.21,0.21,0.21,0.21,13.3,84.0,0.0,0.0,0.15512586,5,22,2,0,,,,1.1629167,0.0,0.0,0.0,0.0
0.21,0.21,0.21,0.21,13.9,80.0,0.0,0.0,0.14559452,5,23,2,0,,,,0.98365,0.0,0.0,0.0,0.0
0.21,0.21,0.21,0.21,12.8,83.0,0.0,0.0,0.14866607,5,24,2,0,,,,2.9688416,0.0,0.0,0.0,0.0
0.21,0.21,0.21,0.21,13.9,77.0,0.0,0.0,0.15442538,5,1,3,0,,,,1.6676834,0.0,0.0,0.0,0.0
0.21,0.21,0.21,0.21,14.4,75.0,0.0,0.0,0.14755772,5,2,3,0,,,,0.40873334,0.0,0.0,0.0,0.0
0.21,0.21,0.21,0.21,13.9,77.0,0.0,0.0,0.1489241,5,3,3,0,,,,0.41818333,0.0,0.0,0.0,0.0
0.21,0.21,0.5,0.21,14.4,75.0,0.0,0.0,0.15017682,5,4,3,0,,,,0.44196665,0.0,0.0,0.0,0.0
0.21,0.21,0.5,0.21,13.9,77.0,0.0,0.0,0.15472932,5,5,3,0,,,,0.44075,0.0,0.0,0.0,0.0
0.21,0.21,0.5,0.21,14.4,75.0,18.0,0.0,0.15480219,5,6,3,0,,,,0.55438334,0.0,0.0,0.0,12.066667
0.21,0.21,0.5,0.21,15.0,75.0,161.0,160.0,0.15398914,5,7,3,0,,,,0.86121666,0.0,0.0,0.0,46.945835
0.21,0.21,0.5,0.21,16.1,70.0,221.0,34.0,0.16075222,5,8,3,0,,,,0.6518667,0.0,0.0,0.0,142.19583
0.21,0.21,0.21,0.21,15.6,72.0,404.0,135.0,0.16082263,5,9,3,0,,,,0.43116668,0.0,0.0,0.0,310.09583
0.21,0.5,0.21,0.21,17.2,63.0,449.0,89.0,0.1658246,5,10,3,0,,,,1.3275334,0.0,0.0,0.0,459.93332
0.21,0.5,0.21,0.21,16.7,67.0,745.0,418.0,0.16847783,5,11,3,0,,,,0.32673332,0.0,0.0,0.0,583.7792
0.21,0.5,0.21,0.21,17.2,63.0,861.0,528.0,0.16507056,5,12,3,0,,,,1.92745,0.0,0.0,0.0,669.8125
0.21,0.5,0.21,0.21,18.3,61.0,867.0,567.0,0.16481128,5,13,3,0,,,,0.3178,0.0,0.0,0.0,713.51666
0.21,0.5,0.21,0.21,17.8,63.0,830.0,595.0,0.16550191,5,14,3,0,,,,2.8453,0.0,0.0,0.0,721.32086
0.21,0.21,0.21,0.21,17.8,63.0,711.0,607.0,0.16540843,5,15,3,0,,,,1.1938833,0.0,0.0,0.0,677.5833
0.5,0.21,0.21,0.5,17.2,65.0,543.0,495.0,0.16867656,5,16,3,0,,,,2.2132332,0.0,0.0,0.0,582.24585
0.5,0.21,0.21,0.5,16.7,67.0,346.0,411.0,0.1733785,5,17,3,0,,,,2.8948333,0.0,0.0,0.0,440.80417
0.5,0.21,0.21,0.5,15.6,69.0,175.0,163.0,0.17260052,5,18,3,0,,,,0.7637,0.0,0.0,0.0,227.575
0.5,0.21,0.21,0.5,14.4,75.0,4.0,39.0,0.17509146,5,19,3,0,,,,1.5943667,0.0,0.0,0.0,3.0166667
0.5,0.21,0.21,0.5,14.4,78.0,0.0,0.0,0.17295684,5,20,3,0,,,,2.0277333,0.0,0.0,0.0,0.0
0.21,0.21,0.21,0.21,13.9,77.0,0.0,0.0,0.16569172,5,21,3,0,,,,3.7102,0.0,0.0,0.0,0.0
0.21,0.21,0.21,0.21,13.9,77.0,0.0,0.0,0.15709093,5,22,3,0,,,,1.1758167,0.0,0.0,0.0,0.0
0.21,0.21,0.21,0.21,13.3,77.0,0.0,0.0,0.15509245,5,23,3,0,,,,0.65061665,0.0,0.0,0.0,0.0
0.21,0.21,0.21,0.21,13.3,80.0,0.0,0.0,0.14842547,5,24,3,0,,,,0.41635,0.0,0.0,0.0,0.0
0.21,0.21,0.21,0.21,12.8,83.0,0.0,0.0,0.1496115,5,1,4,0,,,,0.4009,0.0,0.0,0.0,0.0
0.21,0.21,0.21,0.21,12.2,83.0,0.0,0.0,0.14932708,5,2,4,0,,,,0.40425,0.0,0.0,0.0,0.0
0.21,0.21,0.21,0.21,12.8,80.0,0.0,0.0,0.15025781,5,3,4,0,,,,0.40166667,0.0,0.0,0.0,0.0
0.21,0.21,0.5,0.21,12.8,80.0,0.0,0.0,0.15122306,5,4,4,0,,,,0.41526666,0.0,0.0,0.0,0.0
0.21,0.21,0.5,0.21,12.8,80.0,0.0,0.0,0.15581506,5,5,4,0,,,,0.44356668,0.0,0.0,0.0,0.0
0.21,0.21,0.5,0.21,13.3,80.0,30.0,58.0,0.17292613,5,6,4,0,,,,0.78288335,0.0,0.0,0.0,7.2291665
0.21,0.21,0.5,0.21,14.4,78.0,190.0,282.0,0.16980484,5,7,4,0,,,,2.1158333,0.0,0.0,0.0,30.775
0.21,0.21,0.5,0.21,16.1,67.0,236.0,46.0,0.16840398,5,8,4,0,,,,1.4900666,0.0,0.0,0.0,135.85834
0.21,0.21,0.21,0.21,16.7,65.0,263.0,29.0,0.16810761,5,9,4,0,,,,0.31136668,0.0,0.0,0.0,306.15
0.21,0.5,0.21,0.21,17.2,65.0,771.0,569.0,0.16689569,5,10,4,0,,,,0.31883332,0.0,0.0,0.0,454.20834
0.21,0.5,0.21,0.21,18.9,61.0,849.0,561.0,0.17024413,5,11,4,0,,,,0.32825,0.0,0.0,0.0,572.87085
0.21,0.5,0.21,0.21,18.3,61.0,945.0,702.0,0.16966471,5,12,4,0,,,,0.33605,0.0,0.0,0.0,659.3125
0.21,0.5,0.21,0.21,18.3,63.0,953.0,766.0,0.16687742,5,13,4,0,,,,0.31325,0.0,0.0,0.0,708.69165
0.21,0.5,0.21,0.21,17.2,63.0,875.0,740.0,0.16462384,5,14,4,0,,,,0.31955,0.0,0.0,0.0,720.8417
0.21,0.21,0.21,0.21,16.7,65.0,751.0,724.0,0.1629522,5,15,4,0,,,,0.31295,0.0,0.0,0.0,674.74585
0.5,0.21,0.21,0.5,17.2,60.0,579.0,608.0,0.16364601,5,16,4,0,,,,0.31195,0.0,0.0,0.0,583.1625
0.5,0.21,0.21,0.5,16.7,60.0,362.0,477.0,0.16337916,5,17,4,0,,,,0.7891,0.0,0.0,0.0,440.3625
0.5,0.21,0.21,0.5,15.6,67.0,172.0,170.0,0.16704911,5,18,4,0,,,,3.25015,0.0,0.0,0.0,226.61667
0.5,0.21,0.21,0.5,13.9,77.0,5.0,43.0,0.17226689,5,19,4,0,,,,0.70211667,0.0,0.0,0.0,4.525
0.5,0.21,0.21,0.5,13.9,77.0,0.0,0.0,0.17257108,5,20,4,0,,,,1.901,0.0,0.0,0.0,0.0
0.21,0.21,0.21,0.21,13.9,77.0,0.0,0.0,0.15645374,5,21,4,0,,,,0.96673334,0.0,0.0,0.0,0.0
0.21,0.21,0.21,0.21,14.4,75.0,0.0,0.0,0.14208077,5,22,4,0,,,,0.97636664,0.0,0.0,0.0,0.0
0.21,0.21,0.21,0.21,13.9,77.0,0.0,0.0,0.13942748,5,23,4,0,,,,2.52395,0.0,0.0,0.0,0.0
0.21,0.21,0.21,0.21,15.6,80.0,0.0,0.0,0.13535991,5,24,4,0,,,,1.589775,0.0,0.0,0.0,0.0
0.21,0.21,0.21,0.21,12.2,80.0,0.0,0.0,0.14366968,5,1,5,0,,,,0.32418334,0.0,0.0,0.0,0.0
0.21,0.21,0.21,0.21,13.3,77.0,0.0,0.0,0.14586508,5,2,5,0,,,,0.35988334,0.0,0.0,0.0,0.0
0.21,0.21,0.21,0.21,13.3,80.0,0.0,0.0,0.14095813,5,3,5,0,,,,0.35501668,0.0,0.0,0.0,0.0
0.21,0.21,0.5,0.21,11.7,83.0,0.0,0.0,0.14078712,5,4,5,0,,,,0.35215,0.0,0.0,0.0,0.0
0.21,0.21,0.5,0.21,11.1,86.0,0.0,0.0,0.14614473,5,5,5,0,,,,0.35301667,0.0,0.0,0.0,0.0
0.21,0.21,0.5,0.21,12.8,83.0,36.0,160.0,0.1576768,5,6,5,0,,,,0.35366666,0.0,0.0,0.0,10.595834
0.21,0.21,0.5,0.21,14.4,81.0,211.0,406.0,0.16416416,5,7,5,0,,,,0.7647833,0.0,0.0,0.0,45.358334
0.21,0.21,0.5,0.21,16.1,70.0,434.0,600.0,0.16947557,5,8,5,0,,,,0.54656667,0.0,0.0,0.0,151.75833
0.21,0.21,0.21,0.21,18.3,61.0,637.0,726.0,0.17714398,5,9,5,0,,,,0.35975,0.0,0.0,0.0,316.1375
0.21,0.5,0.21,0.21,19.4,61.0,805.0,776.0,0.17703068,5,10,5,0,,,,0.37021667,0.0,0.0,0.0,486.87082
0.21,0.5,0.21,0.21,20.0,59.0,924.0,799.0,0.17936891,5,11,5,0,,,,0.37761667,0.0,0.0,0.0,579.1375
0.21,0.5,0.21,0.21,18.9,63.0,993.0,846.0,0.17681819,5,12,5,0,,,,2.3064833,0.0,0.0,0.0,645.425
0.21,0.5,0.21,0.21,18.9,63.0,972.0,814.0,0.17101365,5,13,5,0,,,,0.3248,0.0,0.0,0.0,670.92084
0.21,0.5,0.21,0.21,19.4,61.0,882.0,704.0,0.17278507,5,14,5,0,,,,1.87085,0.0,0.0,0.0,689.23334
0.21,0.21,0.21,0.21,20.0,59.0,690.0,546.0,0.17167039,5,15,5,0,,,,0.7995833,0.0,0.0,0.0,449.69583
0.5,0.21,0.21,0.5,18.9,63.0,586.0,626.0,0.17883845,5,16,5,0,,,,1.8476833,0.0,0.0,0.0,577.5292
0.5,0.21,0.21,0.5,17.8,70.0,370.0,503.0,0.1769847,5,17,5,0,,,,0.52456665,0.0,0.0,0.0,301.3875
0.5,0.21,0.21,0.5,16.7,75.0,185.0,186.0,0.1728638,5,18,5,0,,,,2.2944167,0.0,0.0,0.0,199.9875
0.5,0.21,0.21,0.5,16.1,81.0,6.0,49.0,0.16642484,5,19,5,0,,,,2.15725,0.0,0.0,0.0,11.604167
0.5,0.21,0.21,0.5,15.6,83.0,0.0,0.0,0.16452537,5,20,5,0,,,,1.53155,0.0,0.0,0.0,0.0
0.21,0.21,0.21,0.21,15.0,83.0,0.0,0.0,0.1489078,5,21,5,0,,,,1.56995,0.0,0.0,0.0,0.0
0.21,0.21,0.21,0.21,15.6,80.0,0.0,0.0,0.13447315,5,22,5,0,,,,0.9113,0.0,0.0,0.0,0.0
0.21,0.21,0.21,0.21,15.0,83.0,0.0,0.0,0.12650993,5,23,5,0,,,,0.9005833,0.0,0.0,0.0,0.0
0.21,0.21,0.21,0.21,15.0,87.0,0.0,0.0,0.11902719,5,24,5,0,,,,0.45231667,0.0,0.0,0.0,0.0
0.21,0.21,0.21,0.21,15.6,78.0,0.0,0.0,0.10955723,5,1,6,0,,,,0.45538333,0.0,0.0,0.0,0.0
0.21,0.21,0.21,0.21,15.0,81.0,0.0,0.0,0.10426282,5,2,6,0,,,,0.37621668,0.0,0.0,0.0,0.0
0.21,0.21,0.21,0.21,15.0,77.0,0.0,0.0,0.12000322,5,3,6,0,,,,0.35738334,0.0,0.0,0.0,0.0
0.21,0.21,0.5,0.21,13.9,83.0,0.0,0.0,0.119995184,5,4,6,0,,,,0.3601125,0.0,0.0,0.0,0.0
0.21,0.21,0.5,0.21,14.4,81.0,0.0,0.0,0.12056926,5,5,6,0,,,,0.35796666,0.0,0.0,0.0,0.0
0.21,0.21,0.5,0.21,15.0,77.0,39.0,184.0,0.1286882,5,6,6,0,,,,0.35688335,0.0,0.0,0.0,0.0
0.21,0.21,0.5,0.21,17.2,65.0,224.0,481.0,0.12025282,5,7,6,0,,,,0.35345,0.0,0.0,0.0,23.454166
0.21,0.21,0.5,0.21,18.9,63.0,439.0,652.0,0.12647095,5,8,6,0,,,,0.36956668,0.0,0.0,0.0,78.49167
0.21,0.21,0.21,0.21,20.0,57.0,642.0,744.0,0.15497644,5,9,6,0,,,,0.8806,0.0,0.0,0.0,92.74167
0.21,0.5,0.21,0.21,20.6,54.0,816.0,776.0,0.16261707,5,10,6,0,,,,0.66711664,0.0,0.0,0.0,51.825
0.21,0.5,0.21,0.21,21.1,53.0,907.0,728.0,0.15290397,5,11,6,0,,,,0.35793334,0.0,0.0,0.0,138.375
0.21,0.5,0.21,0.21,21.1,53.0,927.0,618.0,0.13948788,5,12,6,0,,,,0.6165,0.0,0.0,0.0,288.5
0.21,0.5,0.21,0.21,21.1,51.0,860.0,537.0,0.13392156,5,13,6,0,,,,0.65146667,0.0,0.0,0.0,142.20833
0.21,0.5,0.21,0.21,21.1,49.0,894.0,734.0,0.12549753,5,14,6,0,,,,0.5966,0.0,0.0,0.0,109.63333
0.21,0.21,0.21,0.21,21.1,49.0,744.0,693.0,0.12522207,5,15,6,0,,,,0.5944167,0.0,0.0,0.0,61.4875
0.5,0.21,0.21,0.5,18.9,63.0,578.0,626.0,0.12562457,5,16,6,0,,,,0.6235167,0.0,0.0,0.0,72.770836
0.5,0.21,0.21,0.5,18.3,70.0,377.0,528.0,0.13404818,5,17,6,0,,,,0.71085,0.0,0.0,0.0,55.216667
0.5,0.21,0.21,0.5,17.2,72.0,182.0,210.0,0.13902085,5,18,6,0,,,,1.0549,0.0,0.0,0.0,17.733334
0.5,0.21,0.21,0.5,16.7,78.0,6.0,57.0,0.14665903,5,19,6,0,,,,4.5270667,0.0,0.0,0.0,3.2208333
0.5,0.21,0.21,0.5,16.7,80.0,0.0,0.0,0.15639693,5,20,6,0,,,,3.8673666,0.0,0.0,0.0,0.0
0.21,0.21,0.21,0.21,16.7,75.0,0.0,0.0,0.14879538,5,21,6,0,,,,2.33205,0.0,0.0,0.0,0.0
0.21,0.21,0.21,0.21,15.6,80.0,0.0,0.0,0.13512887,5,22,6,0,,,,0.89143336,0.0,0.0,0.0,0.0
0.21,0.21,0.21,0.21,15.6,83.0,0.0,0.0,0.12885724,5,23,6,0,,,,0.7988333,0.0,0.0,0.0,0.0
0.21,0.21,0.21,0.21,15.6,83.0,0.0,0.0,0.1143643,5,24,6,0,,,,0.53779167,0.0,0.0,0.0,0.0
0.21,0.21,0.21,0.21,15.6,83.0,0.0,0.0,0.11219821,5,1,7,0,,,,0.4479,0.0,0.0,0.0,0.0
0.21,0.21,0.21,0.21,14.4,87.0,0.0,0.0,0.112869434,5,2,7,0,,,,0.44958332,0.0,0.0,0.0,0.0
0.21,0.21,0.21,0.21,15.0,87.0,0.0,0.0,0.11382453,5,3,7,0,,,,0.44368333,0.0,0.0,0.0,0.0
0.21,0.21,0.5,0.21,14.4,87.0,0.0,0.0,0.11398692,5,4,7,0,,,,0.43896666,0.0,0.0,0.0,0.0
0.21,0.21,0.5,0.21,14.4,84.0,0.0,0.0,0.11599906,5,5,7,0,,,,0.43845,0.0,0.0,0.0,0.0
0.21,0.21,0.5,0.21,15.0,90.0,40.0,175.0,0.115456134,5,6,7,0,,,,0.4323,0.0,0.0,0.0,13.883333
0.21,0.21,0.5,0.21,16.1,83.0,224.0,487.0,0.113552086,5,7,7,0,,,,0.43776667,0.0,0.0,0.0,70.35833
0.21,0.21,0.5,0.21,17.2,81.0,430.0,618.0,0.11838174,5,8,7,0,,,,0.46751666,0.0,0.0,0.0,162.3625
0.21,0.21,0.21,0.21,20.0,65.0,632.0,697.0,0.12584105,5,9,7,0,,,,0.9719,0.0,0.0,0.0,234.95416
0.21,0.5,0.21,0.21,20.6,63.0,800.0,752.0,0.1302983,5,10,7,0,,,,1.2186,0.0,0.0,0.0,349.7979
0.21,0.5,0.21,0.21,20.0,63.0,907.0,746.0,0.13163191,5,11,7,0,,,,0.6021,0.0,0.0,0.0,450.32083
0.21,0.5,0.21,0.21,19.4,66.0,957.0,738.0,0.12955683,5,12,7,0,,,,0.6037667,0.0,0.0,0.0,405.34583
0.21,0.5,0.21,0.21,19.4,68.0,978.0,796.0,0.12389369,5,13,7,0,,,,0.7137,0.0,0.0,0.0,288.79584
0.21,0.5,0.21,0.21,20.0,65.0,881.0,728.0,0.1237459,5,14,7,0,,,,1.3513334,0.0,0.0,0.0,25.766666
0.21,0.21,0.21,0.21,19.4,68.0,757.0,730.0,0.12381993,5,15,7,0,,,,1.3346334,0.0,0.0,0.0,557.48334
0.5,0.21,0.21,0.5,18.3,70.0,584.0,613.0,0.13156752,5,16,7,0,,,,1.2099333,0.0,0.0,0.0,394.3625
0.5,0.21,0.21,0.5,18.3,70.0,368.0,482.0,0.13716516,5,17,7,0,,,,1.2441833,0.0,0.0,0.0,146.3875
0.5,0.21,0.21,0.5,16.7,80.0,179.0,192.0,0.13997039,5,18,7,0,,,,1.2851167,0.0,0.0,0.0,180.2625
0.5,0.21,0.21,0.5,15.6,86.0,7.0,54.0,0.14238504,5,19,7,0,,,,1.4489666,0.0,0.0,0.0,3.2083333
0.5,0.21,0.21,0.5,15.6,86.0,0.0,0.0,0.15406793,5,20,7,0,,,,1.50155,0.0,0.0,0.0,0.0
0.21,0.21,0.21,0.21,15.6,86.0,0.0,0.0,0.1584968,5,21,7,0,,,,1.5346833,0.0,0.0,0.0,0.0
0.21,0.21,0.21,0.21,16.1,81.0,0.0,0.0,0.14224873,5,22,7,0,,,,1.759,0.0,0.0,0.0,0.0
0.21,0.21,0.21,0.21,16.1,81.0,0.0,0.0,0.13001199,5,23,7,0,,,,1.7314667,0.0,0.0,0.0,0.0
0.21,0.21,0.21,0.21,16.1,75.0,0.0,0.0,0.12733859,5,24,7,0,,,,1.270925,0.0,0.0,0.0,0.0
0.21,0.21,0.21,0.21,15.6,83.0,0.0,0.0,0.12868303,5,1,1,0,,,,1.0431833,0.0,0.0,0.0,0.0
0.21,0.21,0.21,0.21,15.6,83.0,0.0,0.0,0.12526721,5,2,1,0,,,,0.62726665,0.0,0.0,0.0,0.0
0.21,0.21,0.21,0.21,15.6,80.0,0.0,0.0,0.12585638,5,3,1,0,,,,0.43825,0.0,0.0,0.0,0.0
0.21,0.21,0.5,0.21,15.6,80.0,0.0,0.0,0.13036148,5,4,1,0,,,,0.43728334,0.0,0.0,0.0,0.0
0.21,0.21,0.5,0.21,15.6,80.0,0.0,0.0,0.14506575,5,5,1,0,,,,0.43421668,0.0,0.0,0.0,0.0
0.21,0.21,0.5,0.21,15.6,78.0,13.0,0.0,0.16742757,5,6,1,0,,,,0.54268336,0.0,0.0,0.0,8.966666
0.21,0.21,0.5,0.21,16.1,75.0,52.0,0.0,0.17370413,5,7,1,0,,,,0.7216,0.0,0.0,0.0,34.5
0.21,0.21,0.5,0.21,16.1,75.0,174.0,11.0,0.17216633,5,8,1,0,,,,0.6744,0.0,0.0,0.0,130.39583
0.21,0.21,0.21,0.21,16.7,72.0,285.0,23.0,0.16220541,5,9,1,0,,,,0.35621667,0.0,0.0,0.0,249.0375
0.21,0.5,0.21,0.21,18.3,65.0,606.0,261.0,0.16520344,5,10,1,0,,,,0.36493334,0.0,0.0,0.0,498.95416
0.21,0.5,0.21,0.21,18.9,63.0,665.0,274.0,0.1688418,5,11,1,0,,,,0.367,0.0,0.0,0.0,631.05414
0.21,0.5,0.21,0.21,19.4,61.0,443.0,66.0,0.16941556,5,12,1,0,,,,0.36748335,0.0,0.0,0.0,718.4583
0.21,0.5,0.21,0.21,19.4,61.0,675.0,277.0,0.16630939,5,13,1,0,,,,0.36625,0.0,0.0,0.0,767.4
0.21,0.5,0.21,0.21,20.0,59.0,328.0,42.0,0.15999915,5,14,1,0,,,,0.36666667,0.0,0.0,0.0,765.94586
0.21,0.21,0.21,0.21,19.4,61.0,676.0,441.0,0.16482441,5,15,1,0,,,,0.40376666,0.0,0.0,0.0,701.50415
0.5,0.21,0.21,0.5,19.4,59.0,577.0,519.0,0.1667806,5,16,1,0,,,,0.36571667,0.0,0.0,0.0,610.1625
0.5,0.21,0.21,0.5,17.8,67.0,196.0,20.0,0.16546349,5,17,1,0,,,,0.36513335,0.0,0.0,0.0,438.55
0.5,0.21,0.21,0.5,17.2,72.0,147.0,83.0,0.16521287,5,18,1,0,,,,0.50016665,0.0,0.0,0.0,172.35834
0.5,0.21,0.21,0.5,16.1,78.0,6.0,24.0,0.16901413,5,19,1,0,,,,0.8317,0.0,0.0,0.0,5.1666665
0.5,0.21,0.21,0.5,16.7,75.0,0.0,0.0,0.18265365,5,20,1,0,,,,0.94016665,0.0,0.0,0.0,0.0
0.21,0.21,0.21,0.21,16.7,75.0,0.0,0.0,0.17941278,5,21,1,0,,,,1.2280667,0.0,0.0,0.0,0.0
0.21,0.21,0.21,0.21,16.7,75.0,0.0,0.0,0.15435116,5,22,1,0,,,,1.2533,0.0,0.0,0.0,0.0
0.21,0.21,0.21,0.21,16.7,72.0,0.0,0.0,0.13396464,5,23,1,0,,,,0.52533334,0.0,0.0,0.0,0.0
0.21,0.21,0.21,0.21,15.0,77.0,0.0,0.0,0.13540882,5,24,1,0,,,,0.452625,0.0,0.0,0.0,0.0
0.21,0.21,0.21,0.21,16.1,75.0,0.0,0.0,0.1343207,5,1,2,0,,,,0.4506,0.0,0.0,0.0,0.0
0.21,0.21,0.21,0.21,15.6,78.0,0.0,0.0,0.13376486,5,2,2,0,,,,0.44826666,0.0,0.0,0.0,0.0
0.21,0.21,0.21,0.21,15.6,80.0,0.0,0.0,0.13708363,5,3,2,0,,,,0.4371,0.0,0.0,0.0,0.0
0.21,0.21,0.5,0.21,15.6,80.0,0.0,0.0,0.14120124,5,4,2,0,,,,0.43656668,0.0,0.0,0.0,0.0
0.21,0.21,0.5,0.21,15.0,81.0,0.0,0.0,0.15898226,5,5,2,0,,,,0.43418333,0.0,0.0,0.0,0.0
0.21,0.21,0.5,0.21,15.6,80.0,19.0,0.0,0.17900628,5,6,2,0,,,,0.55188334,0.0,0.0,0.0,11.0125
0.21,0.21,0.5,0.21,15.6,80.0,121.0,32.0,0.17673299,5,7,2,0,,,,0.74831665,0.0,0.0,0.0,69.020836
0.21,0.21,0.5,0.21,16.7,75.0,412.0,435.0,0.17761192,5,8,2,0,,,,0.7704,0.0,0.0,0.0,176.2625
0.21,0.21,0.21,0.21,17.2,70.0,622.0,609.0,0.17339958,5,9,2,0,,,,0.5013833,0.0,0.0,0.0,174.55833
0.21,0.5,0.21,0.21,18.3,63.0,795.0,681.0,0.17186505,5,10,2,0,,,,0.35076666,0.0,0.0,0.0,277.19168
0.21,0.5,0.21,0.21,18.9,63.0,780.0,471.0,0.17171721,5,11,2,0,,,,0.36668333,0.0,0.0,0.0,601.85834
0.21,0.5,0.21,0.21,18.3,65.0,957.0,672.0,0.17518611,5,12,2,0,,,,0.36476666,0.0,0.0,0.0,694.79584
0.21,0.5,0.21,0.21,18.9,63.0,848.0,512.0,0.17434092,5,13,2,0,,,,0.36115,0.0,0.0,0.0,734.5417
0.21,0.5,0.21,0.21,18.9,63.0,849.0,601.0,0.17556292,5,14,2,0,,,,0.3663,0.0,0.0,0.0,738.31665
0.21,0.21,0.21,0.21,18.9,63.0,682.0,515.0,0.17682856,5,15,2,0,,,,0.3629,0.0,0.0,0.0,706.82916
0.5,0.21,0.21,0.5,17.8,67.0,576.0,625.0,0.17414314,5,16,2,0,,,,0.38941666,0.0,0.0,0.0,398.45
0.5,0.21,0.21,0.5,16.7,70.0,374.0,494.0,0.17194545,5,17,2,0,,,,0.59798336,0.0,0.0,0.0,396.82916
0.5,0.21,0.21,0.5,16.7,67.0,188.0,206.0,0.17602502,5,18,2,0,,,,0.82626665,0.0,0.0,0.0,127.675
0.5,0.21,0.21,0.5,15.6,72.0,9.0,63.0,0.17458984,5,19,2,0,,,,0.8854333,0.0,0.0,0.0,0.0
0.5,0.21,0.21,0.5,14.4,78.0,0.0,0.0,0.17845276,5,20,2,0,,,,1.1836833,0.0,0.0,0.0,0.0
0.21,0.21,0.21,0.21,15.6,78.0,0.0,0.0,0.17603222,5,21,2,0,,,,1.3188833,0.0,0.0,0.0,0.0
0.21,0.21,0.21,0.21,14.4,81.0,0.0,0.0,0.16078618,5,22,2,0,,,,1.2205167,0.0,0.0,0.0,0.0
0.21,0.21,0.21,0.21,15.0,81.0,0.0,0.0,0.1453551,5,23,2,0,,,,0.84655,0.0,0.0,0.0,0.0
0.21,0.21,0.21,0.21,15.6,75.0,0.0,0.0,0.14216489,5,24,2,0,,,,0.45001668,0.0,0.0,0.0,0.0
0.21,0.21,0.21,0.21,15.0,75.0,0.0,0.0,0.14245932,5,1,3,0,,,,0.45386666,0.0,0.0,0.0,0.0
0.21,0.21,0.21,0.21,13.9,80.0,0.0,0.0,0.14124647,5,2,3,0,,,,0.45081666,0.0,0.0,0.0,0.0
0.21,0.21,0.21,0.21,15.0,77.0,0.0,0.0,0.14013173,5,3,3,0,,,,0.4421,0.0,0.0,0.0,0.0
0.21,0.21,0.5,0.21,14.4,81.0,0.0,0.0,0.14037983,5,4,3,0,,,,0.43926665,0.0,0.0,0.0,0.0
0.21,0.21,0.5,0.21,14.4,81.0,0.0,0.0,0.14945059,5,5,3,0,,,,0.43888333,0.0,0.0,0.0,0.0
0.21,0.21,0.5,0.21,15.6,75.0,20.0,0.0,0.1729206,5,6,3,0,,,,0.74308336,0.0,0.0,0.0,0.21666667
0.21,0.21,0.5,0.21,16.7,72.0,207.0,269.0,0.17728046,5,7,3,0,,,,0.82843333,0.0,0.0,0.0,16.058332
0.21,0.21,0.5,0.21,17.2,67.0,432.0,573.0,0.17308153,5,8,3,0,,,,0.83785,0.0,0.0,0.0,85.375
0.21,0.21,0.21,0.21,17.2,70.0,623.0,639.0,0.17685255,5,9,3,0,,,,1.4600166,0.0,0.0,0.0,222.7375
0.21,0.5,0.21,0.21,17.8,67.0,795.0,705.0,0.1757273,5,10,3,0,,,,0.8702667,0.0,0.0,0.0,303.825
0.21,0.5,0.21,0.21,18.9,63.0,890.0,674.0,0.18044859,5,11,3,0,,,,0.7231,0.0,0.0,0.0,175.74583
0.21,0.5,0.21,0.21,19.4,59.0,957.0,714.0,0.17700933,5,12,3,0,,,,0.3606,0.0,0.0,0.0,108.01667
0.21,0.5,0.21,0.21,18.9,61.0,897.0,549.0,0.17837244,5,13,3,0,,,,0.6504833,0.0,0.0,0.0,239.04584
0.21,0.5,0.21,0.21,19.4,61.0,881.0,716.0,0.17974538,5,14,3,0,,,,0.95915,0.0,0.0,0.0,273.32916
0.21,0.21,0.21,0.21,18.9,63.0,763.0,736.0,0.17847824,5,15,3,0,,,,0.7496,0.0,0.0,0.0,144.27916
0.5,0.21,0.21,0.5,17.8,67.0,583.0,544.0,0.17686963,5,16,3,0,,,,0.5654167,0.0,0.0,0.0,181.5
0.5,0.21,0.21,0.5,17.2,70.0,314.0,211.0,0.17957932,5,17,3,0,,,,0.39131665,0.0,0.0,0.0,105.97083
0.5,0.21,0.21,0.5,16.1,75.0,143.0,41.0,0.18203172,5,18,3,0,,,,0.5711667,0.0,0.0,0.0,32.6125
0.5,0.21,0.21,0.5,15.6,78.0,7.0,13.0,0.17978872,5,19,3,0,,,,0.7751167,0.0,0.0,0.0,0.0
0.5,0.21,0.21,0.5,15.0,77.0,0.0,0.0,0.18862703,5,20,3,0,,,,0.8671,0.0,0.0,0.0,0.0
0.21,0.21,0.21,0.21,15.6,75.0,0.0,0.0,0.1791973,5,21,3,0,,,,1.0178666,0.0,0.0,0.0,0.0
0.21,0.21,0.21,0.21,15.6,78.0,0.0,0.0,0.16175623,5,22,3,0,,,,0.9360333,0.0,0.0,0.0,0.0
0.21,0.21,0.21,0.21,16.1,75.0,0.0,0.0,0.14957325,5,23,3,0,,,,1.4465,0.0,0.0,0.0,0.0
0.21,0.21,0.21,0.21,16.1,83.0,0.0,0.0,0.14108424,5,24,3,0,,,,1.2115667,0.0,0.0,0.0,0.0
0.21,0.21,0.21,0.21,15.6,75.0,0.0,0.0,0.13476837,5,1,4,0,,,,0.8192,0.0,0.0,0.0,0.0
0.21,0.21,0.21,0.21,15.0,75.0,0.0,0.0,0.13269785,5,2,4,0,,,,0.3931,0.0,0.0,0.0,0.0
0.21,0.21,0.21,0.21,15.0,75.0,0.0,0.0,0.13077272,5,3,4,0,,,,0.37623334,0.0,0.0,0.0,0.0
0.21,0.21,0.5,0.21,15.0,77.0,0.0,0.0,0.13002129,5,4,4,0,,,,0.3726,0.0,0.0,0.0,0.0
0.21,0.21,0.5,0.21,13.3,84.0,0.0,0.0,0.1372164,5,5,4,0,,,,0.37226668,0.0,0.0,0.0,0.0
0.21,0.21,0.5,0.21,15.6,78.0,46.0,191.0,0.1586811,5,6,4,0,,,,0.5327833,0.0,0.0,0.0,18.820833
0.21,0.21,0.5,0.21,16.7,75.0,228.0,452.0,0.16717818,5,7,4,0,,,,0.6275833,0.0,0.0,0.0,52.204166
0.21,0.21,0.5,0.21,17.8,70.0,428.0,567.0,0.1654185,5,8,4,0,,,,0.81156665,0.0,0.0,0.0,163.47084
0.21,0.21,0.21,0.21,18.3,70.0,576.0,486.0,0.1695891,5,9,4,0,,,,0.37608334,0.0,0.0,0.0,338.58334
0.21,0.5,0.21,0.21,19.4,66.0,812.0,723.0,0.17603356,5,10,4,0,,,,0.3881,0.0,0.0,0.0,488.325
0.21,0.5,0.21,0.21,19.4,63.0,931.0,799.0,0.17683741,5,11,4,0,,,,0.39381668,0.0,0.0,0.0,609.6458
0.21,0.5,0.21,0.21,19.4,63.0,987.0,810.0,0.17617714,5,12,4,0,,,,0.38715,0.0,0.0,0.0,690.4083
0.21,0.5,0.21,0.21,20.6,59.0,978.0,808.0,0.17738803,5,13,4,0,,,,0.3748,0.0,0.0,0.0,735.12085
0.21,0.5,0.21,0.21,20.0,59.0,887.0,728.0,0.17804064,5,14,4,0,,,,0.33931667,0.0,0.0,0.0,735.8958
0.21,0.21,0.21,0.21,20.0,63.0,756.0,711.0,0.17809606,5,15,4,0,,,,0.37758332,0.0,0.0,0.0,699.25415
0.5,0.21,0.21,0.5,18.9,65.0,597.0,669.0,0.1767562,5,16,4,0,,,,0.33526668,0.0,0.0,0.0,613.67914
0.5,0.21,0.21,0.5,18.3,70.0,381.0,500.0,0.17600526,5,17,4,0,,,,0.3805,0.0,0.0,0.0,471.09167
0.5,0.21,0.21,0.5,17.2,75.0,197.0,228.0,0.17314485,5,18,4,0,,,,0.44445,0.0,0.0,0.0,268.04166
0.5,0.21,0.21,0.5,16.7,78.0,11.0,74.0,0.17527291,5,19,4,0,,,,0.61216664,0.0,0.0,0.0,7.5583334
0.5,0.21,0.21,0.5,16.7,80.0,0.0,0.0,0.18093552,5,20,4,0,,,,0.80153334,0.0,0.0,0.0,0.0
0.21,0.21,0.21,0.21,16.7,80.0,0.0,0.0,0.17530811,5,21,4,0,,,,1.0728834,0.0,0.0,0.0,0.0
0.21,0.21,0.21,0.21,16.7,80.0,0.0,0.0,0.1556238,5,22,4,0,,,,1.1457334,0.0,0.0,0.0,0.0
0.21,0.21,0.21,0.21,16.1,83.0,0.0,0.0,0.13536817,5,23,4,0,,,,1.1237667,0.0,0.0,0.0,0.0
0.21,0.21,0.21,0.21,16.7,80.0,0.0,0.0,0.12847915,5,24,4,0,,,,0.6915,0.0,0.0,0.0,0.0
0.21,0.21,0.21,0.21,16.1,83.0,0.0,0.0,0.1294623,5,1,5,0,,,,0.47868332,0.0,0.0,0.0,0.0
0.21,0.21,0.21,0.21,15.6,83.0,0.0,0.0,0.12893586,5,2,5,0,,,,0.47313333,0.0,0.0,0.0,0.0
0.21,0.21,0.21,0.21,15.6,83.0,0.0,0.0,0.13031845,5,3,5,0,,,,0.46355,0.0,0.0,0.0,0.0
0.21,0.21,0.5,0.21,15.0,90.0,0.0,0.0,0.12614408,5,4,5,0,,,,0.45953333,0.0,0.0,0.0,0.0
0.21,0.21,0.5,0.21,15.0,87.0,0.0,0.0,0.1315569,5,5,5,0,,,,0.4594,0.0,0.0,0.0,0.0
0.21,0.21,0.5,0.21,16.0,82.0,23.0,0.0,0.1559821,5,6,5,0,,,,0.7144167,0.0,0.0,0.0,12.591666
0.21,0.21,0.5,0.21,16.7,80.0,102.0,0.0,0.16581506,5,7,5,0,,,,0.99088335,0.0,0.0,0.0,44.391666
0.21,0.21,0.5,0.21,17.8,78.0,311.0,172.0,0.17015184,5,8,5,0,,,,0.48378333,0.0,0.0,0.0,165.13333
0.21,0.21,0.21,0.21,19.4,70.0,613.0,545.0,0.1724174,5,9,5,0,,,,0.2765,0.0,0.0,0.0,345.07083
0.21,0.5,0.21,0.21,20.0,70.0,679.0,409.0,0.17358473,5,10,5,0,,,,0.28755,0.0,0.0,0.0,495.79584
0.21,0.5,0.21,0.21,20.0,68.0,619.0,203.0,0.17011905,5,11,5,0,,,,0.29058334,0.0,0.0,0.0,619.0208
0.21,0.5,0.21,0.21,20.0,68.0,509.0,78.0,0.171279,5,12,5,0,,,,0.28491667,0.0,0.0,0.0,701.2375
0.21,0.5,0.21,0.21,19.4,70.0,575.0,121.0,0.16496406,5,13,5,0,,,,0.26728332,0.0,0.0,0.0,751.19586
0.21,0.5,0.21,0.21,19.4,68.0,450.0,36.0,0.16779657,5,14,5,0,,,,0.23666666,0.0,0.0,0.0,763.24164
0.21,0.21,0.21,0.21,18.3,73.0,371.0,25.0,0.16638511,5,15,5,0,,,,0.24813333,0.0,0.0,0.0,725.94165
0.5,0.21,0.21,0.5,17.8,75.0,313.0,25.0,0.1672373,5,16,5,0,,,,0.23486666,0.0,0.0,0.0,638.7833
0.5,0.21,0.21,0.5,17.2,78.0,245.0,66.0,0.16876195,5,17,5,0,,,,0.25393334,0.0,0.0,0.0,500.35834
0.5,0.21,0.21,0.5,16.1,81.0,139.0,32.0,0.16731282,5,18,5,0,,,,0.6253333,0.0,0.0,0.0,268.52084
0.5,0.21,0.21,0.5,16.1,81.0,8.0,11.0,0.16306695,5,19,5,0,,,,0.8990833,0.0,0.0,0.0,7.6916666
0.5,0.21,0.21,0.5,16.1,83.0,0.0,0.0,0.16861236,5,20,5,0,,,,1.0037333,0.0,0.0,0.0,0.0
0.21,0.21,0.21,0.21,16.7,80.0,0.0,0.0,0.16197895,5,21,5,0,,,,0.7662167,0.0,0.0,0.0,0.0
0.21,0.21,0.21,0.21,16.7,80.0,0.0,0.0,0.13569194,5,22,5,0,,,,0.6027667,0.0,0.0,0.0,0.0
0.21,0.21,0.21,0.21,17.2,78.0,0.0,0.0,0.124734946,5,23,5,0,,,,0.89195,0.0,0.0,0.0,0.0
0.21,0.21,0.21,0.21,16.7,75.0,0.0,0.0,0.12156076,5,24,5,0,,,,1.021475,0.0,0.0,0.0,0.0
0.21,0.21,0.21,0.21,16.1,87.0,0.0,0.0,0.10990115,5,1,6,0,,,,0.27795,0.0,0.0,0.0,0.0
0.21,0.21,0.21,0.21,16.1,83.0,0.0,0.0,0.11206498,5,2,6,0,,,,0.27868333,0.0,0.0,0.0,0.0
0.21,0.21,0.21,0.21,16.1,81.0,0.0,0.0,0.11325887,5,3,6,0,,,,0.27296665,0.0,0.0,0.0,0.0
0.21,0.21,0.5,0.21,16.1,81.0,0.0,0.0,0.11867062,5,4,6,0,,,,0.27231666,0.0,0.0,0.0,0.0
0.21,0.21,0.5,0.21,15.6,83.0,0.0,0.0,0.12145217,5,5,6,0,,,,0.27236667,0.0,0.0,0.0,0.0
0.21,0.21,0.5,0.21,16.1,78.0,15.0,0.0,0.12477396,5,6,6,0,,,,0.26626667,0.0,0.0,0.0,17.95
0.21,0.21,0.5,0.21,16.7,75.0,94.0,0.0,0.12857114,5,7,6,0,,,,0.27591667,0.0,0.0,0.0,98.0125
0.21,0.21,0.5,0.21,16.7,78.0,297.0,143.0,0.13905762,5,8,6,0,,,,0.28266665,0.0,0.0,0.0,185.4375
0.21,0.21,0.21,0.21,17.2,75.0,518.0,299.0,0.15389131,5,9,6,0,,,,0.31591666,0.0,0.0,0.0,350.70834
0.21,0.5,0.21,0.21,19.4,66.0,701.0,468.0,0.15489775,5,10,6,0,,,,0.31286666,0.0,0.0,0.0,520.79584
0.21,0.5,0.21,0.21,19.4,68.0,729.0,346.0,0.15873657,5,11,6,0,,,,0.6797083,0.0,0.0,0.0,645.3812
0.21,0.5,0.21,0.21,20.0,65.0,939.0,630.0,0.1599805,5,12,6,0,,,,0.7040667,0.0,0.0,0.0,730.1583
0.21,0.5,0.21,0.21,20.6,63.0,940.0,657.0,0.15601073,5,13,6,0,,,,0.47756666,0.0,0.0,0.0,772.0958
0.21,0.5,0.21,0.21,20.0,65.0,790.0,479.0,0.15652658,5,14,6,0,,,,0.28665,0.0,0.0,0.0,770.1125
0.21,0.21,0.21,0.21,19.4,70.0,614.0,331.0,0.15566266,5,15,6,0,,,,0.50773335,0.0,0.0,0.0,719.23334
0.5,0.21,0.21,0.5,17.8,75.0,479.0,281.0,0.15587714,5,16,6,0,,,,0.51958334,0.0,0.0,0.0,629.4667
0.5,0.21,0.21,0.5,17.8,75.0,244.0,72.0,0.15747575,5,17,6,0,,,,0.56728333,0.0,0.0,0.0,485.5125
0.5,0.21,0.21,0.5,17.2,78.0,165.0,121.0,0.1578069,5,18,6,0,,,,0.85036665,0.0,0.0,0.0,273.44168
0.5,0.21,0.21,0.5,17.2,75.0,10.0,42.0,0.15785618,5,19,6,0,,,,0.9698833,0.0,0.0,0.0,14.341666
0.5,0.21,0.21,0.5,17.2,72.0,0.0,0.0,0.1585862,5,20,6,0,,,,0.66905,0.0,0.0,0.0,0.0
0.21,0.21,0.21,0.21,16.7,75.0,0.0,0.0,0.158785,5,21,6,0,,,,0.7707667,0.0,0.0,0.0,0.0
0.21,0.21,0.21,0.21,16.7,75.0,0.0,0.0,0.13923208,5,22,6,0,,,,0.7031,0.0,0.0,0.0,0.0
0.21,0.21,0.21,0.21,16.7,78.0,0.0,0.0,0.13507077,5,23,6,0,,,,0.70823336,0.0,0.0,0.0,0.0
0.21,0.21,0.21,0.21,15.6,75.0,0.0,0.0,0.12641537,5,24,6,0,,,,0.477625,0.0,0.0,0.0,0.0
0.21,0.21,0.21,0.21,16.7,75.0,0.0,0.0,0.11488195,5,1,7,0,,,,0.28928334,0.0,0.0,0.0,0.0
0.21,0.21,0.21,0.21,16.1,75.0,0.0,0.0,0.11572716,5,2,7,0,,,,0.28561667,0.0,0.0,0.0,0.0
0.21,0.21,0.21,0.21,16.1,75.0,0.0,0.0,0.10917774,5,3,7,0,,,,0.38623333,0.0,0.0,0.0,0.0
0.21,0.21,0.5,0.21,15.6,75.0,0.0,0.0,0.1102854,5,4,7,0,,,,0.563,0.0,0.0,0.0,0.0
0.21,0.21,0.5,0.21,15.0,81.0,0.0,0.0,0.1098851,5,5,7,0,,,,0.36595,0.0,0.0,0.0,0.0
0.21,0.21,0.5,0.21,15.6,80.0,32.0,20.0,0.11156475,5,6,7,0,,,,0.57598335,0.0,0.0,0.0,12.245833
0.21,0.21,0.5,0.21,16.7,78.0,234.0,384.0,0.11293291,5,7,7,0,,,,0.66075,0.0,0.0,0.0,41.479168
0.21,0.21,0.5,0.21,17.8,70.0,449.0,591.0,0.11584839,5,8,7,0,,,,0.76538336,0.0,0.0,0.0,171.025
0.21,0.21,0.21,0.21,19.4,63.0,656.0,744.0,0.13004677,5,9,7,0,,,,0.7808167,0.0,0.0,0.0,351.90833
0.21,0.5,0.21,0.21,20.0,61.0,813.0,759.0,0.13368678,5,10,7,0,,,,0.28865,0.0,0.0,0.0,510.78333
0.21,0.5,0.21,0.21,20.0,59.0,937.0,805.0,0.13604607,5,11,7,0,,,,0.36978334,0.0,0.0,0.0,635.65
0.21,0.5,0.21,0.21,20.0,61.0,999.0,834.0,0.13216478,5,12,7,0,,,,0.70206666,0.0,0.0,0.0,723.6542
0.21,0.5,0.21,0.21,20.0,63.0,978.0,802.0,0.13138819,5,13,7,0,,,,0.6220833,0.0,0.0,0.0,770.80835
0.21,0.5,0.21,0.21,20.0,61.0,893.0,752.0,0.12954494,5,14,7,0,,,,0.52355,0.0,0.0,0.0,765.50415
0.21,0.21,0.21,0.21,19.4,63.0,768.0,735.0,0.12895632,5,15,7,0,,,,0.52335,0.0,0.0,0.0,714.30835
0.5,0.21,0.21,0.5,18.3,63.0,595.0,618.0,0.13296382,5,16,7,0,,,,0.5208833,0.0,0.0,0.0,632.8958
0.5,0.21,0.21,0.5,17.8,67.0,387.0,492.0,0.13684958,5,17,7,0,,,,0.51961666,0.0,0.0,0.0,473.50833
0.5,0.21,0.21,0.5,17.2,65.0,190.0,216.0,0.13792163,5,18,7,0,,,,0.5119,0.0,0.0,0.0,231.80833
0.5,0.21,0.21,0.5,16.1,75.0,13.0,77.0,0.13348168,5,19,7,0,,,,0.49738333,0.0,0.0,0.0,12.8
0.5,0.21,0.21,0.5,15.6,78.0,0.0,0.0,0.13538402,5,20,7,0,,,,0.66175,0.0,0.0,0.0,0.0
0.21,0.21,0.21,0.21,16.1,72.0,0.0,0.0,0.14108904,5,21,7,0,,,,0.6173,0.0,0.0,0.0,0.0
0.21,0.21,0.21,0.21,16.1,72.0,0.0,0.0,0.13196415,5,22,7,0,,,,0.37148333,0.0,0.0,0.0,0.0
0.21,0.21,0.21,0.21,15.6,75.0,0.0,0.0,0.11739977,5,23,7,0,,,,0.68911666,0.0,0.0,0.0,0.0
0.21,0.21,0.21,0.21,14.4,81.0,0.0,0.0,0.10317928,5,24,7,0,,,,0.410475,0.0,0.0,0.0,0.0
0.21,0.21,0.21,0.21,16.0,72.0,0.0,0.0,0.10049888,5,1,1,0,,,,0.27821666,0.0,0.0,0.0,0.0
0.21,0.21,0.21,0.21,15.0,77.0,0.0,0.0,0.09995599,5,2,1,0,,,,0.28041667,0.0,0.0,0.0,0.0
0.21,0.21,0.21,0.21,15.0,81.0,0.0,0.0,0.10020886,5,3,1,0,,,,0.27441666,0.0,0.0,0.0,0.0
0.21,0.21,0.5,0.21,15.6,75.0,0.0,0.0,0.105827644,5,4,1,0,,,,0.27425,0.0,0.0,0.0,0.0
0.21,0.21,0.5,0.21,15.6,75.0,0.0,0.0,0.11799488,5,5,1,0,,,,0.27483332,0.0,0.0,0.0,0.0
0.21,0.21,0.5,0.21,15.6,75.0,28.0,0.0,0.13414486,5,6,1,0,,,,0.47288334,0.0,0.0,0.0,1.6791667
0.21,0.21,0.5,0.21,16.1,72.0,251.0,444.0,0.14101769,5,7,1,0,,,,3.04255,0.0,0.0,0.0,23.325
0.21,0.21,0.5,0.21,17.0,68.0,449.0,619.0,0.15169284,5,8,1,0,,,,3.8869667,0.0,0.0,0.0,51.166668
0.21,0.21,0.21,0.21,18.9,59.0,645.0,698.0,0.15711325,5,9,1,0,,,,2.0074832,0.0,0.0,0.0,114.72083
0.21,0.5,0.21,0.21,18.3,63.0,824.0,765.0,0.15298343,5,10,1,0,,,,0.5079333,0.0,0.0,0.0,262.92084
0.21,0.5,0.21,0.21,18.9,63.0,937.0,800.0,0.14902326,5,11,1,0,,,,0.51315,0.0,0.0,0.0,329.69583
0.21,0.5,0.21,0.21,19.4,59.0,999.0,828.0,0.15238038,5,12,1,0,,,,3.11195,0.0,0.0,0.0,412.77917
0.21,0.5,0.21,0.21,18.9,59.0,984.0,814.0,0.15428814,5,13,1,0,,,,2.0170333,0.0,0.0,0.0,267.025
0.21,0.5,0.21,0.21,19.4,57.0,899.0,746.0,0.15213457,5,14,1,0,,,,1.1442333,0.0,0.0,0.0,350.25418
0.21,0.21,0.21,0.21,18.9,56.0,761.0,711.0,0.1538401,5,15,1,0,,,,0.62906665,0.0,0.0,0.0,734.0208
0.5,0.21,0.21,0.5,18.3,61.0,587.0,587.0,0.15094976,5,16,1,0,,,,0.28545,0.0,0.0,0.0,410.40417
0.5,0.21,0.21,0.5,17.8,63.0,386.0,498.0,0.15436368,5,17,1,0,,,,0.28485,0.0,0.0,0.0,522.6875
0.5,0.21,0.21,0.5,16.7,67.0,201.0,231.0,0.15756173,5,18,1,0,,,,0.2825,0.0,0.0,0.0,125.6125
0.5,0.21,0.21,0.5,16.1,72.0,14.0,84.0,0.15907474,5,19,1,0,,,,0.63731664,0.0,0.0,0.0,1.4458333
0.5,0.21,0.21,0.5,15.6,75.0,0.0,0.0,0.16493578,5,20,1,0,,,,0.7582833,0.0,0.0,0.0,0.0
0.21,0.21,0.21,0.21,15.0,75.0,0.0,0.0,0.15466288,5,21,1,0,,,,1.2123667,0.0,0.0,0.0,0.0
0.21,0.21,0.21,0.21,16.1,67.0,0.0,0.0,0.14073144,5,22,1,0,,,,1.4938667,0.0,0.0,0.0,0.0
0.21,0.21,0.21,0.21,15.6,75.0,0.0,0.0,0.124283,5,23,1,0,,,,0.49023333,0.0,0.0,0.0,0.0
0.21,0.21,0.21,0.21,16.1,78.0,0.0,0.0,0.1233443,5,24,1,0,,,,1.1174417,0.0,0.0,0.0,0.0
0.21,0.21,0.21,0.21,14.4,78.0,0.0,0.0,0.12657332,5,1,2,0,,,,1.1340667,0.0,0.0,0.0,0.0
0.21,0.21,0.21,0.21,15.0,75.0,0.0,0.0,0.11334408,5,2,2,0,,,,0.35593334,0.0,0.0,0.0,0.0
0.21,0.21,0.21,0.21,14.4,78.0,0.0,0.0,0.10755664,5,3,2,0,,,,0.5352167,0.0,0.0,0.0,0.0
0.21,0.21,0.5,0.21,14.4,78.0,0.0,0.0,0.10668152,5,4,2,0,,,,0.36136666,0.0,0.0,0.0,0.0
0.21,0.21,0.5,0.21,13.9,80.0,0.0,0.0,0.116441876,5,5,2,0,,,,0.36086667,0.0,0.0,0.0,0.0
0.21,0.21,0.5,0.21,14.4,81.0,58.0,220.0,0.13492353,5,6,2,0,,,,0.62195,0.0,0.0,0.0,13.441667
0.21,0.21,0.5,0.21,16.1,72.0,240.0,466.0,0.14779857,5,7,2,0,,,,0.6583667,0.0,0.0,0.0,96.32917
0.21,0.21,0.5,0.21,16.7,70.0,454.0,637.0,0.15400192,5,8,2,0,,,,0.6915333,0.0,0.0,0.0,170.25417
0.21,0.21,0.21,0.21,18.3,63.0,614.0,580.0,0.16079201,5,9,2,0,,,,0.2794,0.0,0.0,0.0,205.925
0.21,0.5,0.21,0.21,19.4,57.0,746.0,563.0,0.16600828,5,10,2,0,,,,0.27665,0.0,0.0,0.0,281.89166
0.21,0.5,0.21,0.21,19.4,59.0,845.0,549.0,0.16865575,5,11,2,0,,,,0.28143334,0.0,0.0,0.0,355.92084
0.21,0.5,0.21,0.21,20.0,59.0,993.0,744.0,0.16705757,5,12,2,0,,,,0.293,0.0,0.0,0.0,474.9625
0.21,0.5,0.21,0.21,19.4,61.0,866.0,524.0,0.16542807,5,13,2,0,,,,0.28393334,0.0,0.0,0.0,306.7125
0.21,0.5,0.21,0.21,20.0,61.0,777.0,497.0,0.17619567,5,14,2,0,,,,0.28005,0.0,0.0,0.0,223.25417
0.21,0.21,0.21,0.21,19.4,61.0,680.0,496.0,0.18074428,5,15,2,0,,,,0.27983335,0.0,0.0,0.0,116.99167
0.5,0.21,0.21,0.5,19.4,59.0,543.0,437.0,0.1866104,5,16,2,0,,,,0.4489,0.0,0.0,0.0,55.8625
0.5,0.21,0.21,0.5,18.9,59.0,368.0,425.0,0.18091314,5,17,2,0,,,,0.66323334,0.0,0.0,0.0,26.466667
0.5,0.21,0.21,0.5,17.2,67.0,199.0,246.0,0.17310959,5,18,2,0,,,,0.6665,0.0,0.0,0.0,9.7625
0.5,0.21,0.21,0.5,16.7,65.0,15.0,92.0,0.1793548,5,19,2,0,,,,0.9145667,0.0,0.0,0.0,0.0
0.5,0.21,0.21,0.5,16.7,72.0,0.0,0.0,0.18481342,5,20,2,0,,,,1.2642167,0.0,0.0,0.0,0.0
0.21,0.21,0.21,0.21,16.1,75.0,0.0,0.0,0.18468857,5,21,2,0,,,,1.2728167,0.0,0.0,0.0,0.0
0.21,0.21,0.21,0.21,16.7,75.0,0.0,0.0,0.16904213,5,22,2,0,,,,0.7592667,0.0,0.0,0.0,0.0
0.21,0.21,0.21,0.21,16.1,81.0,0.0,0.0,0.14936063,5,23,2,0,,,,0.3627,0.0,0.0,0.0,0.0
0.21,0.21,0.21,0.21,16.7,84.0,0.0,0.0,0.15070544,5,24,2,0,,,,0.36855,0.0,0.0,0.0,0.0
0.21,0.21,0.21,0.21,16.1,78.0,0.0,0.0,0.14294022,5,1,3,0,,,,0.36541668,0.0,0.0,0.0,0.0
0.21,0.21,0.21,0.21,15.0,81.0,0.0,0.0,0.13944355,5,2,3,0,,,,0.36198333,0.0,0.0,0.0,0.0
0.21,0.21,0.21,0.21,14.4,84.0,0.0,0.0,0.1375945,5,3,3,0,,,,0.35843334,0.0,0.0,0.0,0.0
0.21,0.21,0.5,0.21,15.0,81.0,0.0,0.0,0.13777983,5,4,3,0,,,,0.3575,0.0,0.0,0.0,0.0
0.21,0.21,0.5,0.21,15.0,83.0,0.0,0.0,0.13986924,5,5,3,0,,,,0.36145,0.0,0.0,0.0,0.0
0.21,0.21,0.5,0.21,15.6,80.0,61.0,239.0,0.15747921,5,6,3,0,,,,0.5071167,0.0,0.0,0.0,0.20833333
0.21,0.21,0.5,0.21,17.8,70.0,257.0,526.0,0.16614117,5,7,3,0,,,,0.7919833,0.0,0.0,0.0,24.491667
0.21,0.21,0.5,0.21,19.4,61.0,460.0,654.0,0.16844554,5,8,3,0,,,,0.47558334,0.0,0.0,0.0,63.3375
0.21,0.21,0.21,0.21,20.0,65.0,657.0,727.0,0.17141385,5,9,3,0,,,,0.2771,0.0,0.0,0.0,83.55417
0.21,0.5,0.21,0.21,21.1,63.0,830.0,776.0,0.1790463,5,10,3,0,,,,0.2818,0.0,0.0,0.0,86.175
0.21,0.5,0.21,0.21,21.7,59.0,943.0,811.0,0.18128891,5,11,3,0,,,,0.28496668,0.0,0.0,0.0,78.50833
0.21,0.5,0.21,0.21,22.2,55.0,993.0,810.0,0.18588124,5,12,3,0,,,,0.28185,0.0,0.0,0.0,63.329166
0.21,0.5,0.21,0.21,22.2,53.0,971.0,778.0,0.18867713,5,13,3,0,,,,0.29316667,0.0,0.0,0.0,56.2625
0.21,0.5,0.21,0.21,22.2,57.0,905.0,783.0,0.19400544,5,14,3,0,,,,0.45828333,0.0,0.0,0.0,42.770832
0.21,0.21,0.21,0.21,21.7,59.0,774.0,741.0,0.1992758,5,15,3,0,,,,0.39491665,0.0,0.0,0.0,54.05
0.5,0.21,0.21,0.5,21.1,61.0,608.0,680.0,0.2045911,5,16,3,0,,,,0.75025,0.0,0.0,0.0,40.033333
0.5,0.21,0.21,0.5,20.6,65.0,401.0,530.0,0.21136038,5,17,3,0,,,,0.79213333,0.0,0.0,0.0,20.4
0.5,0.21,0.21,0.5,18.9,73.0,197.0,252.0,0.21651372,5,18,3,0,,,,0.7479333,0.0,0.0,0.0,17.9125
0.5,0.21,0.21,0.5,18.3,76.0,16.0,97.0,0.21275143,5,19,3,0,,,,0.58295,0.0,0.0,0.0,6.516667
0.5,0.21,0.21,0.5,18.3,73.0,0.0,0.0,0.21540958,5,20,3,0,,,,0.95945,0.0,0.0,0.0,0.0
0.21,0.21,0.21,0.21,17.2,84.0,0.0,0.0,0.21027866,5,21,3,0,,,,1.065,0.0,0.0,0.0,0.0
0.21,0.21,0.21,0.21,17.2,81.0,0.0,0.0,0.19833085,5,22,3,0,,,,0.85935,0.0,0.0,0.0,0.0
0.21,0.21,0.21,0.21,16.7,84.0,0.0,0.0,0.1873247,5,23,3,0,,,,0.77096665,0.0,0.0,0.0,0.0
0.21,0.21,0.21,0.21,17.8,78.0,0.0,0.0,0.18096398,5,24,3,0,,,,0.62924165,0.0,0.0,0.0,0.0
0.21,0.21,0.21,0.21,16.1,83.0,0.0,0.0,0.16708675,5,1,4,0,,,,0.36611667,0.0,0.0,0.0,0.0
0.21,0.21,0.21,0.21,16.1,83.0,0.0,0.0,0.1662245,5,2,4,0,,,,0.36668333,0.0,0.0,0.0,0.0
0.21,0.21,0.21,0.21,15.6,86.0,0.0,0.0,0.16479605,5,3,4,0,,,,0.36396667,0.0,0.0,0.0,0.0
0.21,0.21,0.5,0.21,15.6,86.0,0.0,0.0,0.15813826,5,4,4,0,,,,0.36221668,0.0,0.0,0.0,0.0
0.21,0.21,0.5,0.21,15.0,90.0,0.0,0.0,0.16329797,5,5,4,0,,,,0.35685,0.0,0.0,0.0,0.0
0.21,0.21,0.5,0.21,16.1,90.0,41.0,38.0,0.17988506,5,6,4,0,,,,0.69276667,0.0,0.0,0.0,10.483334
0.21,0.21,0.5,0.21,17.2,84.0,249.0,434.0,0.1951596,5,7,4,0,,,,0.76608336,0.0,0.0,0.0,38.4625
0.21,0.21,0.5,0.21,18.9,73.0,396.0,367.0,0.20087957,5,8,4,0,,,,0.7507,0.0,0.0,0.0,175.05417
0.21,0.21,0.21,0.21,20.6,70.0,652.0,651.0,0.21275635,5,9,4,0,,,,0.32146665,0.0,0.0,0.0,358.81668
0.21,0.5,0.21,0.21,21.1,66.0,819.0,747.0,0.21849637,5,10,4,0,,,,0.2928,0.0,0.0,0.0,515.80414
0.21,0.5,0.21,0.21,21.1,66.0,949.0,823.0,0.22521354,5,11,4,0,,,,0.30121666,0.0,0.0,0.0,633.6625
0.21,0.5,0.21,0.21,21.1,66.0,1011.0,846.0,0.2278295,5,12,4,0,,,,0.29718333,0.0,0.0,0.0,721.20416
0.21,0.5,0.21,0.21,21.7,63.0,983.0,808.0,0.23146275,5,13,4,0,,,,0.28466666,0.0,0.0,0.0,771.00836
0.21,0.5,0.21,0.21,20.6,68.0,911.0,770.0,0.23106979,5,14,4,0,,,,0.30135,0.0,0.0,0.0,774.69165
0.21,0.21,0.21,0.21,20.6,68.0,747.0,625.0,0.23340979,5,15,4,0,,,,0.61936665,0.0,0.0,0.0,726.8875
0.5,0.21,0.21,0.5,20.0,70.0,571.0,543.0,0.2390589,5,16,4,0,,,,0.7191167,0.0,0.0,0.0,628.7125
0.5,0.21,0.21,0.5,18.9,75.0,358.0,366.0,0.2435218,5,17,4,0,,,,0.33408332,0.0,0.0,0.0,486.6
0.5,0.21,0.21,0.5,17.8,80.0,208.0,298.0,0.24615741,5,18,4,0,,,,0.36906666,0.0,0.0,0.0,289.35416
0.5,0.21,0.21,0.5,17.2,78.0,18.0,117.0,0.23965144,5,19,4,0,,,,0.45525,0.0,0.0,0.0,21.55
0.5,0.21,0.21,0.5,17.2,81.0,0.0,0.0,0.24040918,5,20,4,0,,,,0.75843334,0.0,0.0,0.0,0.0
0.21,0.21,0.21,0.21,17.2,81.0,0.0,0.0,0.23151933,5,21,4,0,,,,0.96206665,0.0,0.0,0.0,0.0
0.21,0.21,0.21,0.21,17.2,78.0,0.0,0.0,0.22063847,5,22,4,0,,,,1.0059167,0.0,0.0,0.0,0.0
0.21,0.21,0.21,0.21,17.8,78.0,0.0,0.0,0.21194689,5,23,4,0,,,,0.74903333,0.0,0.0,0.0,0.0
0.21,0.21,0.21,0.21,16.1,75.0,0.0,0.0,0.20256604,5,24,4,0,,,,0.62326664,0.0,0.0,0.0,0.0
0.21,0.21,0.21,0.21,17.8,75.0,0.0,0.0,0.18749101,5,1,5,0,,,,0.36191666,0.0,0.0,0.0,0.0
0.21,0.21,0.21,0.21,17.8,75.0,0.0,0.0,0.17854106,5,2,5,0,,,,0.36246666,0.0,0.0,0.0,0.0
0.21,0.21,0.21,0.21,17.2,78.0,0.0,0.0,0.17091182,5,3,5,0,,,,0.35821667,0.0,0.0,0.0,0.0
0.21,0.21,0.5,0.21,17.2,75.0,0.0,0.0,0.17329465,5,4,5,0,,,,0.35703334,0.0,0.0,0.0,0.0
0.21,0.21,0.5,0.21,17.2,72.0,0.0,0.0,0.17880754,5,5,5,0,,,,0.35885,0.0,0.0,0.0,0.0
0.21,0.21,0.5,0.21,17.2,72.0,16.0,0.0,0.18660529,5,6,5,0,,,,0.46636668,0.0,0.0,0.0,7.820833
0.21,0.21,0.5,0.21,17.2,72.0,67.0,0.0,0.1929064,5,7,5,0,,,,0.37895,0.0,0.0,0.0,35.433334
0.21,0.21,0.5,0.21,17.8,70.0,108.0,0.0,0.20298907,5,8,5,0,,,,0.3125,0.0,0.0,0.0,174.40416
0.21,0.21,0.21,0.21,17.8,70.0,238.0,12.0,0.21121132,5,9,5,0,,,,0.6853,0.0,0.0,0.0,359.13333
0.21,0.5,0.21,0.21,18.9,68.0,384.0,30.0,0.21985683,5,10,5,0,,,,0.37016666,0.0,0.0,0.0,519.65
0.21,0.5,0.21,0.21,19.4,63.0,284.0,12.0,0.22513072,5,11,5,0,,,,0.28865,0.0,0.0,0.0,644.0875
0.21,0.5,0.21,0.21,20.0,63.0,550.0,114.0,0.23191059,5,12,5,0,,,,0.27765,0.0,0.0,0.0,724.9083
0.21,0.5,0.21,0.21,21.1,59.0,810.0,446.0,0.23578565,5,13,5,0,,,,0.23723334,0.0,0.0,0.0,762.925
0.21,0.5,0.21,0.21,21.1,61.0,853.0,588.0,0.23880683,5,14,5,0,,,,0.23746666,0.0,0.0,0.0,754.39166
0.21,0.21,0.21,0.21,20.6,65.0,767.0,717.0,0.24273406,5,15,5,0,,,,0.23761667,0.0,0.0,0.0,709.92084
0.5,0.21,0.21,0.5,19.4,68.0,593.0,586.0,0.24068421,5,16,5,0,,,,0.2881,0.0,0.0,0.0,621.2625
0.5,0.21,0.21,0.5,18.3,70.0,390.0,496.0,0.23922285,5,17,5,0,,,,0.23178333,0.0,0.0,0.0,493.15833
0.5,0.21,0.21,0.5,17.2,72.0,206.0,234.0,0.2391109,5,18,5,0,,,,0.2483,0.0,0.0,0.0,315.5375
0.5,0.21,0.21,0.5,16.1,75.0,18.0,94.0,0.23743622,5,19,5,0,,,,0.29311666,0.0,0.0,0.0,25.441668
0.5,0.21,0.21,0.5,16.1,78.0,0.0,0.0,0.2263917,5,20,5,0,,,,0.30426666,0.0,0.0,0.0,0.0
0.21,0.21,0.21,0.21,16.1,78.0,0.0,0.0,0.2102098,5,21,5,0,,,,0.60013336,0.0,0.0,0.0,0.0
0.21,0.21,0.21,0.21,16.1,78.0,0.0,0.0,0.19653098,5,22,5,0,,,,0.94061667,0.0,0.0,0.0,0.0
0.21,0.21,0.21,0.21,16.1,75.0,0.0,0.0,0.1824556,5,23,5,0,,,,1.1214833,0.0,0.0,0.0,0.0
0.21,0.21,0.21,0.21,15.6,75.0,0.0,0.0,0.16535756,5,24,5,0,,,,0.8569583,0.0,0.0,0.0,0.0
0.21,0.21,0.21,0.21,16.1,75.0,0.0,0.0,0.15002696,5,1,6,0,,,,0.39593333,0.0,0.0,0.0,0.0
0.21,0.21,0.21,0.21,16.7,75.0,0.0,0.0,0.13423255,5,2,6,0,,,,0.36613333,0.0,0.0,0.0,0.0
0.21,0.21,0.21,0.21,15.6,78.0,0.0,0.0,0.12947702,5,3,6,0,,,,0.36325,0.0,0.0,0.0,0.0
0.21,0.21,0.5,0.21,15.6,78.0,0.0,0.0,0.12465516,5,4,6,0,,,,0.3599,0.0,0.0,0.0,0.0
0.21,0.21,0.5,0.21,15.6,78.0,0.0,0.0,0.11781291,5,5,6,0,,,,0.35986668,0.0,0.0,0.0,0.0
0.21,0.21,0.5,0.21,15.6,78.0,16.0,0.0,0.12128384,5,6,6,0,,,,0.3515,0.0,0.0,0.0,8.370833
0.21,0.21,0.5,0.21,16.1,75.0,63.0,0.0,0.121051006,5,7,6,0,,,,0.4815,0.0,0.0,0.0,36.1625
0.21,0.21,0.5,0.21,17.2,70.0,260.0,75.0,0.12131825,5,8,6,0,,,,0.98536664,0.0,0.0,0.0,172.65
0.21,0.21,0.21,0.21,17.2,70.0,477.0,229.0,0.12687275,5,9,6,0,,,,0.66513336,0.0,0.0,0.0,347.51666
0.21,0.5,0.21,0.21,17.8,65.0,786.0,587.0,0.12747413,5,10,6,0,,,,0.28745,0.0,0.0,0.0,502.64584
0.21,0.5,0.21,0.21,19.4,63.0,920.0,722.0,0.13381796,5,11,6,0,,,,0.25001666,0.0,0.0,0.0,619.9708
0.21,0.5,0.21,0.21,20.0,59.0,957.0,684.0,0.13265719,5,12,6,0,,,,0.24353333,0.0,0.0,0.0,687.62915
0.21,0.5,0.21,0.21,20.0,59.0,903.0,542.0,0.1259649,5,13,6,0,,,,0.23901667,0.0,0.0,0.0,740.42084
0.21,0.5,0.21,0.21,19.4,61.0,892.0,716.0,0.122201145,5,14,6,0,,,,0.23778333,0.0,0.0,0.0,744.7125
0.21,0.21,0.21,0.21,18.9,63.0,767.0,710.0,0.1269659,5,15,6,0,,,,0.33775,0.0,0.0,0.0,697.7
0.5,0.21,0.21,0.5,18.3,63.0,599.0,605.0,0.12664288,5,16,6,0,,,,2.1748,0.0,0.0,0.0,618.1375
0.5,0.21,0.21,0.5,17.8,65.0,390.0,489.0,0.13031416,5,17,6,0,,,,0.48155,0.0,0.0,0.0,492.71667
0.5,0.21,0.21,0.5,16.7,70.0,203.0,226.0,0.13001485,5,18,6,0,,,,1.09195,0.0,0.0,0.0,308.3
0.5,0.21,0.21,0.5,16.1,72.0,19.0,92.0,0.13296263,5,19,6,0,,,,1.6264666,0.0,0.0,0.0,24.304167
0.5,0.21,0.21,0.5,16.1,72.0,0.0,0.0,0.13576718,5,20,6,0,,,,1.6011833,0.0,0.0,0.0,0.0
0.21,0.21,0.21,0.21,16.1,78.0,0.0,0.0,0.130372,5,21,6,0,,,,1.4085833,0.0,0.0,0.0,0.0
0.21,0.21,0.21,0.21,15.6,80.0,0.0,0.0,0.12451905,5,22,6,0,,,,2.2917333,0.0,0.0,0.0,0.0
0.21,0.21,0.21,0.21,15.6,78.0,0.0,0.0,0.119758,5,23,6,0,,,,3.3269334,0.0,0.0,0.0,0.0
0.21,0.21,0.21,0.21,16.1,64.0,0.0,0.0,0.110734195,5,24,6,0,,,,3.0515666,0.0,0.0,0.0,0.0
0.21,0.21,0.21,0.21,16.1,70.0,0.0,0.0,0.11601021,5,1,7,0,,,,1.4069333,0.0,0.0,0.0,0.0
0.21,0.21,0.21,0.21,16.1,70.0,0.0,0.0,0.10972998,5,2,7,0,,,,0.24408333,0.0,0.0,0.0,0.0
0.21,0.21,0.21,0.21,16.1,67.0,0.0,0.0,0.10497762,5,3,7,0,,,,0.23668334,0.0,0.0,0.0,0.0
0.21,0.21,0.5,0.21,16.1,67.0,0.0,0.0,0.10400502,5,4,7,0,,,,0.23506667,0.0,0.0,0.0,0.0
0.21,0.21,0.5,0.21,16.7,65.0,0.0,0.0,0.10903585,5,5,7,0,,,,0.23598333,0.0,0.0,0.0,0.0
0.21,0.21,0.5,0.21,16.7,65.0,21.0,0.0,0.109405525,5,6,7,0,,,,0.22993334,0.0,0.0,0.0,10.645833
0.21,0.21,0.5,0.21,17.2,65.0,92.0,0.0,0.11011995,5,7,7,0,,,,2.0110333,0.0,0.0,0.0,38.004166
0.21,0.21,0.5,0.21,17.8,63.0,186.0,11.0,0.1093938,5,8,7,0,,,,0.44751668,0.0,0.0,0.0,172.0375
0.21,0.21,0.21,0.21,17.2,70.0,138.0,0.0,0.11054098,5,9,7,0,,,,1.2203333,0.0,0.0,0.0,344.23334
0.21,0.5,0.21,0.21,17.2,67.0,284.0,24.0,0.11288096,5,10,7,0,,,,1.1738666,0.0,0.0,0.0,492.91666
0.21,0.5,0.21,0.21,17.8,63.0,573.0,161.0,0.11444478,5,11,7,0,,,,2.02085,0.0,0.0,0.0,613.3958
0.21,0.5,0.21,0.21,17.8,65.0,790.0,384.0,0.11214736,5,12,7,0,,,,3.5366,0.0,0.0,0.0,698.25415
0.21,0.5,0.21,0.21,18.9,61.0,587.0,133.0,0.12145251,5,13,7,0,,,,0.8875667,0.0,0.0,0.0,742.3875
0.21,0.5,0.21,0.21,18.9,59.0,584.0,152.0,0.12714292,5,14,7,0,,,,1.3148667,0.0,0.0,0.0,755.8958
0.21,0.21,0.21,0.21,18.3,61.0,477.0,104.0,0.12260601,5,15,7,0,,,,3.9945333,0.0,0.0,0.0,723.25415
0.5,0.21,0.21,0.5,17.8,63.0,390.0,81.0,0.123771526,5,16,7,0,,,,1.6876333,0.0,0.0,0.0,632.42084
0.5,0.21,0.21,0.5,17.2,65.0,273.0,78.0,0.12879938,5,17,7,0,,,,1.7377,0.0,0.0,0.0,497.77917
0.5,0.21,0.21,0.5,17.2,65.0,139.0,31.0,0.126266,5,18,7,0,,,,1.01615,0.0,0.0,0.0,300.6625
0.5,0.21,0.21,0.5,16.7,67.0,14.0,13.0,0.12989423,5,19,7,0,,,,1.2099167,0.0,0.0,0.0,6.4958334
0.5,0.21,0.21,0.5,16.7,65.0,0.0,0.0,0.14168802,5,20,7,0,,,,1.2834834,0.0,0.0,0.0,0.0
0.21,0.21,0.21,0.21,16.7,65.0,0.0,0.0,0.13757998,5,21,7,0,,,,0.89915,0.0,0.0,0.0,0.0
0.21,0.21,0.21,0.21,16.1,64.0,0.0,0.0,0.13129497,5,22,7,0,,,,0.61611664,0.0,0.0,0.0,0.0
0.21,0.21,0.21,0.21,16.1,64.0,0.0,0.0,0.119514264,5,23,7,0,,,,1.7180166,0.0,0.0,0.0,0.0
0.21,0.21,0.21,0.21,16.1,72.0,0.0,0.0,0.10427398,5,24,7,0,,,,0.28265834,0.0,0.0,0.0,0.0
0.21,0.21,0.21,0.21,16.1,64.0,0.0,0.0,0.097097635,5,1,1,0,,,,0.24115,0.0,0.0,0.0,0.0
0.21,0.21,0.21,0.21,16.1,64.0,0.0,0.0,0.09708522,5,2,1,0,,,,0.23896667,0.0,0.0,0.0,0.0
0.21,0.21,0.21,0.21,15.6,67.0,0.0,0.0,0.098534,5,3,1,0,,,,0.23515,0.0,0.0,0.0,0.0
0.21,0.21,0.5,0.21,15.6,67.0,0.0,0.0,0.0990595,5,4,1,0,,,,0.23561667,0.0,0.0,0.0,0.0
0.21,0.21,0.5,0.21,15.6,69.0,0.0,0.0,0.10823803,5,5,1,0,,,,0.23528333,0.0,0.0,0.0,0.0
0.21,0.21,0.5,0.21,15.6,67.0,46.0,30.0,0.12366582,5,6,1,0,,,,0.7953167,0.0,0.0,0.0,11.3375
0.21,0.21,0.5,0.21,15.6,64.0,172.0,82.0,0.13952188,5,7,1,0,,,,0.74633336,0.0,0.0,0.0,39.620834
0.21,0.21,0.5,0.21,16.7,60.0,295.0,98.0,0.14850633,5,8,1,0,,,,0.7126833,0.0,0.0,0.0,172.975
0.21,0.21,0.21,0.21,16.7,60.0,408.0,106.0,0.15262495,5,9,1,0,,,,0.26173332,0.0,0.0,0.0,342.0875
0.21,0.5,0.21,0.21,17.2,58.0,496.0,101.0,0.15762492,5,10,1,0,,,,1.5837166,0.0,0.0,0.0,490.65417
0.21,0.5,0.21,0.21,17.8,56.0,561.0,131.0,0.1555212,5,11,1,0,,,,0.24633333,0.0,0.0,0.0,600.73334
0.21,0.5,0.21,0.21,17.8,58.0,592.0,132.0,0.14982282,5,12,1,0,,,,1.5247,0.0,0.0,0.0,678.7292
0.21,0.5,0.21,0.21,18.3,56.0,587.0,133.0,0.1509519,5,13,1,0,,,,1.1227334,0.0,0.0,0.0,728.48334
0.21,0.5,0.21,0.21,18.9,52.0,545.0,121.0,0.14868194,5,14,1,0,,,,2.3553333,0.0,0.0,0.0,718.5208
0.21,0.21,0.21,0.21,19.4,51.0,652.0,367.0,0.15053831,5,15,1,0,,,,3.07505,0.0,0.0,0.0,693.2875
0.5,0.21,0.21,0.5,18.9,54.0,555.0,480.0,0.14789997,5,16,1,0,,,,2.3658834,0.0,0.0,0.0,600.86664
0.5,0.21,0.21,0.5,18.9,50.0,380.0,437.0,0.14945537,5,17,1,0,,,,1.28245,0.0,0.0,0.0,475.9625
0.5,0.21,0.21,0.5,17.8,63.0,212.0,309.0,0.14801823,5,18,1,0,,,,2.50315,0.0,0.0,0.0,282.90417
0.5,0.21,0.21,0.5,16.7,67.0,22.0,131.0,0.14701945,5,19,1,0,,,,1.48815,0.0,0.0,0.0,30.1125
0.5,0.21,0.21,0.5,16.1,72.0,0.0,0.0,0.14210893,5,20,1,0,,,,1.7875667,0.0,0.0,0.0,0.0
0.21,0.21,0.21,0.21,16.1,72.0,0.0,0.0,0.13964754,5,21,1,0,,,,2.2390833,0.0,0.0,0.0,0.0
0.21,0.21,0.21,0.21,16.7,72.0,0.0,0.0,0.12778741,5,22,1,0,,,,1.10505,0.0,0.0,0.0,0.0
0.21,0.21,0.21,0.21,16.1,72.0,0.0,0.0,0.10992381,5,23,1,0,,,,0.6983333,0.0,0.0,0.0,0.0
0.21,0.21,0.21,0.21,15.6,86.0,0.0,0.0,0.09258745,5,24,1,0,,,,0.32568333,0.0,0.0,0.0,0.0
0.21,0.21,0.21,0.21,16.1,75.0,0.0,0.0,0.09484717,5,1,2,0,,,,0.25488332,0.0,0.0,0.0,0.0
0.21,0.21,0.21,0.21,16.0,77.0,0.0,0.0,0.08639764,5,2,2,0,,,,0.25561666,0.0,0.0,0.0,0.0
0.21,0.21,0.21,0.21,15.6,75.0,0.0,0.0,0.08250259,5,3,2,0,,,,0.24076666,0.0,0.0,0.0,0.0
0.21,0.21,0.5,0.21,15.6,78.0,0.0,0.0,0.08228942,5,4,2,0,,,,0.23893334,0.0,0.0,0.0,0.0
0.21,0.21,0.5,0.21,16.1,81.0,0.0,0.0,0.094574936,5,5,2,0,,,,0.23853333,0.0,0.0,0.0,0.0
0.21,0.21,0.5,0.21,16.0,77.0,22.0,0.0,0.114443354,5,6,2,0,,,,0.39958334,0.0,0.0,0.0,12.404166
0.21,0.21,0.5,0.21,16.1,81.0,76.0,0.0,0.1263395,5,7,2,0,,,,0.7403333,0.0,0.0,0.0,41.066666
0.21,0.21,0.5,0.21,16.1,81.0,133.0,0.0,0.13343817,5,8,2,0,,,,1.42675,0.0,0.0,0.0,171.37917
0.21,0.21,0.21,0.21,16.1,81.0,175.0,0.0,0.13366017,5,9,2,0,,,,0.24515,0.0,0.0,0.0,339.23334
0.21,0.5,0.21,0.21,16.7,78.0,217.0,0.0,0.13679016,5,10,2,0,,,,0.25668332,0.0,0.0,0.0,486.04166
0.21,0.5,0.21,0.21,17.2,75.0,249.0,6.0,0.13819505,5,11,2,0,,,,0.26485,0.0,0.0,0.0,596.7208
0.21,0.5,0.21,0.21,18.3,70.0,257.0,6.0,0.14072105,5,12,2,0,,,,1.6194834,0.0,0.0,0.0,686.35
0.21,0.5,0.21,0.21,19.4,68.0,260.0,6.0,0.1437197,5,13,2,0,,,,3.86685,0.0,0.0,0.0,734.37085
0.21,0.5,0.21,0.21,20.0,61.0,244.0,0.0,0.1440451,5,14,2,0,,,,3.83855,0.0,0.0,0.0,745.54584
0.21,0.21,0.21,0.21,17.8,67.0,208.0,6.0,0.14318706,5,15,2,0,,,,2.87755,0.0,0.0,0.0,709.0625
0.5,0.21,0.21,0.5,17.2,72.0,173.0,0.0,0.14621401,5,16,2,0,,,,2.1420166,0.0,0.0,0.0,618.5375
0.5,0.21,0.21,0.5,17.2,72.0,222.0,33.0,0.15160179,5,17,2,0,,,,0.97356665,0.0,0.0,0.0,473.4375
0.5,0.21,0.21,0.5,16.7,78.0,99.0,0.0,0.14665298,5,18,2,0,,,,0.54765,0.0,0.0,0.0,281.4
0.5,0.21,0.21,0.5,16.1,78.0,11.0,0.0,0.14611873,5,19,2,0,,,,1.0366167,0.0,0.0,0.0,27.904167
0.5,0.21,0.21,0.5,16.1,81.0,0.0,0.0,0.14942437,5,20,2,0,,,,3.0096,0.0,0.0,0.0,0.0
0.21,0.21,0.21,0.21,16.1,83.0,0.0,0.0,0.14077528,5,21,2,0,,,,3.8368332,0.0,0.0,0.0,0.0
0.21,0.21,0.21,0.21,16.1,81.0,0.0,0.0,0.12053666,5,22,2,0,,,,0.8911833,0.0,0.0,0.0,0.0
0.21,0.21,0.21,0.21,15.6,83.0,0.0,0.0,0.10791273,5,23,2,0,,,,0.47826666,0.0,0.0,0.0,0.0
0.21,0.21,0.21,0.21,16.1,87.0,0.0,0.0,0.09724547,5,24,2,0,,,,0.24866667,0.0,0.0,0.0,0.0
0.21,0.21,0.21,0.21,15.6,83.0,0.0,0.0,0.09192684,5,1,3,0,,,,0.244575,0.0,0.0,0.0,0.0
0.21,0.21,0.21,0.21,16.1,83.0,0.0,0.0,0.0903981,5,2,3,0,,,,0.24083333,0.0,0.0,0.0,0.0
0.21,0.21,0.21,0.21,15.0,87.0,0.0,0.0,0.09161265,5,3,3,0,,,,0.2381,0.0,0.0,0.0,0.0
0.21,0.21,0.5,0.21,14.4,87.0,0.0,0.0,0.094093665,5,4,3,0,,,,0.23761667,0.0,0.0,0.0,0.0
0.21,0.21,0.5,0.21,14.4,87.0,0.0,0.0,0.099592835,5,5,3,0,,,,0.25843334,0.0,0.0,0.0,0.0
0.21,0.21,0.5,0.21,15.6,86.0,69.0,226.0,0.11127046,5,6,3,0,,,,0.29303333,0.0,0.0,0.0,21.783333
0.21,0.21,0.5,0.21,17.2,81.0,248.0,452.0,0.12312549,5,7,3,0,,,,0.32705,0.0,0.0,0.0,45.116665
0.21,0.21,0.5,0.21,18.3,76.0,467.0,655.0,0.12948248,5,8,3,0,,,,0.57596666,0.0,0.0,0.0,179.05833
0.21,0.21,0.21,0.21,19.4,70.0,648.0,616.0,0.13482308,5,9,3,0,,,,1.6659833,0.0,0.0,0.0,324.59583
0.21,0.5,0.21,0.21,20.0,68.0,535.0,172.0,0.14012486,5,10,3,0,,,,0.25233334,0.0,0.0,0.0,486.35
0.21,0.5,0.21,0.21,20.0,68.0,753.0,388.0,0.14152503,5,11,3,0,,,,0.26078334,0.0,0.0,0.0,599.1458
0.21,0.5,0.21,0.21,20.0,68.0,796.0,360.0,0.14071596,5,12,3,0,,,,1.8678334,0.0,0.0,0.0,653.82086
0.21,0.5,0.21,0.21,18.9,73.0,278.0,24.0,0.1505283,5,13,3,0,,,,0.49141666,0.0,0.0,0.0,730.25415
0.21,0.5,0.21,0.21,18.3,76.0,852.0,497.0,0.14737739,5,14,3,0,,,,1.8092834,0.0,0.0,0.0,700.5375
0.21,0.21,0.21,0.21,20.0,68.0,443.0,86.0,0.15006159,5,15,3,0,,,,1.8041834,0.0,0.0,0.0,695.94165
0.5,0.21,0.21,0.5,18.9,73.0,605.0,523.0,0.14725694,5,16,3,0,,,,0.99368334,0.0,0.0,0.0,592.5417
0.5,0.21,0.21,0.5,18.3,76.0,411.0,527.0,0.14344847,5,17,3,0,,,,0.3525,0.0,0.0,0.0,501.275
0.5,0.21,0.21,0.5,17.8,78.0,208.0,268.0,0.1351438,5,18,3,0,,,,0.51371664,0.0,0.0,0.0,319.70834
0.5,0.21,0.21,0.5,16.7,84.0,24.0,118.0,0.13085178,5,19,3,0,,,,0.6360833,0.0,0.0,0.0,31.458334
0.5,0.21,0.21,0.5,16.7,84.0,0.0,0.0,0.13440278,5,20,3,0,,,,0.88911664,0.0,0.0,0.0,0.0
0.21,0.21,0.21,0.21,16.7,84.0,0.0,0.0,0.13045704,5,21,3,0,,,,0.83531666,0.0,0.0,0.0,0.0
0.21,0.21,0.21,0.21,16.7,84.0,0.0,0.0,0.11541337,5,22,3,0,,,,0.71286666,0.0,0.0,0.0,0.0
0.21,0.21,0.21,0.21,16.1,87.0,0.0,0.0,0.109691195,5,23,3,0,,,,0.8664,0.0,0.0,0.0,0.0
0.21,0.21,0.21,0.21,17.2,81.0,0.0,0.0,0.09259725,5,24,3,0,,,,1.606875,0.0,0.0,0.0,0.0
0.21,0.21,0.21,0.21,16.1,87.0,0.0,0.0,0.088280596,5,1,4,0,,,,0.52635,0.0,0.0,0.0,0.0
0.21,0.21,0.21,0.21,16.7,86.0,0.0,0.0,0.085589096,5,2,4,0,,,,0.7592667,0.0,0.0,0.0,0.0
0.21,0.21,0.21,0.21,16.7,84.0,0.0,0.0,0.085283384,5,3,4,0,,,,0.72025,0.0,0.0,0.0,0.0
0.21,0.21,0.5,0.21,16.7,84.0,0.0,0.0,0.0905997,5,4,4,0,,,,0.36393332,0.0,0.0,0.0,0.0
0.21,0.21,0.5,0.21,16.7,84.0,0.0,0.0,0.09408371,5,5,4,0,,,,0.3627,0.0,0.0,0.0,0.0
0.21,0.21,0.5,0.21,16.7,84.0,22.0,0.0,0.102453604,5,6,4,0,,,,0.35893333,0.0,0.0,0.0,7.8
0.21,0.21,0.5,0.21,17.2,81.0,76.0,0.0,0.119475104,5,7,4,0,,,,0.8397,0.0,0.0,0.0,72.375
0.21,0.21,0.5,0.21,17.8,78.0,167.0,6.0,0.12582073,5,8,4,0,,,,1.1929166,0.0,0.0,0.0,167.24583
0.21,0.21,0.21,0.21,18.9,73.0,340.0,70.0,0.13036077,5,9,4,0,,,,2.1172166,0.0,0.0,0.0,294.20834
0.21,0.5,0.21,0.21,19.4,70.0,764.0,492.0,0.13664597,5,10,4,0,,,,3.3448834,0.0,0.0,0.0,495.41666
0.21,0.5,0.21,0.21,20.6,65.0,868.0,555.0,0.14268513,5,11,4,0,,,,1.2278666,0.0,0.0,0.0,553.4083
0.21,0.5,0.21,0.21,20.6,65.0,999.0,786.0,0.14120747,5,12,4,0,,,,0.49311668,0.0,0.0,0.0,724.6667
0.21,0.5,0.21,0.21,20.6,65.0,989.0,808.0,0.1366389,5,13,4,0,,,,0.48273334,0.0,0.0,0.0,786.0833
0.21,0.5,0.21,0.21,20.6,65.0,904.0,740.0,0.14150105,5,14,4,0,,,,0.48448333,0.0,0.0,0.0,774.80835
0.21,0.21,0.21,0.21,20.6,65.0,772.0,710.0,0.13982841,5,15,4,0,,,,0.621,0.0,0.0,0.0,727.475
0.5,0.21,0.21,0.5,19.4,68.0,604.0,635.0,0.14189242,5,16,4,0,,,,0.5462667,0.0,0.0,0.0,639.2917
0.5,0.21,0.21,0.5,18.9,70.0,419.0,553.0,0.14168021,5,17,4,0,,,,0.5168333,0.0,0.0,0.0,502.39584
0.5,0.21,0.21,0.5,17.8,75.0,207.0,275.0,0.13768722,5,18,4,0,,,,0.5146667,0.0,0.0,0.0,300.15833
0.5,0.21,0.21,0.5,17.2,81.0,24.0,123.0,0.13225405,5,19,4,0,,,,0.50416666,0.0,0.0,0.0,33.0
0.5,0.21,0.21,0.5,17.2,81.0,0.0,0.0,0.13276583,5,20,4,0,,,,0.72173333,0.0,0.0,0.0,0.0
0.21,0.21,0.21,0.21,17.2,81.0,0.0,0.0,0.12662998,5,21,4,0,,,,1.1187834,0.0,0.0,0.0,0.0
0.21,0.21,0.21,0.21,17.2,84.0,0.0,0.0,0.11236676,5,22,4,0,,,,0.93326664,0.0,0.0,0.0,0.0
0.21,0.21,0.21,0.21,17.2,84.0,0.0,0.0,0.10219811,5,23,4,0,,,,0.76818335,0.0,0.0,0.0,0.0
0.21,0.21,0.21,0.21,16.7,84.0,0.0,0.0,0.09544292,5,24,4,0,,,,0.6127833,0.0,0.0,0.0,0.0
0.21,0.21,0.21,0.21,17.2,81.0,0.0,0.0,0.09259216,5,1,5,0,,,,0.37625,0.0,0.0,0.0,0.0
0.21,0.21,0.21,0.21,17.2,81.0,0.0,0.0,0.0925413,5,2,5,0,,,,0.37283334,0.0,0.0,0.0,0.0
0.21,0.21,0.21,0.21,17.8,78.0,0.0,0.0,0.092751876,5,3,5,0,,,,0.36716667,0.0,0.0,0.0,0.0
0.21,0.21,0.5,0.21,17.2,81.0,0.0,0.0,0.09349242,5,4,5,0,,,,0.36195,0.0,0.0,0.0,0.0
0.21,0.21,0.5,0.21,17.8,78.0,0.0,0.0,0.10057854,5,5,5,0,,,,0.39723334,0.0,0.0,0.0,0.0
0.21,0.21,0.5,0.21,17.8,75.0,22.0,0.0,0.1131725,5,6,5,0,,,,0.3097,0.0,0.0,0.0,8.3625
0.21,0.21,0.5,0.21,18.3,73.0,72.0,0.0,0.12330135,5,7,5,0,,,,0.6196667,0.0,0.0,0.0,62.2
0.21,0.21,0.5,0.21,18.9,70.0,167.0,6.0,0.1314436,5,8,5,0,,,,0.47988334,0.0,0.0,0.0,186.80833
0.21,0.21,0.21,0.21,19.4,70.0,356.0,88.0,0.13133149,5,9,5,0,,,,0.5132833,0.0,0.0,0.0,344.71667
0.21,0.5,0.21,0.21,20.6,68.0,803.0,599.0,0.1341158,5,10,5,0,,,,0.29556668,0.0,0.0,0.0,496.25
0.21,0.5,0.21,0.21,21.7,63.0,938.0,734.0,0.13307479,5,11,5,0,,,,0.28788334,0.0,0.0,0.0,360.57916
0.21,0.5,0.21,0.21,21.7,63.0,909.0,522.0,0.1339716,5,12,5,0,,,,0.48758334,0.0,0.0,0.0,616.5125
0.21,0.5,0.21,0.21,21.1,63.0,884.0,542.0,0.13568339,5,13,5,0,,,,0.47476667,0.0,0.0,0.0,523.7208
0.21,0.5,0.21,0.21,21.1,63.0,910.0,722.0,0.1356931,5,14,5,0,,,,0.36315,0.0,0.0,0.0,769.07916
0.21,0.21,0.21,0.21,20.6,65.0,771.0,710.0,0.13627012,5,15,5,0,,,,0.69666666,0.0,0.0,0.0,687.4
0.5,0.21,0.21,0.5,20.0,68.0,611.0,654.0,0.13514471,5,16,5,0,,,,0.52745,0.0,0.0,0.0,637.70416
0.5,0.21,0.21,0.5,19.4,70.0,418.0,526.0,0.13733591,5,17,5,0,,,,0.3693,0.0,0.0,0.0,492.80417
0.5,0.21,0.21,0.5,17.8,78.0,205.0,266.0,0.13155785,5,18,5,0,,,,0.54873335,0.0,0.0,0.0,292.525
0.5,0.21,0.21,0.5,17.2,81.0,25.0,121.0,0.12825516,5,19,5,0,,,,0.9432833,0.0,0.0,0.0,33.491665
0.5,0.21,0.21,0.5,17.2,81.0,0.0,0.0,0.13026299,5,20,5,0,,,,0.95738333,0.0,0.0,0.0,0.0
0.21,0.21,0.21,0.21,17.2,81.0,0.0,0.0,0.12830146,5,21,5,0,,,,0.7489833,0.0,0.0,0.0,0.0
0.21,0.21,0.21,0.21,17.2,81.0,0.0,0.0,0.122185655,5,22,5,0,,,,0.49846667,0.0,0.0,0.0,0.0
0.21,0.21,0.21,0.21,16.7,84.0,0.0,0.0,0.11690579,5,23,5,0,,,,0.50546664,0.0,0.0,0.0,0.0
0.21,0.21,0.21,0.21,16.1,87.0,0.0,0.0,0.09824596,5,24,5,0,,,,0.52125,0.0,0.0,0.0,0.0
0.21,0.21,0.21,0.21,16.7,80.0,0.0,0.0,0.093827404,5,1,6,0,,,,0.5212167,0.0,0.0,0.0,0.0
0.21,0.21,0.21,0.21,16.7,84.0,0.0,0.0,0.08398978,5,2,6,0,,,,0.52323335,0.0,0.0,0.0,0.0
0.21,0.21,0.21,0.21,16.7,80.0,0.0,0.0,0.08184431,5,3,6,0,,,,0.51736665,0.0,0.0,0.0,0.0
0.21,0.21,0.5,0.21,16.7,84.0,0.0,0.0,0.08662733,5,4,6,0,,,,0.51776665,0.0,0.0,0.0,0.0
0.21,0.21,0.5,0.21,17.2,81.0,0.0,0.0,0.09598557,5,5,6,0,,,,0.5174,0.0,0.0,0.0,0.0
0.21,0.21,0.5,0.21,17.2,81.0,15.0,0.0,0.102491364,5,6,6,0,,,,0.5147333,0.0,0.0,0.0,24.95
0.21,0.21,0.5,0.21,17.2,81.0,76.0,0.0,0.10609706,5,7,6,0,,,,0.52175,0.0,0.0,0.0,54.025
0.21,0.21,0.5,0.21,17.8,78.0,133.0,0.0,0.11454693,5,8,6,0,,,,0.53243333,0.0,0.0,0.0,215.2375
0.21,0.21,0.21,0.21,18.3,76.0,287.0,18.0,0.1170139,5,9,6,0,,,,0.5334333,0.0,0.0,0.0,347.75
0.21,0.5,0.21,0.21,19.4,70.0,424.0,42.0,0.12140787,5,10,6,0,,,,0.5398,0.0,0.0,0.0,480.15417
0.21,0.5,0.21,0.21,20.0,68.0,724.0,292.0,0.12186701,5,11,6,0,,,,0.88458335,0.0,0.0,0.0,627.20416
0.21,0.5,0.21,0.21,20.0,68.0,927.0,546.0,0.1223416,5,12,6,0,,,,0.61331666,0.0,0.0,0.0,708.1125
0.21,0.5,0.21,0.21,20.6,63.0,865.0,512.0,0.12119673,5,13,6,0,,,,0.5430167,0.0,0.0,0.0,750.4125
0.21,0.5,0.21,0.21,20.6,65.0,890.0,673.0,0.1189001,5,14,6,0,,,,0.54285,0.0,0.0,0.0,746.575
0.21,0.21,0.21,0.21,20.0,68.0,764.0,685.0,0.118647434,5,15,6,0,,,,0.53745,0.0,0.0,0.0,710.4625
0.5,0.21,0.21,0.5,19.4,70.0,603.0,592.0,0.118723705,5,16,6,0,,,,0.53353333,0.0,0.0,0.0,630.80414
0.5,0.21,0.21,0.5,18.3,76.0,392.0,455.0,0.119540334,5,17,6,0,,,,0.53085,0.0,0.0,0.0,502.67084
0.5,0.21,0.21,0.5,17.2,81.0,191.0,205.0,0.12522677,5,18,6,0,,,,0.53008336,0.0,0.0,0.0,312.46667
0.5,0.21,0.21,0.5,16.7,84.0,24.0,95.0,0.12165371,5,19,6,0,,,,0.50741667,0.0,0.0,0.0,39.166668
0.5,0.21,0.21,0.5,16.7,84.0,0.0,0.0,0.121831946,5,20,6,0,,,,0.50208336,0.0,0.0,0.0,0.0
0.21,0.21,0.21,0.21,16.1,87.0,0.0,0.0,0.11768257,5,21,6,0,,,,0.5159,0.0,0.0,0.0,0.0
0.21,0.21,0.21,0.21,16.1,87.0,0.0,0.0,0.110299006,5,22,6,0,,,,0.63801664,0.0,0.0,0.0,0.0
0.21,0.21,0.21,0.21,15.6,90.0,0.0,0.0,0.10074812,5,23,6,0,,,,0.7399667,0.0,0.0,0.0,0.0
0.21,0.21,0.21,0.21,15.6,83.0,0.0,0.0,0.08930721,5,24,6,0,,,,0.50530833,0.0,0.0,0.0,0.0
0.21,0.21,0.21,0.21,16.1,87.0,0.0,0.0,0.08712648,5,1,7,0,,,,0.50098336,0.0,0.0,0.0,0.0
0.21,0.21,0.21,0.21,16.7,84.0,0.0,0.0,0.08903605,5,2,7,0,,,,0.50235,0.0,0.0,0.0,0.0
0.21,0.21,0.21,0.21,16.7,84.0,0.0,0.0,0.089622766,5,3,7,0,,,,0.49796668,0.0,0.0,0.0,0.0
0.21,0.21,0.5,0.21,16.7,84.0,0.0,0.0,0.08856914,5,4,7,0,,,,0.7708333,0.0,0.0,0.0,0.0
0.21,0.21,0.5,0.21,16.7,84.0,0.0,0.0,0.09238422,5,5,7,0,,,,0.62943333,0.0,0.0,0.0,0.0
0.21,0.21,0.5,0.21,16.7,84.0,23.0,0.0,0.1051865,5,6,7,0,,,,0.5015333,0.0,0.0,0.0,15.366667
0.21,0.21,0.5,0.21,17.2,81.0,72.0,0.0,0.10285633,5,7,7,0,,,,0.6795833,0.0,0.0,0.0,47.1
0.21,0.21,0.5,0.21,17.8,80.0,138.0,0.0,0.10002484,5,8,7,0,,,,1.0314667,0.0,0.0,0.0,178.97084
0.21,0.21,0.21,0.21,17.2,81.0,191.0,0.0,0.10456586,5,9,7,0,,,,0.85258335,0.0,0.0,0.0,348.15
0.21,0.5,0.21,0.21,17.8,78.0,301.0,12.0,0.10814453,5,10,7,0,,,,0.99825,0.0,0.0,0.0,495.74582
0.21,0.5,0.21,0.21,18.9,75.0,463.0,42.0,0.11053485,5,11,7,0,,,,1.2369833,0.0,0.0,0.0,608.4
0.21,0.5,0.21,0.21,20.6,68.0,538.0,66.0,0.116426356,5,12,7,0,,,,0.84688336,0.0,0.0,0.0,682.95
0.21,0.5,0.21,0.21,20.6,65.0,556.0,102.0,0.11827079,5,13,7,0,,,,1.1427667,0.0,0.0,0.0,731.1375
0.21,0.5,0.21,0.21,20.0,68.0,416.0,24.0,0.11610782,5,14,7,0,,,,3.5790834,0.0,0.0,0.0,734.1125
0.21,0.21,0.21,0.21,19.4,66.0,375.0,24.0,0.11364638,5,15,7,0,,,,1.9888,0.0,0.0,0.0,692.55414
0.5,0.21,0.21,0.5,18.9,68.0,258.0,6.0,0.114619784,5,16,7,0,,,,3.2552166,0.0,0.0,0.0,609.2792
0.5,0.21,0.21,0.5,18.3,76.0,204.0,6.0,0.11204476,5,17,7,0,,,,0.94481665,0.0,0.0,0.0,486.0125
0.5,0.21,0.21,0.5,17.2,75.0,142.0,38.0,0.10880594,5,18,7,0,,,,2.9968834,0.0,0.0,0.0,300.02084
0.5,0.21,0.21,0.5,16.7,78.0,19.0,18.0,0.10684313,5,19,7,0,,,,1.509,0.0,0.0,0.0,39.5125
0.5,0.21,0.21,0.5,16.7,78.0,0.0,0.0,0.10940653,5,20,7,0,,,,2.2614834,0.0,0.0,0.0,0.0
0.21,0.21,0.21,0.21,16.7,80.0,0.0,0.0,0.11364775,5,21,7,0,,,,2.2645333,0.0,0.0,0.0,0.0
0.21,0.21,0.21,0.21,16.7,80.0,0.0,0.0,0.106835485,5,22,7,0,,,,1.9119333,0.0,0.0,0.0,0.0
0.21,0.21,0.21,0.21,16.1,83.0,0.0,0.0,0.10295149,5,23,7,0,,,,2.5160334,0.0,0.0,0.0,0.0
0.21,0.21,0.21,0.21,15.6,78.0,0.0,0.0,0.09291202,5,24,7,0,,,,2.0903168,0.0,0.0,0.0,0.0
0.21,0.21,0.21,0.21,15.6,83.0,0.0,0.0,0.081383474,5,1,1,0,,,,2.6613333,0.0,0.0,0.0,0.0
0.21,0.21,0.21,0.21,15.6,86.0,0.0,0.0,0.077084646,5,2,1,0,,,,0.83246666,0.0,0.0,0.0,0.0
0.21,0.21,0.21,0.21,15.6,86.0,0.0,0.0,0.07621244,5,3,1,0,,,,0.5861,0.0,0.0,0.0,0.0
0.21,0.21,0.5,0.21,16.1,83.0,0.0,0.0,0.07615338,5,4,1,0,,,,0.56423336,0.0,0.0,0.0,0.0
0.21,0.21,0.5,0.21,16.1,83.0,0.0,0.0,0.079887405,5,5,1,0,,,,0.37741667,0.0,0.0,0.0,0.0
0.21,0.21,0.5,0.21,16.1,81.0,13.0,0.0,0.089100346,5,6,1,0,,,,0.37365833,0.0,0.0,0.0,28.347918
0.21,0.21,0.5,0.21,16.7,72.0,55.0,0.0,0.09552366,5,7,1,0,,,,0.4919,0.0,0.0,0.0,48.754166
0.21,0.21,0.5,0.21,16.7,72.0,108.0,0.0,0.09686261,5,8,1,0,,,,1.5842167,0.0,0.0,0.0,181.26666
0.21,0.21,0.21,0.21,16.7,78.0,303.0,23.0,0.10029677,5,9,1,0,,,,0.62338334,0.0,0.0,0.0,347.81668
0.21,0.5,0.21,0.21,17.2,72.0,368.0,24.0,0.10635932,5,10,1,0,,,,0.6465667,0.0,0.0,0.0,457.02917
0.21,0.5,0.21,0.21,17.2,75.0,417.0,36.0,0.11102846,5,11,1,0,,,,2.2302,0.0,0.0,0.0,576.325
0.21,0.5,0.21,0.21,18.3,68.0,443.0,24.0,0.11320687,5,12,1,0,,,,1.1729833,0.0,0.0,0.0,652.9625
0.21,0.5,0.21,0.21,18.9,68.0,513.0,72.0,0.10983448,5,13,1,0,,,,3.1936166,0.0,0.0,0.0,724.3
0.21,0.5,0.21,0.21,20.0,65.0,762.0,394.0,0.10923171,5,14,1,0,,,,3.8122666,0.0,0.0,0.0,730.05835
0.21,0.21,0.21,0.21,20.0,65.0,784.0,685.0,0.1102006,5,15,1,0,,,,4.17125,0.0,0.0,0.0,698.45
0.5,0.21,0.21,0.5,18.9,70.0,609.0,635.0,0.11503265,5,16,1,0,,,,4.017483,0.0,0.0,0.0,478.22083
0.5,0.21,0.21,0.5,17.8,73.0,432.0,558.0,0.11775655,5,17,1,0,,,,3.89725,0.0,0.0,0.0,359.04166
0.5,0.21,0.21,0.5,16.7,75.0,224.0,324.0,0.11849654,5,18,1,0,,,,3.3194168,0.0,0.0,0.0,223.8875
0.5,0.21,0.21,0.5,16.1,78.0,30.0,154.0,0.116831265,5,19,1,0,,,,0.6973,0.0,0.0,0.0,38.333332
0.5,0.21,0.21,0.5,15.6,80.0,0.0,0.0,0.1182214,5,20,1,0,,,,0.7884833,0.0,0.0,0.0,0.0
0.21,0.21,0.21,0.21,15.6,80.0,0.0,0.0,0.111856826,5,21,1,0,,,,0.80645,0.0,0.0,0.0,0.0
0.21,0.21,0.21,0.21,16.1,78.0,0.0,0.0,0.0995721,5,22,1,0,,,,0.56673336,0.0,0.0,0.0,0.0
0.21,0.21,0.21,0.21,15.6,78.0,0.0,0.0,0.0951794,5,23,1,0,,,,0.7209,0.0,0.0,0.0,0.0
0.21,0.21,0.21,0.21,15.6,75.0,0.0,0.0,0.07724357,5,24,1,0,,,,0.768975,0.0,0.0,0.0,0.0
0.21,0.21,0.21,0.21,15.6,75.0,0.0,0.0,0.07858876,5,1,2,0,,,,0.66616666,0.0,0.0,0.0,0.0
0.21,0.21,0.21,0.21,15.6,75.0,0.0,0.0,0.074370444,5,2,2,0,,,,0.58605,0.0,0.0,0.0,0.0
0.21,0.21,0.21,0.21,15.6,75.0,0.0,0.0,0.0728057,5,3,2,0,,,,0.7640333,0.0,0.0,0.0,0.0
0.21,0.21,0.5,0.21,15.6,75.0,0.0,0.0,0.07362638,5,4,2,0,,,,0.38633335,0.0,0.0,0.0,0.0
0.21,0.21,0.5,0.21,15.6,75.0,0.0,0.0,0.08157354,5,5,2,0,,,,0.3923,0.0,0.0,0.0,0.0
0.21,0.21,0.5,0.21,15.6,78.0,49.0,35.0,0.101054154,5,6,2,0,,,,0.38618332,0.0,0.0,0.0,21.370832
0.21,0.21,0.5,0.21,16.1,75.0,131.0,22.0,0.11011236,5,7,2,0,,,,0.35328335,0.0,0.0,0.0,81.104164
0.21,0.21,0.5,0.21,16.7,72.0,281.0,86.0,0.1189787,5,8,2,0,,,,0.30441666,0.0,0.0,0.0,192.06667
0.21,0.21,0.21,0.21,17.2,70.0,553.0,352.0,0.12284248,5,9,2,0,,,,0.29618335,0.0,0.0,0.0,291.30417
0.21,0.5,0.21,0.21,18.3,65.0,798.0,611.0,0.1246513,5,10,2,0,,,,0.2898,0.0,0.0,0.0,464.82916
0.21,0.5,0.21,0.21,18.9,61.0,926.0,728.0,0.12813868,5,11,2,0,,,,0.28546667,0.0,0.0,0.0,595.12915
0.21,0.5,0.21,0.21,19.4,59.0,1005.0,822.0,0.13168377,5,12,2,0,,,,0.29256666,0.0,0.0,0.0,671.95
0.21,0.5,0.21,0.21,19.4,57.0,1001.0,832.0,0.13477667,5,13,2,0,,,,0.76381665,0.0,0.0,0.0,742.25
0.21,0.5,0.21,0.21,18.9,61.0,928.0,812.0,0.13912334,5,14,2,0,,,,0.8664,0.0,0.0,0.0,737.1042
0.21,0.21,0.21,0.21,18.9,59.0,797.0,759.0,0.13893686,5,15,2,0,,,,0.82195,0.0,0.0,0.0,677.93335
0.5,0.21,0.21,0.5,18.3,63.0,623.0,678.0,0.13483144,5,16,2,0,,,,1.1437167,0.0,0.0,0.0,623.85834
0.5,0.21,0.21,0.5,17.8,63.0,431.0,583.0,0.13464524,5,17,2,0,,,,1.3813334,0.0,0.0,0.0,483.17917
0.5,0.21,0.21,0.5,16.7,65.0,222.0,315.0,0.1290147,5,18,2,0,,,,1.1460834,0.0,0.0,0.0,217.41667
0.5,0.21,0.21,0.5,15.6,69.0,31.0,152.0,0.12731618,5,19,2,0,,,,1.1417167,0.0,0.0,0.0,12.445833
0.5,0.21,0.21,0.5,15.6,72.0,0.0,0.0,0.12906562,5,20,2,0,,,,1.1753,0.0,0.0,0.0,0.0
0.21,0.21,0.21,0.21,15.6,72.0,0.0,0.0,0.12613866,5,21,2,0,,,,1.0146667,0.0,0.0,0.0,0.0
0.21,0.21,0.21,0.21,15.6,75.0,0.0,0.0,0.1142084,5,22,2,0,,,,0.72256666,0.0,0.0,0.0,0.0
0.21,0.21,0.21,0.21,15.6,75.0,0.0,0.0,0.10557721,5,23,2,0,,,,0.79503334,0.0,0.0,0.0,0.0
0.21,0.21,0.21,0.22,15.9,80.0,0.0,0.0,0.087634936,5,24,2,0,,,,1.0137917,0.0,0.0,0.0,0.0
0.21,0.21,0.21,0.22,15.6,75.0,0.0,0.0,0.077649884,5,1,3,0,,,,0.72506666,0.0,0.0,0.0,0.0
0.21,0.21,0.21,0.22,15.6,78.0,0.0,0.0,0.075281076,5,2,3,0,,,,0.66116667,0.0,0.0,0.0,0.0
0.21,0.21,0.21,0.22,15.6,75.0,0.0,0.0,0.0766558,5,3,3,0,,,,0.60221666,0.0,0.0,0.0,0.0
0.21,0.21,0.5,0.22,15.0,77.0,0.0,0.0,0.07725413,5,4,3,0,,,,0.5018833,0.0,0.0,0.0,0.0
0.21,0.21,0.5,0.22,15.6,75.0,0.0,0.0,0.08226118,5,5,3,0,,,,0.37805,0.0,0.0,0.0,0.0
0.21,0.21,0.5,0.22,16.1,70.0,31.0,0.0,0.10810652,5,6,3,0,,,,0.513,0.0,0.0,0.0,9.016666
0.21,0.21,0.5,0.22,16.7,67.0,233.0,290.0,0.11657547,5,7,3,0,,,,0.6962,0.0,0.0,0.0,61.145832
0.21,0.21,0.5,0.22,17.2,65.0,473.0,593.0,0.12133871,5,8,3,0,,,,0.41611665,0.0,0.0,0.0,99.854164
0.21,0.21,0.21,0.22,18.3,61.0,664.0,716.0,0.12846453,5,9,3,0,,,,0.28476667,0.0,0.0,0.0,234.20416
0.21,0.5,0.21,0.22,18.6,57.0,842.0,783.0,0.13928066,5,10,3,0,,,,0.2849,0.0,0.0,0.0,326.9875
0.21,0.5,0.21,0.22,20.7,48.0,961.0,835.0,0.1390701,5,11,3,0,,,,0.39115,0.0,0.0,0.0,356.81668
0.21,0.5,0.22,0.22,17.8,60.0,1017.0,846.0,0.14016153,5,12,3,0,,,,0.5255333,0.0,0.0,0.0,495.60416
0.21,0.5,0.22,0.22,17.8,63.0,1007.0,844.0,0.14283663,5,13,3,0,,,,0.51405,0.0,0.0,0.0,511.9625
0.21,0.5,0.22,0.22,17.8,65.0,928.0,782.0,0.1436598,5,14,3,0,,,,0.28968334,0.0,0.0,0.0,421.42917
0.21,0.21,0.22,0.22,17.2,70.0,797.0,752.0,0.14594686,5,15,3,0,,,,0.53068334,0.0,0.0,0.0,292.81668
0.5,0.21,0.22,0.54,16.7,75.0,652.0,691.0,0.14502043,5,16,3,0,,,,0.4981,0.0,0.0,0.0,256.24582
0.5,0.21,0.22,0.54,19.8,83.0,455.0,570.0,0.14695072,5,17,3,0,,,,0.7976,0.0,0.0,0.0,240.52916
0.5,0.22,0.22,0.54,19.4,70.0,256.0,329.0,0.14828,5,18,3,0,,,,0.8620833,0.0,0.0,0.0,67.604164
0.5,0.22,0.22,0.54,16.1,75.0,37.0,161.0,0.15107706,5,19,3,0,,,,1.0257666,0.0,0.0,0.0,26.495832
0.5,0.22,0.22,0.54,16.1,75.0,0.0,0.0,0.15307897,5,20,3,0,,,,1.27015,0.0,0.0,0.0,0.0
0.21,0.22,0.22,0.22,16.1,75.0,0.0,0.0,0.14216377,5,21,3,0,,,,1.23885,0.0,0.0,0.0,0.0
0.21,0.22,0.22,0.22,16.0,80.0,0.0,0.0,0.120009854,5,22,3,0,,,,0.83743334,0.0,0.0,0.0,0.0
0.21,0.22,0.22,0.22,16.0,78.0,0.0,0.0,0.10717664,5,23,3,0,,,,0.43278334,0.0,0.0,0.0,0.0
0.22,0.22,0.22,0.22,16.1,83.0,0.0,0.0,0.09760128,5,24,3,0,,,,0.4304,0.0,0.0,0.0,0.0
0.22,0.22,0.22,0.22,15.8,86.0,0.0,0.0,0.088517025,6,1,4,0,,,,0.40125,0.0,0.0,0.0,0.0
0.22,0.22,0.22,0.22,15.7,86.0,0.0,0.0,0.08647895,6,2,4,0,,,,0.4024,0.0,0.0,0.0,0.0
0.22,0.22,0.22,0.22,15.7,83.0,0.0,0.0,0.086648196,6,3,4,0,,,,0.44645,0.0,0.0,0.0,0.0
0.22,0.22,0.54,0.22,15.6,83.0,0.0,0.0,0.09205245,6,4,4,0,,,,0.46968332,0.0,0.0,0.0,0.0
0.22,0.22,0.54,0.22,15.6,83.0,0.0,0.0,0.09715595,6,5,4,0,,,,0.28588334,0.0,0.0,0.0,0.0
0.22,0.22,0.54,0.22,15.6,83.0,13.0,0.0,0.111869775,6,6,4,0,,,,0.27636668,0.0,0.0,0.0,9.270833
0.22,0.22,0.54,0.22,16.1,81.0,81.0,0.0,0.12777649,6,7,4,0,,,,0.5984333,0.0,0.0,0.0,76.77917
0.22,0.22,0.54,0.22,17.8,73.0,242.0,40.0,0.12869176,6,8,4,0,,,,0.6074333,0.0,0.0,0.0,299.2375
0.22,0.22,0.22,0.22,17.8,75.0,340.0,41.0,0.13592127,6,9,4,0,,,,0.28763333,0.0,0.0,0.0,319.7125
0.22,0.54,0.22,0.22,18.3,73.0,675.0,356.0,0.13685577,6,10,4,0,,,,0.29451665,0.0,0.0,0.0,475.73334
0.22,0.54,0.22,0.22,19.4,68.0,874.0,531.0,0.13853423,6,11,4,0,,,,0.3011,0.0,0.0,0.0,605.94586
0.22,0.54,0.22,0.22,20.0,63.0,1011.0,810.0,0.13903657,6,12,4,0,,,,0.2947,0.0,0.0,0.0,686.1042
0.22,0.54,0.22,0.22,20.0,61.0,1000.0,832.0,0.14243807,6,13,4,0,,,,0.28853333,0.0,0.0,0.0,732.98334
0.22,0.54,0.22,0.22,19.4,63.0,934.0,806.0,0.14135395,6,14,4,0,,,,0.28826666,0.0,0.0,0.0,735.7125
0.22,0.22,0.22,0.22,18.9,70.0,816.0,765.0,0.14316396,6,15,4,0,,,,0.28726667,0.0,0.0,0.0,695.9792
0.54,0.22,0.22,0.54,18.3,73.0,651.0,691.0,0.14418687,6,16,4,0,,,,0.49455,0.0,0.0,0.0,597.24164
0.54,0.22,0.22,0.54,16.7,80.0,462.0,531.0,0.14412802,6,17,4,0,,,,0.66928333,0.0,0.0,0.0,448.20834
0.54,0.22,0.22,0.54,16.1,83.0,219.0,246.0,0.14439958,6,18,4,0,,,,0.6432,0.0,0.0,0.0,248.9875
0.54,0.22,0.22,0.54,16.1,83.0,32.0,122.0,0.14382523,6,19,4,0,,,,0.45393333,0.0,0.0,0.0,33.845833
0.54,0.22,0.22,0.54,15.6,83.0,0.0,0.0,0.14350775,6,20,4,0,,,,0.6286333,0.0,0.0,0.0,0.0
0.22,0.22,0.22,0.22,15.6,83.0,0.0,0.0,0.14350632,6,21,4,0,,,,0.71253335,0.0,0.0,0.0,0.0
0.22,0.22,0.22,0.22,16.1,81.0,0.0,0.0,0.12512137,6,22,4,0,,,,1.1347667,0.0,0.0,0.0,0.0
0.22,0.22,0.22,0.22,16.1,83.0,0.0,0.0,0.10549522,6,23,4,0,,,,1.1029667,0.0,0.0,0.0,0.0
0.22,0.22,0.22,0.22,15.0,83.0,0.0,0.0,0.09606138,6,24,4,0,,,,0.98560834,0.0,0.0,0.0,0.0
0.22,0.22,0.22,0.22,15.6,83.0,0.0,0.0,0.082675256,6,1,5,0,,,,1.7278334,0.0,0.0,0.0,0.0
0.22,0.22,0.22,0.22,15.6,86.0,0.0,0.0,0.08233142,6,2,5,0,,,,0.42656666,0.0,0.0,0.0,0.0
0.22,0.22,0.22,0.22,15.6,80.0,0.0,0.0,0.0833512,6,3,5,0,,,,0.27733332,0.0,0.0,0.0,0.0
0.22,0.22,0.54,0.22,16.1,78.0,0.0,0.0,0.08514163,6,4,5,0,,,,0.2759,0.0,0.0,0.0,0.0
0.22,0.22,0.54,0.22,16.1,78.0,0.0,0.0,0.09319211,6,5,5,0,,,,0.27456668,0.0,0.0,0.0,0.0
0.22,0.22,0.54,0.22,16.7,72.0,13.0,0.0,0.106970616,6,6,5,0,,,,0.2703,0.0,0.0,0.0,18.466667
0.22,0.22,0.54,0.22,16.1,78.0,77.0,0.0,0.11806399,6,7,5,0,,,,0.28101668,0.0,0.0,0.0,52.029167
0.22,0.22,0.54,0.22,16.7,75.0,104.0,0.0,0.121991485,6,8,5,0,,,,0.28636667,0.0,0.0,0.0,175.77916
0.22,0.22,0.22,0.22,17.2,72.0,346.0,70.0,0.13081789,6,9,5,0,,,,0.28251666,0.0,0.0,0.0,336.70416
0.22,0.54,0.22,0.22,18.3,68.0,597.0,261.0,0.1344299,6,10,5,0,,,,0.29268333,0.0,0.0,0.0,477.08334
0.22,0.54,0.22,0.22,19.4,63.0,874.0,537.0,0.13209015,6,11,5,0,,,,0.46256667,0.0,0.0,0.0,593.4583
0.22,0.54,0.22,0.22,19.4,63.0,1010.0,810.0,0.12984756,6,12,5,0,,,,1.9760667,0.0,0.0,0.0,676.1542
0.22,0.54,0.22,0.22,19.4,63.0,1006.0,832.0,0.12888975,6,13,5,0,,,,3.6494334,0.0,0.0,0.0,714.95416
0.22,0.54,0.22,0.22,18.9,65.0,940.0,806.0,0.13152376,6,14,5,0,,,,3.0206332,0.0,0.0,0.0,709.7167
0.22,0.22,0.22,0.22,17.8,75.0,816.0,765.0,0.1335339,6,15,5,0,,,,0.47141665,0.0,0.0,0.0,673.7167
0.54,0.22,0.22,0.4,18.3,70.0,651.0,634.0,0.13373971,6,16,5,0,,,,3.34655,0.0,0.0,0.0,600.01666
0.54,0.22,0.22,0.4,17.8,73.0,388.0,356.0,0.13898699,6,17,5,0,,,,3.1005166,0.0,0.0,0.0,469.5875
0.54,0.22,0.22,0.4,16.1,72.0,229.0,298.0,0.13824396,6,18,5,0,,,,0.57485,0.0,0.0,0.0,283.41666
0.54,0.22,0.22,0.4,15.6,75.0,35.0,149.0,0.13296318,6,19,5,0,,,,0.61628336,0.0,0.0,0.0,38.991665
0.54,0.22,0.22,0.4,15.0,81.0,0.0,0.0,0.12755635,6,20,5,0,,,,0.46911666,0.0,0.0,0.0,0.0
0.22,0.22,0.22,0.22,14.4,87.0,0.0,0.0,0.12099769,6,21,5,0,,,,0.67193335,0.0,0.0,0.0,0.0
0.22,0.22,0.22,0.22,14.4,87.0,0.0,0.0,0.11226315,6,22,5,0,,,,1.8468333,0.0,0.0,0.0,0.0
0.22,0.22,0.22,0.22,14.4,87.0,0.0,0.0,0.10508978,6,23,5,0,,,,1.0101334,0.0,0.0,0.0,0.0
0.22,0.22,0.22,0.22,15.6,83.0,0.0,0.0,0.091016896,6,24,5,0,,,,0.39869165,0.0,0.0,0.0,0.0
0.22,0.22,0.22,0.22,15.0,83.0,0.0,0.0,0.094351925,6,1,6,0,,,,0.34183332,0.0,0.0,0.0,0.0
0.22,0.22,0.22,0.22,15.0,83.0,0.0,0.0,0.09203909,6,2,6,0,,,,0.38173333,0.0,0.0,0.0,0.0
0.22,0.22,0.22,0.22,15.0,81.0,0.0,0.0,0.08825231,6,3,6,0,,,,0.30211666,0.0,0.0,0.0,0.0
0.22,0.22,0.4,0.22,15.0,81.0,0.0,0.0,0.09055558,6,4,6,0,,,,0.23145,0.0,0.0,0.0,0.0
0.22,0.22,0.4,0.22,15.6,75.0,0.0,0.0,0.096609995,6,5,6,0,,,,0.23128334,0.0,0.0,0.0,0.0
0.22,0.22,0.4,0.22,16.1,72.0,16.0,0.0,0.08765743,6,6,6,0,,,,0.22731666,0.0,0.0,0.0,12.420834
0.22,0.22,0.4,0.22,16.1,75.0,123.0,11.0,0.08719353,6,7,6,0,,,,0.25581667,0.0,0.0,0.0,43.991665
0.22,0.22,0.4,0.22,17.2,70.0,267.0,69.0,0.092494495,6,8,6,0,,,,0.46766666,0.0,0.0,0.0,174.3875
0.22,0.22,0.22,0.22,17.2,72.0,521.0,270.0,0.09769109,6,9,6,0,,,,1.9764333,0.0,0.0,0.0,332.55
0.22,0.4,0.22,0.22,17.2,72.0,798.0,599.0,0.098079786,6,10,6,0,,,,1.1162333,0.0,0.0,0.0,482.97916
0.22,0.4,0.22,0.22,19.4,63.0,932.0,740.0,0.09831191,6,11,6,0,,,,0.78216666,0.0,0.0,0.0,593.8
0.22,0.4,0.22,0.22,19.4,61.0,939.0,612.0,0.10031509,6,12,6,0,,,,1.1089,0.0,0.0,0.0,676.2833
0.22,0.4,0.22,0.22,20.0,59.0,926.0,615.0,0.10153204,6,13,6,0,,,,1.143,0.0,0.0,0.0,725.65
0.22,0.4,0.22,0.22,19.4,61.0,857.0,570.0,0.101339236,6,14,6,0,,,,2.0228333,0.0,0.0,0.0,729.5958
0.22,0.22,0.22,0.22,18.9,63.0,816.0,703.0,0.10145235,6,15,6,0,,,,2.6008666,0.0,0.0,0.0,690.42084
0.4,0.22,0.22,0.4,18.9,70.0,614.0,622.0,0.10330617,6,16,6,0,,,,1.6606,0.0,0.0,0.0,609.8542
0.4,0.22,0.22,0.4,18.3,70.0,428.0,530.0,0.120356,6,17,6,0,,,,2.3690166,0.0,0.0,0.0,481.68332
0.4,0.22,0.22,0.4,17.2,75.0,239.0,327.0,0.1236722,6,18,6,0,,,,1.707,0.0,0.0,0.0,303.29166
0.4,0.22,0.22,0.4,16.7,78.0,37.0,165.0,0.11583012,6,19,6,0,,,,1.7083666,0.0,0.0,0.0,47.383335
0.4,0.22,0.22,0.4,16.1,81.0,0.0,0.0,0.114459224,6,20,6,0,,,,0.81493336,0.0,0.0,0.0,0.0
0.22,0.22,0.22,0.22,15.6,83.0,0.0,0.0,0.11622495,6,21,6,0,,,,1.4132667,0.0,0.0,0.0,0.0
0.22,0.22,0.22,0.22,15.6,83.0,0.0,0.0,0.10454189,6,22,6,0,,,,0.65035,0.0,0.0,0.0,0.0
0.22,0.22,0.22,0.22,15.6,83.0,0.0,0.0,0.09744886,6,23,6,0,,,,0.90545,0.0,0.0,0.0,0.0
0.22,0.22,0.22,0.22,16.1,90.0,0.0,0.0,0.09108789,6,24,6,0,,,,3.2336082,0.0,0.0,0.0,0.0
0.22,0.22,0.22,0.22,15.0,87.0,0.0,0.0,0.08284861,6,1,7,0,,,,2.9206166,0.0,0.0,0.0,0.0
0.22,0.22,0.22,0.22,15.0,87.0,0.0,0.0,0.078297295,6,2,7,0,,,,3.1219666,0.0,0.0,0.0,0.0
0.22,0.22,0.22,0.22,15.0,90.0,0.0,0.0,0.07927208,6,3,7,0,,,,1.47465,0.0,0.0,0.0,0.0
0.22,0.22,0.4,0.22,15.0,90.0,0.0,0.0,0.08025203,6,4,7,0,,,,1.1189166,0.0,0.0,0.0,0.0
0.22,0.22,0.4,0.22,15.0,90.0,0.0,0.0,0.08108125,6,5,7,0,,,,0.49241668,0.0,0.0,0.0,0.0
0.22,0.22,0.4,0.22,15.6,86.0,29.0,0.0,0.08139323,6,6,7,0,,,,1.0472333,0.0,0.0,0.0,15.0125
0.22,0.22,0.4,0.22,16.7,80.0,234.0,274.0,0.08819677,6,7,7,0,,,,0.30963334,0.0,0.0,0.0,46.1125
0.22,0.22,0.4,0.22,17.8,75.0,444.0,489.0,0.09222095,6,8,7,0,,,,0.2391,0.0,0.0,0.0,171.7
0.22,0.22,0.22,0.22,18.3,76.0,633.0,581.0,0.097053304,6,9,7,0,,,,0.23645,0.0,0.0,0.0,331.16666
0.22,0.4,0.22,0.22,18.3,76.0,803.0,688.0,0.10027516,6,10,7,0,,,,2.91155,0.0,0.0,0.0,474.74582
0.22,0.4,0.22,0.22,19.4,70.0,909.0,680.0,0.10706212,6,11,7,0,,,,2.4779832,0.0,0.0,0.0,589.025
0.22,0.4,0.22,0.22,19.4,70.0,1004.0,798.0,0.10775616,6,12,7,0,,,,2.6596,0.0,0.0,0.0,668.775
0.22,0.4,0.22,0.22,20.0,68.0,1006.0,832.0,0.11013095,6,13,7,0,,,,1.8041,0.0,0.0,0.0,681.68335
0.22,0.4,0.22,0.22,20.0,68.0,934.0,758.0,0.11398387,6,14,7,0,,,,0.48,0.0,0.0,0.0,669.1042
0.22,0.22,0.22,0.22,18.9,73.0,742.0,520.0,0.11945333,6,15,7,0,,,,0.47321665,0.0,0.0,0.0,695.875
0.4,0.22,0.22,0.54,18.3,78.0,471.0,236.0,0.1222076,6,16,7,0,,,,0.4724,0.0,0.0,0.0,605.62915
0.4,0.22,0.22,0.54,17.8,80.0,403.0,381.0,0.12895153,6,17,7,0,,,,0.30328333,0.0,0.0,0.0,464.16666
0.4,0.22,0.22,0.54,16.7,86.0,261.0,267.0,0.1319987,6,18,7,0,,,,0.72118336,0.0,0.0,0.0,279.15833
0.4,0.22,0.22,0.54,16.1,90.0,42.0,136.0,0.13217613,6,19,7,0,,,,0.74085,0.0,0.0,0.0,41.241665
0.4,0.22,0.22,0.54,16.1,90.0,0.0,0.0,0.13552225,6,20,7,0,,,,0.62238336,0.0,0.0,0.0,0.0
0.22,0.22,0.22,0.22,16.1,90.0,0.0,0.0,0.13507408,6,21,7,0,,,,0.6911833,0.0,0.0,0.0,0.0
0.22,0.22,0.22,0.22,16.1,90.0,0.0,0.0,0.120532036,6,22,7,0,,,,0.6698667,0.0,0.0,0.0,0.0
0.22,0.22,0.22,0.22,15.6,93.0,0.0,0.0,0.11583545,6,23,7,0,,,,2.2296,0.0,0.0,0.0,0.0
0.22,0.22,0.22,0.22,17.2,90.0,0.0,0.0,0.103858806,6,24,7,0,,,,1.2131333,0.0,0.0,0.0,0.0
0.22,0.22,0.22,0.22,16.1,90.0,0.0,0.0,0.10366296,6,1,1,0,,,,2.5640333,0.0,0.0,0.0,0.0
0.22,0.22,0.22,0.22,15.0,96.0,0.0,0.0,0.095553786,6,2,1,0,,,,0.32993335,0.0,0.0,0.0,0.0
0.22,0.22,0.22,0.22,15.0,96.0,0.0,0.0,0.093107745,6,3,1,0,,,,0.34121665,0.0,0.0,0.0,0.0
0.22,0.22,0.54,0.22,15.0,96.0,0.0,0.0,0.0988332,6,4,1,0,,,,0.37526667,0.0,0.0,0.0,0.0
0.22,0.22,0.54,0.22,15.6,93.0,0.0,0.0,0.10777356,6,5,1,0,,,,0.36393332,0.0,0.0,0.0,0.0
0.22,0.22,0.54,0.22,15.6,93.0,40.0,9.0,0.12643886,6,6,1,0,,,,0.35995,0.0,0.0,0.0,13.729167
0.22,0.22,0.54,0.22,16.1,90.0,187.0,137.0,0.13348077,6,7,1,0,,,,0.67975,0.0,0.0,0.0,44.754166
0.22,0.22,0.54,0.22,18.3,78.0,494.0,535.0,0.13844289,6,8,1,0,,,,0.619,0.0,0.0,0.0,172.73334
0.22,0.22,0.22,0.22,20.6,73.0,537.0,311.0,0.14965881,6,9,1,0,,,,1.8939333,0.0,0.0,0.0,336.7125
0.22,0.54,0.22,0.22,20.6,73.0,435.0,77.0,0.15169093,6,10,1,0,,,,0.28863335,0.0,0.0,0.0,482.40417
0.22,0.54,0.22,0.22,19.4,79.0,700.0,286.0,0.15562615,6,11,1,0,,,,0.3146,0.0,0.0,0.0,599.80414
0.22,0.54,0.22,0.22,20.6,73.0,819.0,438.0,0.15885322,6,12,1,0,,,,0.24963333,0.0,0.0,0.0,678.57916
0.22,0.54,0.22,0.22,20.0,76.0,747.0,301.0,0.15835899,6,13,1,0,,,,0.2444,0.0,0.0,0.0,715.9167
0.22,0.54,0.22,0.22,20.0,76.0,620.0,188.0,0.15813802,6,14,1,0,,,,0.24396667,0.0,0.0,0.0,723.24164
0.22,0.22,0.22,0.22,19.4,79.0,595.0,238.0,0.15810242,6,15,1,0,,,,0.56761664,0.0,0.0,0.0,692.12085
0.54,0.22,0.22,0.54,18.9,81.0,585.0,504.0,0.15425342,6,16,1,0,,,,0.5312333,0.0,0.0,0.0,617.9125
0.54,0.22,0.22,0.54,18.3,87.0,362.0,310.0,0.15273996,6,17,1,0,,,,1.4273666,0.0,0.0,0.0,493.97083
0.54,0.22,0.22,0.54,18.0,88.0,203.0,185.0,0.15399885,6,18,1,0,,,,1.5639167,0.0,0.0,0.0,320.49582
0.54,0.22,0.22,0.54,17.2,90.0,0.0,0.0,0.1512854,6,19,1,0,,,,0.9715667,0.0,0.0,0.0,0.0
0.54,0.22,0.22,0.54,17.2,90.0,0.0,0.0,0.14923064,6,20,1,0,,,,1.1942166,0.0,0.0,0.0,0.0
0.22,0.22,0.22,0.22,17.2,90.0,0.0,0.0,0.13954598,6,21,1,0,,,,1.0188,0.0,0.0,0.0,0.0
0.22,0.22,0.22,0.22,17.2,90.0,0.0,0.0,0.12313305,6,22,1,0,,,,2.2853832,0.0,0.0,0.0,0.0
0.22,0.22,0.22,0.22,17.8,90.0,0.0,0.0,0.11447141,6,23,1,0,,,,1.3817166,0.0,0.0,0.0,0.0
0.22,0.22,0.22,0.22,17.2,90.0,0.0,0.0,0.10107797,6,24,1,0,,,,2.7600167,0.0,0.0,0.0,0.0
0.22,0.22,0.22,0.22,17.2,90.0,0.0,0.0,0.08449158,6,1,2,0,,,,0.4194,0.0,0.0,0.0,0.0
0.22,0.22,0.22,0.22,16.7,93.0,0.0,0.0,0.08297616,6,2,2,0,,,,0.38045,0.0,0.0,0.0,0.0
0.22,0.22,0.22,0.22,16.7,93.0,0.0,0.0,0.08362067,6,3,2,0,,,,0.37158334,0.0,0.0,0.0,0.0
0.22,0.22,0.54,0.22,16.7,93.0,0.0,0.0,0.08430766,6,4,2,0,,,,0.36871666,0.0,0.0,0.0,0.0
0.22,0.22,0.54,0.22,17.2,90.0,0.0,0.0,0.09155236,6,5,2,0,,,,0.36858332,0.0,0.0,0.0,0.0
0.22,0.22,0.54,0.22,17.2,90.0,29.0,0.0,0.10324019,6,6,2,0,,,,0.36356667,0.0,0.0,0.0,29.845833
0.22,0.22,0.54,0.22,18.3,84.0,226.0,230.0,0.11502749,6,7,2,0,,,,0.6392,0.0,0.0,0.0,72.88333
0.22,0.22,0.54,0.22,20.0,78.0,449.0,483.0,0.13045207,6,8,2,0,,,,0.5815333,0.0,0.0,0.0,170.9125
0.22,0.22,0.22,0.22,20.0,78.0,489.0,247.0,0.1372773,6,9,2,0,,,,0.29125,0.0,0.0,0.0,341.30832
0.22,0.54,0.22,0.22,20.0,76.0,446.0,77.0,0.14011467,6,10,2,0,,,,0.30105,0.0,0.0,0.0,477.45416
0.22,0.54,0.22,0.22,20.0,78.0,538.0,84.0,0.14638038,6,11,2,0,,,,0.46735,0.0,0.0,0.0,591.3625
0.22,0.54,0.22,0.22,20.6,73.0,544.0,90.0,0.14430445,6,12,2,0,,,,0.6141,0.0,0.0,0.0,667.8625
0.22,0.54,0.22,0.22,20.0,76.0,537.0,90.0,0.1422519,6,13,2,0,,,,2.9723334,0.0,0.0,0.0,723.57086
0.22,0.54,0.22,0.22,19.4,81.0,511.0,79.0,0.13558002,6,14,2,0,,,,0.24866667,0.0,0.0,0.0,722.15
0.22,0.22,0.22,0.22,19.4,81.0,434.0,67.0,0.13319501,6,15,2,0,,,,0.24835,0.0,0.0,0.0,688.30835
0.54,0.22,0.22,0.54,18.9,81.0,378.0,93.0,0.13534592,6,16,2,0,,,,0.24698333,0.0,0.0,0.0,617.68335
0.54,0.22,0.22,0.54,18.3,87.0,282.0,84.0,0.13756047,6,17,2,0,,,,0.88893336,0.0,0.0,0.0,457.8625
0.54,0.22,0.22,0.54,17.8,87.0,179.0,81.0,0.13812087,6,18,2,0,,,,1.0330833,0.0,0.0,0.0,282.32916
0.54,0.22,0.22,0.54,17.2,90.0,0.0,0.0,0.13595796,6,19,2,0,,,,0.42238337,0.0,0.0,0.0,0.0
0.54,0.22,0.22,0.54,17.2,90.0,0.0,0.0,0.13970971,6,20,2,0,,,,0.70806664,0.0,0.0,0.0,0.0
0.22,0.22,0.22,0.22,17.2,90.0,0.0,0.0,0.12776516,6,21,2,0,,,,0.7101333,0.0,0.0,0.0,0.0
0.22,0.22,0.22,0.22,17.8,87.0,0.0,0.0,0.1175611,6,22,2,0,,,,1.8257333,0.0,0.0,0.0,0.0
0.22,0.22,0.22,0.22,17.8,87.0,0.0,0.0,0.11174682,6,23,2,0,,,,0.79656667,0.0,0.0,0.0,0.0
0.22,0.22,0.22,0.22,17.8,84.0,0.0,0.0,0.103050016,6,24,2,0,,,,1.1608167,0.0,0.0,0.0,0.0
0.22,0.22,0.22,0.22,16.7,90.0,0.0,0.0,0.09327662,6,1,3,0,,,,2.1053333,0.0,0.0,0.0,0.0
0.22,0.22,0.22,0.22,16.7,93.0,0.0,0.0,0.09315505,6,2,3,0,,,,0.501,0.0,0.0,0.0,0.0
0.22,0.22,0.22,0.22,16.7,90.0,0.0,0.0,0.09278819,6,3,3,0,,,,0.37598333,0.0,0.0,0.0,0.0
0.22,0.22,0.54,0.22,17.2,87.0,0.0,0.0,0.09341981,6,4,3,0,,,,0.37001666,0.0,0.0,0.0,0.0
0.22,0.22,0.54,0.22,17.2,87.0,0.0,0.0,0.09887561,6,5,3,0,,,,0.36573333,0.0,0.0,0.0,0.0
0.22,0.22,0.54,0.22,17.2,87.0,13.0,0.0,0.111057855,6,6,3,0,,,,0.35678333,0.0,0.0,0.0,17.1125
0.22,0.22,0.54,0.22,17.2,87.0,64.0,0.0,0.12678301,6,7,3,0,,,,0.28628334,0.0,0.0,0.0,78.2375
0.22,0.22,0.54,0.22,17.2,87.0,123.0,0.0,0.13124564,6,8,3,0,,,,0.2838,0.0,0.0,0.0,157.50417
0.22,0.22,0.22,0.22,17.2,87.0,149.0,0.0,0.1309783,6,9,3,0,,,,0.28275,0.0,0.0,0.0,319.41666
0.22,0.54,0.22,0.22,17.2,87.0,173.0,6.0,0.12885073,6,10,3,0,,,,0.2906,0.0,0.0,0.0,469.125
0.22,0.54,0.22,0.22,17.8,84.0,399.0,36.0,0.12863293,6,11,3,0,,,,0.39478335,0.0,0.0,0.0,592.48334
0.22,0.54,0.22,0.22,18.9,78.0,317.0,30.0,0.12860289,6,12,3,0,,,,1.1761833,0.0,0.0,0.0,678.67914
0.22,0.54,0.22,0.22,21.7,66.0,888.0,494.0,0.13216552,6,13,3,0,,,,1.8917834,0.0,0.0,0.0,721.42084
0.22,0.54,0.22,0.22,21.1,68.0,907.0,691.0,0.13689399,6,14,3,0,,,,0.64175,0.0,0.0,0.0,718.1125
0.22,0.22,0.22,0.22,20.6,70.0,768.0,648.0,0.13713075,6,15,3,0,,,,2.2371666,0.0,0.0,0.0,687.1625
0.54,0.22,0.22,0.54,20.0,73.0,656.0,634.0,0.13892017,6,16,3,0,,,,1.5162166,0.0,0.0,0.0,590.17914
0.54,0.22,0.22,0.54,18.9,78.0,450.0,574.0,0.13868934,6,17,3,0,,,,1.5651333,0.0,0.0,0.0,494.70834
0.54,0.22,0.22,0.54,18.3,81.0,256.0,346.0,0.14368962,6,18,3,0,,,,1.1349,0.0,0.0,0.0,309.75833
0.54,0.22,0.22,0.54,18.0,83.0,0.0,0.0,0.13732104,6,19,3,0,,,,1.6622167,0.0,0.0,0.0,0.0
0.54,0.22,0.22,0.54,17.8,87.0,0.0,0.0,0.134989,6,20,3,0,,,,0.73216665,0.0,0.0,0.0,0.0
0.22,0.22,0.22,0.22,17.8,87.0,0.0,0.0,0.1324427,6,21,3,0,,,,1.3529167,0.0,0.0,0.0,0.0
0.22,0.22,0.22,0.22,17.8,84.0,0.0,0.0,0.10939947,6,22,3,0,,,,1.4336333,0.0,0.0,0.0,0.0
0.22,0.22,0.22,0.22,17.8,84.0,0.0,0.0,0.10163254,6,23,3,0,,,,2.44175,0.0,0.0,0.0,0.0
0.22,0.22,0.22,0.22,16.1,70.0,0.0,0.0,0.09483246,6,24,3,0,,,,0.47879165,0.0,0.0,0.0,0.0
0.22,0.22,0.22,0.22,17.8,84.0,0.0,0.0,0.081054926,6,1,4,0,,,,0.42216668,0.0,0.0,0.0,0.0
0.22,0.22,0.22,0.22,17.8,78.0,0.0,0.0,0.077696525,6,2,4,0,,,,0.36705,0.0,0.0,0.0,0.0
0.22,0.22,0.22,0.22,17.8,75.0,0.0,0.0,0.076695174,6,3,4,0,,,,0.3509,0.0,0.0,0.0,0.0
0.22,0.22,0.54,0.22,17.2,78.0,0.0,0.0,0.082869396,6,4,4,0,,,,0.34628335,0.0,0.0,0.0,0.0
0.22,0.22,0.54,0.22,17.2,78.0,0.0,0.0,0.09298148,6,5,4,0,,,,0.34153333,0.0,0.0,0.0,0.0
0.22,0.22,0.54,0.22,16.7,80.0,13.0,0.0,0.11964297,6,6,4,0,,,,0.33971667,0.0,0.0,0.0,24.695833
0.22,0.22,0.54,0.22,16.7,80.0,47.0,0.0,0.13621493,6,7,4,0,,,,0.30808333,0.0,0.0,0.0,85.770836
0.22,0.22,0.54,0.22,17.2,78.0,94.0,0.0,0.14578734,6,8,4,0,,,,0.84036666,0.0,0.0,0.0,133.58333
0.22,0.22,0.22,0.22,17.8,75.0,303.0,23.0,0.15045917,6,9,4,0,,,,1.1156334,0.0,0.0,0.0,140.9125
0.22,0.54,0.22,0.22,19.4,68.0,346.0,18.0,0.15296096,6,10,4,0,,,,0.8348917,0.0,0.0,0.0,394.31042
0.22,0.54,0.22,0.22,18.9,70.0,376.0,18.0,0.15422532,6,11,4,0,,,,0.51848334,0.0,0.0,0.0,598.30414
0.22,0.54,0.22,0.22,19.4,68.0,466.0,78.0,0.15522078,6,12,4,0,,,,0.45370668,0.0,0.0,0.0,678.5233
0.22,0.54,0.22,0.22,20.6,65.0,802.0,380.0,0.15615527,6,13,4,0,,,,0.75126666,0.0,0.0,0.0,720.2875
0.22,0.54,0.22,0.22,20.6,65.0,939.0,721.0,0.15681915,6,14,4,0,,,,0.42541668,0.0,0.0,0.0,716.73334
0.22,0.22,0.22,0.22,20.6,63.0,821.0,770.0,0.15865974,6,15,4,0,,,,0.5254,0.0,0.0,0.0,688.54584
0.54,0.22,0.22,0.54,20.0,68.0,648.0,559.0,0.1613151,6,16,4,0,,,,0.42255,0.0,0.0,0.0,611.2292
0.54,0.22,0.22,0.54,18.3,78.0,249.0,58.0,0.15781638,6,17,4,0,,,,1.7326167,0.0,0.0,0.0,396.67917
0.54,0.22,0.22,0.54,17.8,84.0,166.0,73.0,0.15542664,6,18,4,0,,,,0.47012332,0.0,0.0,0.0,289.11166
0.54,0.22,0.22,0.54,17.2,84.0,0.0,0.0,0.15347241,6,19,4,0,,,,0.5405834,0.0,0.0,0.0,0.0
0.54,0.22,0.22,0.54,17.2,84.0,0.0,0.0,0.1525465,6,20,4,0,,,,0.8273,0.0,0.0,0.0,0.0
0.22,0.22,0.22,0.22,17.2,72.0,0.0,0.0,0.15569897,6,21,4,0,,,,1.0595334,0.0,0.0,0.0,0.0
0.22,0.22,0.22,0.22,16.7,75.0,0.0,0.0,0.13061547,6,22,4,0,,,,1.1227167,0.0,0.0,0.0,0.0
0.22,0.22,0.22,0.22,16.1,72.0,0.0,0.0,0.11946508,6,23,4,0,,,,0.75761664,0.0,0.0,0.0,0.0
0.22,0.22,0.22,0.22,16.7,80.0,0.0,0.0,0.117502086,6,24,4,0,,,,1.4229916,0.0,0.0,0.0,0.0
0.22,0.22,0.22,0.22,16.1,70.0,0.0,0.0,0.1064331,6,1,5,0,,,,0.46261665,0.0,0.0,0.0,0.0
0.22,0.22,0.22,0.22,16.1,72.0,0.0,0.0,0.10736142,6,2,5,0,,,,0.45861667,0.0,0.0,0.0,0.0
0.22,0.22,0.22,0.22,16.1,67.0,0.0,0.0,0.10152387,6,3,5,0,,,,0.44826666,0.0,0.0,0.0,0.0
0.22,0.22,0.54,0.22,16.1,72.0,0.0,0.0,0.100561425,6,4,5,0,,,,0.44535,0.0,0.0,0.0,0.0
0.22,0.22,0.54,0.22,15.6,78.0,0.0,0.0,0.10406342,6,5,5,0,,,,0.44681665,0.0,0.0,0.0,0.0
0.22,0.22,0.54,0.22,16.1,75.0,32.0,0.0,0.11795482,6,6,5,0,,,,0.43765,0.0,0.0,0.0,27.283333
0.22,0.22,0.54,0.22,16.1,75.0,73.0,0.0,0.1269673,6,7,5,0,,,,0.76145,0.0,0.0,0.0,89.9375
0.22,0.22,0.54,0.22,17.2,70.0,168.0,12.0,0.14328775,6,8,5,0,,,,0.6536833,0.0,0.0,0.0,166.80417
0.22,0.22,0.22,0.22,17.2,70.0,510.0,252.0,0.14713639,6,9,5,0,,,,0.36751667,0.0,0.0,0.0,317.29166
0.22,0.54,0.22,0.22,19.4,61.0,848.0,723.0,0.15054975,6,10,5,0,,,,0.47742084,0.0,0.0,0.0,462.80106
0.22,0.54,0.22,0.22,20.6,57.0,955.0,823.0,0.15362293,6,11,5,0,,,,0.37886667,0.0,0.0,0.0,577.39166
0.22,0.54,0.22,0.22,21.1,57.0,1010.0,833.0,0.15466687,6,12,5,0,,,,0.37475,0.0,0.0,0.0,659.3625
0.22,0.54,0.22,0.22,20.6,59.0,1005.0,765.0,0.15301208,6,13,5,0,,,,0.37496668,0.0,0.0,0.0,717.0625
0.22,0.54,0.22,0.22,19.4,68.0,690.0,255.0,0.15521638,6,14,5,0,,,,0.47036666,0.0,0.0,0.0,725.2708
0.22,0.22,0.22,0.22,19.4,68.0,808.0,672.0,0.15632644,6,15,5,0,,,,1.9729167,0.0,0.0,0.0,675.93335
0.54,0.22,0.22,0.4,18.3,73.0,634.0,671.0,0.15828627,6,16,5,0,,,,0.56661665,0.0,0.0,0.0,596.31665
0.54,0.22,0.22,0.4,18.3,73.0,425.0,497.0,0.1546846,6,17,5,0,,,,2.0578,0.0,0.0,0.0,462.07083
0.54,0.22,0.22,0.4,17.8,75.0,243.0,344.0,0.15517151,6,18,5,0,,,,1.6357334,0.0,0.0,0.0,281.22083
0.54,0.22,0.22,0.4,17.2,78.0,0.0,0.0,0.15071104,6,19,5,0,,,,0.77631664,0.0,0.0,0.0,0.0
0.54,0.22,0.22,0.4,17.2,78.0,0.0,0.0,0.147801,6,20,5,0,,,,0.298,0.0,0.0,0.0,0.0
0.22,0.22,0.22,0.22,16.7,80.0,0.0,0.0,0.14744213,6,21,5,0,,,,0.31281668,0.0,0.0,0.0,0.0
0.22,0.22,0.22,0.22,16.7,80.0,0.0,0.0,0.13583867,6,22,5,0,,,,0.33715,0.0,0.0,0.0,0.0
0.22,0.22,0.22,0.22,16.7,84.0,0.0,0.0,0.12469649,6,23,5,0,,,,0.34021667,0.0,0.0,0.0,0.0
0.22,0.22,0.22,0.22,16.7,72.0,0.0,0.0,0.11749663,6,24,5,0,,,,0.35606667,0.0,0.0,0.0,0.0
0.22,0.22,0.22,0.22,16.7,80.0,0.0,0.0,0.10815031,6,1,6,0,,,,0.35808334,0.0,0.0,0.0,0.0
0.22,0.22,0.22,0.22,16.7,80.0,0.0,0.0,0.10553292,6,2,6,0,,,,0.4629,0.0,0.0,0.0,0.0
0.22,0.22,0.22,0.22,16.7,78.0,0.0,0.0,0.10627001,6,3,6,0,,,,0.47115,0.0,0.0,0.0,0.0
0.22,0.22,0.4,0.22,16.7,75.0,0.0,0.0,0.106394984,6,4,6,0,,,,0.45043334,0.0,0.0,0.0,0.0
0.22,0.22,0.4,0.22,16.7,75.0,0.0,0.0,0.10704646,6,5,6,0,,,,0.45023334,0.0,0.0,0.0,0.0
0.22,0.22,0.4,0.22,16.7,75.0,13.0,0.0,0.11182163,6,6,6,0,,,,0.44388333,0.0,0.0,0.0,29.858334
0.22,0.22,0.4,0.22,16.7,78.0,77.0,0.0,0.12137048,6,7,6,0,,,,2.1998167,0.0,0.0,0.0,94.92083
0.22,0.22,0.4,0.22,17.8,70.0,237.0,52.0,0.12830974,6,8,6,0,,,,0.41021666,0.0,0.0,0.0,144.84584
0.22,0.22,0.22,0.22,18.9,65.0,542.0,323.0,0.14274432,6,9,6,0,,,,0.41301668,0.0,0.0,0.0,420.93332
0.22,0.4,0.22,0.22,20.0,61.0,831.0,700.0,0.15268177,6,10,6,0,,,,0.46098334,0.0,0.0,0.0,272.54166
0.22,0.4,0.22,0.22,20.6,61.0,955.0,776.0,0.16490161,6,11,6,0,,,,0.7587,0.0,0.0,0.0,272.12918
0.22,0.4,0.22,0.22,20.6,59.0,896.0,546.0,0.16853671,6,12,6,0,,,,2.4724,0.0,0.0,0.0,607.75
0.22,0.4,0.22,0.22,20.6,57.0,888.0,548.0,0.17107922,6,13,6,0,,,,2.20225,0.0,0.0,0.0,653.79584
0.22,0.4,0.22,0.22,20.6,57.0,901.0,679.0,0.17039585,6,14,6,0,,,,1.2645833,0.0,0.0,0.0,630.82086
0.22,0.22,0.22,0.22,20.0,61.0,821.0,709.0,0.17328627,6,15,6,0,,,,1.80845,0.0,0.0,0.0,546.975
0.4,0.22,0.22,0.4,20.0,63.0,612.0,559.0,0.17625968,6,16,6,0,,,,1.0362834,0.0,0.0,0.0,609.9167
0.4,0.22,0.22,0.4,18.9,68.0,472.0,567.0,0.17753883,6,17,6,0,,,,1.13215,0.0,0.0,0.0,507.06668
0.4,0.22,0.22,0.4,17.8,73.0,275.0,351.0,0.17549555,6,18,6,0,,,,1.0887834,0.0,0.0,0.0,204.9625
0.4,0.22,0.22,0.4,17.2,75.0,0.0,0.0,0.17750569,6,19,6,0,,,,1.0436333,0.0,0.0,0.0,0.0
0.4,0.22,0.22,0.4,17.2,78.0,0.0,0.0,0.17833225,6,20,6,0,,,,1.1849166,0.0,0.0,0.0,0.0
0.22,0.22,0.22,0.22,17.0,77.0,0.0,0.0,0.16978693,6,21,6,0,,,,1.57655,0.0,0.0,0.0,0.0
0.22,0.22,0.22,0.22,17.2,78.0,0.0,0.0,0.15067221,6,22,6,0,,,,1.76775,0.0,0.0,0.0,0.0
0.22,0.22,0.22,0.22,17.0,77.0,0.0,0.0,0.14654581,6,23,6,0,,,,1.6152,0.0,0.0,0.0,0.0
0.22,0.22,0.22,0.22,16.1,83.0,0.0,0.0,0.13343391,6,24,6,0,,,,0.954575,0.0,0.0,0.0,0.0
0.22,0.22,0.22,0.22,16.1,78.0,0.0,0.0,0.12454019,6,1,7,0,,,,0.45871666,0.0,0.0,0.0,0.0
0.22,0.22,0.22,0.22,15.6,83.0,0.0,0.0,0.121841654,6,2,7,0,,,,0.46005,0.0,0.0,0.0,0.0
0.22,0.22,0.22,0.22,15.6,80.0,0.0,0.0,0.12072727,6,3,7,0,,,,0.44908333,0.0,0.0,0.0,0.0
0.22,0.22,0.4,0.22,15.6,80.0,0.0,0.0,0.121211044,6,4,7,0,,,,0.44576666,0.0,0.0,0.0,0.0
0.22,0.22,0.4,0.22,16.1,75.0,0.0,0.0,0.13229927,6,5,7,0,,,,0.44993332,0.0,0.0,0.0,0.0
0.22,0.22,0.4,0.22,16.7,72.0,45.0,31.0,0.13492389,6,6,7,0,,,,0.44038334,0.0,0.0,0.0,4.304167
0.22,0.22,0.4,0.22,16.7,72.0,55.0,0.0,0.14020568,6,7,7,0,,,,0.44641668,0.0,0.0,0.0,62.883335
0.22,0.22,0.4,0.22,17.2,70.0,173.0,6.0,0.1486043,6,8,7,0,,,,0.44953334,0.0,0.0,0.0,86.9
0.22,0.22,0.22,0.22,17.2,72.0,255.0,12.0,0.1501961,6,9,7,0,,,,0.5466833,0.0,0.0,0.0,179.17084
0.22,0.4,0.22,0.22,17.8,70.0,296.0,12.0,0.15474512,6,10,7,0,,,,0.6302,0.0,0.0,0.0,156.98334
0.22,0.4,0.22,0.22,18.3,70.0,590.0,179.0,0.15989158,6,11,7,0,,,,0.37058333,0.0,0.0,0.0,380.9125
0.22,0.4,0.22,0.22,19.4,68.0,896.0,546.0,0.16710393,6,12,7,0,,,,0.37756667,0.0,0.0,0.0,534.2208
0.22,0.4,0.22,0.22,20.0,65.0,962.0,681.0,0.17355236,6,13,7,0,,,,0.44846666,0.0,0.0,0.0,263.2125
0.22,0.4,0.22,0.22,20.6,59.0,945.0,782.0,0.17956679,6,14,7,0,,,,0.55088335,0.0,0.0,0.0,252.31667
0.22,0.22,0.22,0.22,20.6,61.0,827.0,770.0,0.18379639,6,15,7,0,,,,0.6835167,0.0,0.0,0.0,440.31668
0.4,0.22,0.22,0.54,20.0,61.0,662.0,696.0,0.18833628,6,16,7,0,,,,0.96398336,0.0,0.0,0.0,478.89584
0.4,0.22,0.22,0.54,18.9,68.0,472.0,580.0,0.19210805,6,17,7,0,,,,1.03075,0.0,0.0,0.0,530.86664
0.4,0.22,0.22,0.54,18.3,73.0,274.0,351.0,0.1957071,6,18,7,0,,,,0.64585,0.0,0.0,0.0,322.0875
0.4,0.22,0.22,0.54,17.2,75.0,0.0,0.0,0.19557066,6,19,7,0,,,,0.20168336,0.0,0.0,0.0,0.0
0.4,0.22,0.22,0.54,16.7,78.0,0.0,0.0,0.19570161,6,20,7,0,,,,0.63125,0.0,0.0,0.0,0.0
0.22,0.22,0.22,0.22,16.7,78.0,0.0,0.0,0.1961814,6,21,7,0,,,,0.92511666,0.0,0.0,0.0,0.0
0.22,0.22,0.22,0.22,16.7,80.0,0.0,0.0,0.17980304,6,22,7,0,,,,0.91613334,0.0,0.0,0.0,0.0
0.22,0.22,0.22,0.22,16.1,83.0,0.0,0.0,0.17281742,6,23,7,0,,,,0.74315,0.0,0.0,0.0,0.0
0.22,0.22,0.22,0.22,16.1,87.0,0.0,0.0,0.17567039,6,24,7,0,,,,0.46199167,0.0,0.0,0.0,0.0
0.22,0.22,0.22,0.22,16.7,80.0,0.0,0.0,0.17177019,6,1,1,0,,,,0.46355,0.0,0.0,0.0,0.0
0.22,0.22,0.22,0.22,16.1,83.0,0.0,0.0,0.16343026,6,2,1,0,,,,0.46065834,0.0,0.0,0.0,0.0
0.22,0.22,0.22,0.22,16.1,81.0,0.0,0.0,0.16047597,6,3,1,0,,,,0.4507,0.0,0.0,0.0,0.0
0.22,0.22,0.54,0.22,16.1,81.0,0.0,0.0,0.16467714,6,4,1,0,,,,0.4452,0.0,0.0,0.0,0.0
0.22,0.22,0.54,0.22,16.1,81.0,0.0,0.0,0.16900611,6,5,1,0,,,,0.44063333,0.0,0.0,0.0,0.0
0.22,0.22,0.54,0.22,16.7,78.0,29.0,0.0,0.17842449,6,6,1,0,,,,0.4471,0.0,0.0,0.0,24.966667
0.22,0.22,0.54,0.22,17.2,75.0,90.0,0.0,0.19004145,6,7,1,0,,,,0.80375,0.0,0.0,0.0,94.066666
0.22,0.22,0.54,0.22,17.8,73.0,178.0,12.0,0.19637808,6,8,1,0,,,,0.49945,0.0,0.0,0.0,207.575
0.22,0.22,0.22,0.22,18.3,70.0,462.0,217.0,0.21689315,6,9,1,0,,,,0.36986667,0.0,0.0,0.0,365.99582
0.22,0.54,0.22,0.22,19.4,66.0,825.0,682.0,0.22723776,6,10,1,0,,,,0.46138334,0.0,0.0,0.0,519.01666
0.22,0.54,0.22,0.22,20.0,63.0,914.0,686.0,0.23965321,6,11,1,0,,,,0.37321666,0.0,0.0,0.0,628.93335
0.22,0.54,0.22,0.22,20.6,63.0,1010.0,803.0,0.2437636,6,12,1,0,,,,0.37891668,0.0,0.0,0.0,728.0625
0.22,0.54,0.22,0.22,20.6,63.0,1005.0,831.0,0.24829043,6,13,1,0,,,,0.46903333,0.0,0.0,0.0,762.0958
0.22,0.54,0.22,0.22,20.6,63.0,945.0,812.0,0.25206244,6,14,1,0,,,,0.7004167,0.0,0.0,0.0,760.3
0.22,0.22,0.22,0.22,20.0,65.0,827.0,770.0,0.2539257,6,15,1,0,,,,0.8911667,0.0,0.0,0.0,720.17914
0.54,0.22,0.22,0.54,19.4,68.0,661.0,677.0,0.255368,6,16,1,0,,,,0.37413332,0.0,0.0,0.0,635.57086
0.54,0.22,0.22,0.54,18.9,70.0,455.0,548.0,0.2553706,6,17,1,0,,,,0.37371665,0.0,0.0,0.0,502.95
0.54,0.22,0.22,0.54,17.8,75.0,229.0,262.0,0.2550235,6,18,1,0,,,,0.46458334,0.0,0.0,0.0,316.27917
0.54,0.22,0.22,0.54,17.2,78.0,0.0,0.0,0.25148693,6,19,1,0,,,,0.59870005,0.0,0.0,0.0,0.0
0.54,0.22,0.22,0.54,17.2,81.0,0.0,0.0,0.2528604,6,20,1,0,,,,0.8595333,0.0,0.0,0.0,0.0
0.22,0.22,0.22,0.22,16.7,86.0,0.0,0.0,0.24969032,6,21,1,0,,,,1.4134834,0.0,0.0,0.0,0.0
0.22,0.22,0.22,0.22,16.7,86.0,0.0,0.0,0.2344917,6,22,1,0,,,,1.4373167,0.0,0.0,0.0,0.0
0.22,0.22,0.22,0.22,16.7,86.0,0.0,0.0,0.21944307,6,23,1,0,,,,0.90821666,0.0,0.0,0.0,0.0
0.22,0.22,0.22,0.22,16.7,84.0,0.0,0.0,0.20790583,6,24,1,0,,,,0.7789083,0.0,0.0,0.0,0.0
0.22,0.22,0.22,0.22,16.0,88.0,0.0,0.0,0.19937134,6,1,2,0,,,,0.81558335,0.0,0.0,0.0,0.0
0.22,0.22,0.22,0.22,16.1,87.0,0.0,0.0,0.19591263,6,2,2,0,,,,0.81885,0.0,0.0,0.0,0.0
0.22,0.22,0.22,0.22,16.1,83.0,0.0,0.0,0.1949913,6,3,2,0,,,,0.63278335,0.0,0.0,0.0,0.0
0.22,0.22,0.54,0.22,16.1,87.0,0.0,0.0,0.19824503,6,4,2,0,,,,0.4538,0.0,0.0,0.0,0.0
0.22,0.22,0.54,0.22,16.1,87.0,0.0,0.0,0.2004636,6,5,2,0,,,,0.80158335,0.0,0.0,0.0,0.0
0.22,0.22,0.54,0.22,16.7,80.0,21.0,0.0,0.21290009,6,6,2,0,,,,0.53585,0.0,0.0,0.0,13.545834
0.22,0.22,0.54,0.22,17.2,78.0,132.0,22.0,0.2212273,6,7,2,0,,,,0.44583333,0.0,0.0,0.0,45.725
0.22,0.22,0.54,0.22,17.8,75.0,267.0,81.0,0.23258112,6,8,2,0,,,,0.66438335,0.0,0.0,0.0,185.64583
0.22,0.22,0.22,0.22,18.3,73.0,686.0,622.0,0.24834366,6,9,2,0,,,,0.77288336,0.0,0.0,0.0,358.65833
0.22,0.54,0.22,0.22,20.0,65.0,848.0,800.0,0.25752586,6,10,2,0,,,,0.49306667,0.0,0.0,0.0,511.11667
0.22,0.54,0.22,0.22,20.0,68.0,949.0,811.0,0.26372427,6,11,2,0,,,,0.37521666,0.0,0.0,0.0,624.7292
0.22,0.54,0.22,0.22,20.0,68.0,1009.0,833.0,0.26837164,6,12,2,0,,,,0.42035,0.0,0.0,0.0,704.2625
0.22,0.54,0.22,0.22,20.0,65.0,1005.0,831.0,0.2737769,6,13,2,0,,,,0.3346,0.0,0.0,0.0,750.5
0.22,0.54,0.22,0.22,20.0,68.0,932.0,806.0,0.27573818,6,14,2,0,,,,0.32345,0.0,0.0,0.0,749.4375
0.22,0.22,0.22,0.22,20.0,68.0,820.0,770.0,0.27643377,6,15,2,0,,,,0.32071668,0.0,0.0,0.0,709.1667
0.54,0.22,0.22,0.54,20.0,70.0,668.0,640.0,0.28022698,6,16,2,0,,,,1.1534,0.0,0.0,0.0,628.7833
0.54,0.22,0.22,0.54,18.9,75.0,431.0,489.0,0.27859446,6,17,2,0,,,,1.6126125,0.0,0.0,0.0,500.7469
0.54,0.22,0.22,0.54,18.3,76.0,239.0,313.0,0.2758093,6,18,2,0,,,,1.5771166,0.0,0.0,0.0,319.07083
0.54,0.22,0.22,0.54,17.2,81.0,0.0,0.0,0.28179622,6,19,2,0,,,,1.0909168,0.0,0.0,0.0,0.0
0.54,0.22,0.22,0.54,17.2,81.0,0.0,0.0,0.27288863,6,20,2,0,,,,1.4188833,0.0,0.0,0.0,0.0
0.22,0.22,0.22,0.22,17.2,81.0,0.0,0.0,0.27140698,6,21,2,0,,,,1.3292167,0.0,0.0,0.0,0.0
0.22,0.22,0.22,0.22,16.7,84.0,0.0,0.0,0.2549665,6,22,2,0,,,,1.6213167,0.0,0.0,0.0,0.0
0.22,0.22,0.22,0.22,16.7,84.0,0.0,0.0,0.228453,6,23,2,0,,,,1.8677,0.0,0.0,0.0,0.0
0.22,0.22,0.22,0.22,17.2,90.0,0.0,0.0,0.20960294,6,24,2,0,,,,1.1685,0.0,0.0,0.0,0.0
0.22,0.22,0.22,0.22,16.1,87.0,0.0,0.0,0.19585443,6,1,3,0,,,,1.1030333,0.0,0.0,0.0,0.0
0.22,0.22,0.22,0.22,15.6,90.0,0.0,0.0,0.18419644,6,2,3,0,,,,1.1319166,0.0,0.0,0.0,0.0
0.22,0.22,0.22,0.22,15.6,86.0,0.0,0.0,0.1787523,6,3,3,0,,,,0.6536833,0.0,0.0,0.0,0.0
0.22,0.22,0.54,0.22,15.6,90.0,0.0,0.0,0.18283774,6,4,3,0,,,,0.38523334,0.0,0.0,0.0,0.0
0.22,0.22,0.54,0.22,15.6,90.0,0.0,0.0,0.18212152,6,5,3,0,,,,0.35888332,0.0,0.0,0.0,0.0
0.22,0.22,0.54,0.22,16.1,87.0,32.0,0.0,0.19590452,6,6,3,0,,,,0.35046667,0.0,0.0,0.0,13.504167
0.22,0.22,0.54,0.22,18.0,77.0,209.0,186.0,0.19553621,6,7,3,0,,,,0.35656667,0.0,0.0,0.0,43.966667
0.22,0.22,0.54,0.22,18.9,73.0,449.0,472.0,0.20250107,6,8,3,0,,,,0.6599917,0.0,0.0,0.0,181.19583
0.22,0.22,0.22,0.22,19.4,70.0,638.0,599.0,0.20740627,6,9,3,0,,,,0.69545,0.0,0.0,0.0,348.98334
0.22,0.54,0.22,0.22,20.0,68.0,825.0,741.0,0.2193633,6,10,3,0,,,,0.37385,0.0,0.0,0.0,497.69583
0.22,0.54,0.22,0.22,20.6,65.0,902.0,632.0,0.22351018,6,11,3,0,,,,0.38173333,0.0,0.0,0.0,610.82086
0.22,0.54,0.22,0.22,21.1,66.0,1009.0,803.0,0.22420348,6,12,3,0,,,,0.34765,0.0,0.0,0.0,694.0292
0.22,0.54,0.22,0.22,21.7,66.0,1005.0,831.0,0.22727698,6,13,3,0,,,,0.32358333,0.0,0.0,0.0,739.7792
0.22,0.54,0.22,0.22,21.1,68.0,932.0,794.0,0.23761144,6,14,3,0,,,,0.45768332,0.0,0.0,0.0,750.5917
0.22,0.22,0.22,0.22,21.1,68.0,800.0,709.0,0.24257371,6,15,3,0,,,,0.55051666,0.0,0.0,0.0,719.15
0.54,0.22,0.22,0.54,20.6,73.0,632.0,639.0,0.24218601,6,16,3,0,,,,0.34961668,0.0,0.0,0.0,630.8375
0.54,0.22,0.22,0.54,20.0,73.0,438.0,521.0,0.23972934,6,17,3,0,,,,0.46576667,0.0,0.0,0.0,500.48334
0.54,0.22,0.22,0.54,18.9,81.0,249.0,342.0,0.23811711,6,18,3,0,,,,1.2533667,0.0,0.0,0.0,324.60416
0.54,0.22,0.22,0.54,17.8,80.0,0.0,0.0,0.23191321,6,19,3,0,,,,2.6200333,0.0,0.0,0.0,0.0
0.54,0.22,0.22,0.54,17.2,81.0,0.0,0.0,0.22087228,6,20,3,0,,,,3.5837166,0.0,0.0,0.0,0.0
0.22,0.22,0.22,0.22,17.2,81.0,0.0,0.0,0.21654756,6,21,3,0,,,,2.54625,0.0,0.0,0.0,0.0
0.22,0.22,0.22,0.22,17.2,84.0,0.0,0.0,0.19766779,6,22,3,0,,,,0.6275,0.0,0.0,0.0,0.0
0.22,0.22,0.22,0.22,17.2,90.0,0.0,0.0,0.17890006,6,23,3,0,,,,2.72935,0.0,0.0,0.0,0.0
0.22,0.22,0.22,0.22,17.2,93.0,0.0,0.0,0.17590202,6,24,3,0,,,,1.475175,0.0,0.0,0.0,0.0
0.22,0.22,0.22,0.22,17.2,90.0,0.0,0.0,0.15609297,6,1,4,0,,,,0.69515,0.0,0.0,0.0,0.0
0.22,0.22,0.22,0.22,16.7,93.0,0.0,0.0,0.14917572,6,2,4,0,,,,0.47741,0.0,0.0,0.0,0.0
0.22,0.22,0.22,0.22,16.7,90.0,0.0,0.0,0.1449032,6,3,4,0,,,,0.45151666,0.0,0.0,0.0,0.0
0.22,0.22,0.54,0.22,16.1,90.0,0.0,0.0,0.14719467,6,4,4,0,,,,0.44985,0.0,0.0,0.0,0.0
0.22,0.22,0.54,0.22,15.6,93.0,0.0,0.0,0.15281013,6,5,4,0,,,,0.44786668,0.0,0.0,0.0,0.0
0.22,0.22,0.54,0.22,16.7,90.0,64.0,130.0,0.16430627,6,6,4,0,,,,0.43533334,0.0,0.0,0.0,12.470834
0.22,0.22,0.54,0.22,18.3,84.0,252.0,361.0,0.17305116,6,7,4,0,,,,0.41736665,0.0,0.0,0.0,42.375
0.22,0.22,0.54,0.22,20.6,70.0,464.0,581.0,0.1766771,6,8,4,0,,,,0.42325,0.0,0.0,0.0,178.50833
0.22,0.22,0.22,0.22,22.2,66.0,664.0,693.0,0.18690023,6,9,4,0,,,,1.5923166,0.0,0.0,0.0,347.27084
0.22,0.54,0.22,0.22,22.2,66.0,842.0,777.0,0.19530514,6,10,4,0,,,,0.99555,0.0,0.0,0.0,493.56668
0.22,0.54,0.22,0.22,22.8,64.0,919.0,686.0,0.20386238,6,11,4,0,,,,1.78425,0.0,0.0,0.0,606.42084
0.22,0.54,0.22,0.22,22.8,64.0,914.0,546.0,0.20052461,6,12,4,0,,,,2.2046168,0.0,0.0,0.0,687.87085
0.22,0.54,0.22,0.22,22.2,66.0,924.0,596.0,0.20686172,6,13,4,0,,,,2.6375167,0.0,0.0,0.0,730.17084
0.22,0.54,0.22,0.22,22.2,64.0,919.0,745.0,0.21196,6,14,4,0,,,,2.08575,0.0,0.0,0.0,735.12085
0.22,0.22,0.22,0.22,22.2,66.0,806.0,727.0,0.2136462,6,15,4,0,,,,3.1607332,0.0,0.0,0.0,711.36664
0.54,0.22,0.22,0.54,21.7,66.0,604.0,553.0,0.21397492,6,16,4,0,,,,2.8352,0.0,0.0,0.0,633.375
0.54,0.22,0.22,0.54,20.6,75.0,430.0,502.0,0.20507318,6,17,4,0,,,,2.8716166,0.0,0.0,0.0,504.34167
0.54,0.22,0.22,0.54,20.0,73.0,249.0,341.0,0.20254312,6,18,4,0,,,,3.80345,0.0,0.0,0.0,327.41043
0.54,0.22,0.22,0.54,19.4,70.0,0.0,0.0,0.19508179,6,19,4,0,,,,2.6912,0.0,0.0,0.0,0.0
0.54,0.22,0.22,0.54,18.3,84.0,0.0,0.0,0.19121075,6,20,4,0,,,,3.77675,0.0,0.0,0.0,0.0
0.22,0.22,0.22,0.22,17.8,87.0,0.0,0.0,0.18733399,6,21,4,0,,,,3.0925667,0.0,0.0,0.0,0.0
0.22,0.22,0.22,0.22,17.8,90.0,0.0,0.0,0.1749836,6,22,4,0,,,,2.4953334,0.0,0.0,0.0,0.0
0.22,0.22,0.22,0.22,17.2,90.0,0.0,0.0,0.15773581,6,23,4,0,,,,1.8770833,0.0,0.0,0.0,0.0
0.22,0.22,0.22,0.22,18.3,87.0,0.0,0.0,0.14278577,6,24,4,0,,,,3.4358666,0.0,0.0,0.0,0.0
0.22,0.22,0.22,0.22,17.2,93.0,0.0,0.0,0.14269485,6,1,5,0,,,,1.96685,0.0,0.0,0.0,0.0
0.22,0.22,0.22,0.22,17.2,90.0,0.0,0.0,0.14165579,6,2,5,0,,,,0.33366665,0.0,0.0,0.0,0.0
0.22,0.22,0.22,0.22,17.2,90.0,0.0,0.0,0.14347665,6,3,5,0,,,,0.32613334,0.0,0.0,0.0,0.0
0.22,0.22,0.54,0.22,16.1,93.0,0.0,0.0,0.14922911,6,4,5,0,,,,0.32141668,0.0,0.0,0.0,0.0
0.22,0.22,0.54,0.22,17.2,90.0,0.0,0.0,0.13975714,6,5,5,0,,,,0.3241,0.0,0.0,0.0,0.0
0.22,0.22,0.54,0.22,17.8,87.0,66.0,153.0,0.1537334,6,6,5,0,,,,0.7569,0.0,0.0,0.0,13.170834
0.22,0.22,0.54,0.22,18.9,81.0,260.0,438.0,0.16157508,6,7,5,0,,,,2.0768,0.0,0.0,0.0,43.625
0.22,0.22,0.54,0.22,21.1,66.0,469.0,616.0,0.17613785,6,8,5,0,,,,0.32866666,0.0,0.0,0.0,177.49167
0.22,0.22,0.22,0.22,23.9,54.0,659.0,675.0,0.19152784,6,9,5,0,,,,1.2123834,0.0,0.0,0.0,343.44168
0.22,0.54,0.22,0.22,22.8,66.0,842.0,777.0,0.20159559,6,10,5,0,,,,1.1248833,0.0,0.0,0.0,484.27917
0.22,0.54,0.22,0.22,22.8,68.0,937.0,788.0,0.20262046,6,11,5,0,,,,1.06225,0.0,0.0,0.0,594.79584
0.22,0.54,0.22,0.22,22.2,71.0,1003.0,821.0,0.20926717,6,12,5,0,,,,1.71175,0.0,0.0,0.0,679.8125
0.22,0.54,0.22,0.22,22.2,71.0,1004.0,831.0,0.21252102,6,13,5,0,,,,2.7802,0.0,0.0,0.0,723.4
0.22,0.54,0.22,0.22,22.8,66.0,919.0,745.0,0.21270785,6,14,5,0,,,,2.8769166,0.0,0.0,0.0,732.55414
0.22,0.22,0.22,0.22,22.2,68.0,780.0,672.0,0.21478723,6,15,5,0,,,,3.3633833,0.0,0.0,0.0,702.99585
0.54,0.22,0.22,0.4,22.8,64.0,625.0,639.0,0.21512398,6,16,5,0,,,,2.8914833,0.0,0.0,0.0,623.62085
0.54,0.22,0.22,0.4,22.2,64.0,454.0,579.0,0.21616608,6,17,5,0,,,,3.5507333,0.0,0.0,0.0,497.2875
0.54,0.22,0.22,0.4,21.1,73.0,248.0,334.0,0.20818423,6,18,5,0,,,,2.6352167,0.0,0.0,0.0,316.07083
0.54,0.22,0.22,0.4,20.0,81.0,0.0,0.0,0.19717504,6,19,5,0,,,,1.6338333,0.0,0.0,0.0,0.0
0.54,0.22,0.22,0.4,18.9,90.0,0.0,0.0,0.19131361,6,20,5,0,,,,2.1317334,0.0,0.0,0.0,0.0
0.22,0.22,0.22,0.22,18.3,93.0,0.0,0.0,0.18175143,6,21,5,0,,,,2.4384,0.0,0.0,0.0,0.0
0.22,0.22,0.22,0.22,18.3,93.0,0.0,0.0,0.1656613,6,22,5,0,,,,2.43975,0.0,0.0,0.0,0.0
0.22,0.22,0.22,0.22,17.8,90.0,0.0,0.0,0.15449846,6,23,5,0,,,,2.2448168,0.0,0.0,0.0,0.0
0.22,0.22,0.22,0.22,17.8,87.0,0.0,0.0,0.14781113,6,24,5,0,,,,4.0175,0.0,0.0,0.0,0.0
0.22,0.22,0.22,0.22,17.8,93.0,0.0,0.0,0.14218049,6,1,6,0,,,,4.6859,0.0,0.0,0.0,0.0
0.22,0.22,0.22,0.22,17.8,90.0,0.0,0.0,0.13418256,6,2,6,0,,,,4.05005,0.0,0.0,0.0,0.0
0.22,0.22,0.22,0.22,16.7,93.0,0.0,0.0,0.12851593,6,3,6,0,,,,2.4723,0.0,0.0,0.0,0.0
0.22,0.22,0.4,0.22,17.2,90.0,0.0,0.0,0.13012978,6,4,6,0,,,,3.2458,0.0,0.0,0.0,0.0
0.22,0.22,0.4,0.22,17.2,87.0,0.0,0.0,0.13972263,6,5,6,0,,,,0.61766666,0.0,0.0,0.0,0.0
0.22,0.22,0.4,0.22,17.2,87.0,24.0,0.0,0.13835391,6,6,6,0,,,,2.0180833,0.0,0.0,0.0,13.233334
0.22,0.22,0.4,0.22,18.3,81.0,153.0,60.0,0.13886641,6,7,6,0,,,,0.73015,0.0,0.0,0.0,43.208332
0.22,0.22,0.4,0.22,20.0,73.0,434.0,466.0,0.15169753,6,8,6,0,,,,2.1568832,0.0,0.0,0.0,176.675
0.22,0.22,0.22,0.22,20.6,73.0,616.0,546.0,0.17145336,6,9,6,0,,,,1.2699167,0.0,0.0,0.0,342.24167
0.22,0.4,0.22,0.22,21.1,71.0,803.0,646.0,0.17707421,6,10,6,0,,,,2.5481834,0.0,0.0,0.0,488.9125
0.22,0.4,0.22,0.22,21.7,70.0,954.0,799.0,0.18134734,6,11,6,0,,,,1.7358,0.0,0.0,0.0,598.49585
0.22,0.4,0.22,0.22,21.7,68.0,1009.0,833.0,0.19152245,6,12,6,0,,,,3.0268834,0.0,0.0,0.0,677.32916
0.22,0.4,0.22,0.22,22.2,68.0,1004.0,831.0,0.19505808,6,13,6,0,,,,3.6631334,0.0,0.0,0.0,719.5917
0.22,0.4,0.22,0.22,22.2,68.0,944.0,782.0,0.19305275,6,14,6,0,,,,4.32125,0.0,0.0,0.0,726.3625
0.22,0.22,0.22,0.22,21.7,70.0,793.0,648.0,0.1946704,6,15,6,0,,,,4.4591665,0.0,0.0,0.0,702.9125
0.4,0.22,0.22,0.4,20.6,78.0,667.0,677.0,0.19478548,6,16,6,0,,,,0.66431665,0.0,0.0,0.0,621.0333
0.4,0.22,0.22,0.4,20.6,78.0,477.0,585.0,0.19633545,6,17,6,0,,,,0.2777,0.0,0.0,0.0,486.175
0.4,0.22,0.22,0.4,19.4,81.0,279.0,362.0,0.19665483,6,18,6,0,,,,0.73255,0.0,0.0,0.0,321.29166
0.4,0.22,0.22,0.4,18.3,87.0,0.0,0.0,0.19202657,6,19,6,0,,,,0.80086666,0.0,0.0,0.0,0.0
0.4,0.22,0.22,0.4,18.3,87.0,0.0,0.0,0.19161755,6,20,6,0,,,,1.2447,0.0,0.0,0.0,0.0
0.22,0.22,0.22,0.22,18.3,87.0,0.0,0.0,0.18711294,6,21,6,0,,,,1.5617,0.0,0.0,0.0,0.0
0.22,0.22,0.22,0.22,18.3,87.0,0.0,0.0,0.17706019,6,22,6,0,,,,1.7427334,0.0,0.0,0.0,0.0
0.22,0.22,0.22,0.22,17.8,87.0,0.0,0.0,0.16094136,6,23,6,0,,,,3.0192,0.0,0.0,0.0,0.0
0.22,0.22,0.22,0.22,18.3,90.0,0.0,0.0,0.15343861,6,24,6,0,,,,4.71805,0.0,0.0,0.0,0.0
0.22,0.22,0.22,0.22,17.8,90.0,0.0,0.0,0.14463511,6,1,7,0,,,,4.3653336,0.0,0.0,0.0,0.0
0.22,0.22,0.22,0.22,17.2,93.0,0.0,0.0,0.14581747,6,2,7,0,,,,3.9441,0.0,0.0,0.0,0.0
0.22,0.22,0.22,0.22,17.2,90.0,0.0,0.0,0.13785183,6,3,7,0,,,,3.6654,0.0,0.0,0.0,0.0
0.22,0.22,0.4,0.22,16.7,93.0,0.0,0.0,0.13798462,6,4,7,0,,,,1.2519667,0.0,0.0,0.0,0.0
0.22,0.22,0.4,0.22,17.2,90.0,0.0,0.0,0.13739969,6,5,7,0,,,,1.3422333,0.0,0.0,0.0,0.0
0.22,0.22,0.4,0.22,17.2,90.0,18.0,0.0,0.13913733,6,6,7,0,,,,1.1138333,0.0,0.0,0.0,13.058333
0.22,0.22,0.4,0.22,17.8,87.0,81.0,0.0,0.13984743,6,7,7,0,,,,0.91805,0.0,0.0,0.0,43.808334
0.22,0.22,0.4,0.22,18.9,81.0,212.0,35.0,0.15125105,6,8,7,0,,,,1.4617167,0.0,0.0,0.0,173.575
0.22,0.22,0.22,0.22,21.1,71.0,483.0,246.0,0.16593826,6,9,7,0,,,,1.3304666,0.0,0.0,0.0,335.11667
0.22,0.4,0.22,0.22,21.1,73.0,574.0,202.0,0.17743856,6,10,7,0,,,,2.1069,0.0,0.0,0.0,475.37918
0.22,0.4,0.22,0.22,20.6,73.0,601.0,197.0,0.18638474,6,11,7,0,,,,2.9706166,0.0,0.0,0.0,587.2833
0.22,0.4,0.22,0.22,20.6,73.0,1009.0,761.0,0.19150905,6,12,7,0,,,,3.2081666,0.0,0.0,0.0,663.475
0.22,0.4,0.22,0.22,21.1,71.0,1004.0,831.0,0.19847228,6,13,7,0,,,,3.4890332,0.0,0.0,0.0,708.275
0.22,0.4,0.22,0.22,21.1,71.0,944.0,812.0,0.2031374,6,14,7,0,,,,4.5688334,0.0,0.0,0.0,719.4083
0.22,0.22,0.22,0.22,21.1,73.0,826.0,770.0,0.20898245,6,15,7,0,,,,3.8775666,0.0,0.0,0.0,687.4583
0.4,0.22,0.22,0.54,20.6,75.0,667.0,701.0,0.21092519,6,16,7,0,,,,2.6272833,0.0,0.0,0.0,603.5
0.4,0.22,0.22,0.54,20.6,75.0,477.0,572.0,0.21615079,6,17,7,0,,,,0.9023833,0.0,0.0,0.0,475.27917
0.4,0.22,0.22,0.54,20.0,81.0,257.0,362.0,0.2123696,6,18,7,0,,,,0.87948334,0.0,0.0,0.0,302.85
0.4,0.22,0.22,0.54,19.4,84.0,0.0,0.0,0.20789266,6,19,7,0,,,,0.6327,0.0,0.0,0.0,0.0
0.4,0.22,0.22,0.54,18.9,87.0,0.0,0.0,0.20356059,6,20,7,0,,,,0.99623334,0.0,0.0,0.0,0.0
0.22,0.22,0.22,0.22,18.9,87.0,0.0,0.0,0.20774221,6,21,7,0,,,,1.32965,0.0,0.0,0.0,0.0
0.22,0.22,0.22,0.22,19.4,84.0,0.0,0.0,0.19756407,6,22,7,0,,,,3.4470167,0.0,0.0,0.0,0.0
0.22,0.22,0.22,0.22,18.9,87.0,0.0,0.0,0.19290663,6,23,7,0,,,,4.2561,0.0,0.0,0.0,0.0
0.22,0.22,0.22,0.22,18.9,84.0,0.0,0.0,0.19157985,6,24,7,0,,,,3.3539834,0.0,0.0,0.0,0.0
0.22,0.22,0.22,0.22,18.3,90.0,0.0,0.0,0.1833321,6,1,1,0,,,,4.0046835,0.0,0.0,0.0,0.0
0.22,0.22,0.22,0.22,18.3,87.0,0.0,0.0,0.17829773,6,2,1,0,,,,3.5952168,0.0,0.0,0.0,0.0
0.22,0.22,0.22,0.22,17.8,87.0,0.0,0.0,0.17768393,6,3,1,0,,,,2.16665,0.0,0.0,0.0,0.0
0.22,0.22,0.54,0.22,17.8,87.0,0.0,0.0,0.17960487,6,4,1,0,,,,3.2032166,0.0,0.0,0.0,0.0
0.22,0.22,0.54,0.22,17.8,87.0,0.0,0.0,0.18560365,6,5,1,0,,,,2.8724,0.0,0.0,0.0,0.0
0.22,0.22,0.54,0.22,17.8,84.0,13.0,0.0,0.19007038,6,6,1,0,,,,0.3697,0.0,0.0,0.0,17.233334
0.22,0.22,0.54,0.22,18.3,81.0,94.0,0.0,0.19736393,6,7,1,0,,,,2.8179166,0.0,0.0,0.0,50.033333
0.22,0.22,0.54,0.22,19.4,76.0,301.0,127.0,0.20646033,6,8,1,0,,,,1.4037833,0.0,0.0,0.0,171.125
0.22,0.22,0.22,0.22,19.4,76.0,552.0,364.0,0.2200319,6,9,1,0,,,,3.4837334,0.0,0.0,0.0,331.1
0.22,0.54,0.22,0.22,21.7,66.0,780.0,575.0,0.22627504,6,10,1,0,,,,0.72428334,0.0,0.0,0.0,470.73334
0.22,0.54,0.22,0.22,22.2,66.0,902.0,662.0,0.2337514,6,11,1,0,,,,0.35538334,0.0,0.0,0.0,579.50415
0.22,0.54,0.22,0.22,22.8,64.0,1009.0,803.0,0.23791046,6,12,1,0,,,,0.45708334,0.0,0.0,0.0,658.67914
0.22,0.54,0.22,0.22,22.8,66.0,1004.0,831.0,0.25025457,6,13,1,0,,,,0.76233333,0.0,0.0,0.0,701.3375
0.22,0.54,0.22,0.22,22.2,68.0,944.0,812.0,0.25338098,6,14,1,0,,,,1.0253333,0.0,0.0,0.0,708.87915
0.22,0.22,0.22,0.22,22.2,68.0,799.0,709.0,0.25524342,6,15,1,0,,,,1.0579667,0.0,0.0,0.0,669.05414
0.54,0.22,0.22,0.54,21.1,73.0,610.0,515.0,0.25519258,6,16,1,0,,,,0.96998334,0.0,0.0,0.0,593.575
0.54,0.22,0.22,0.54,20.6,75.0,373.0,270.0,0.24787214,6,17,1,0,,,,0.92696667,0.0,0.0,0.0,477.6125
0.54,0.22,0.22,0.54,19.4,81.0,182.0,101.0,0.24076909,6,18,1,0,,,,0.44763333,0.0,0.0,0.0,313.14584
0.54,0.22,0.22,0.54,19.4,84.0,123.0,0.0,0.23370525,6,19,1,0,,,,0.37988332,0.0,0.0,0.0,60.779167
0.54,0.22,0.22,0.54,19.4,84.0,0.0,0.0,0.2261315,6,20,1,0,,,,0.74383336,0.0,0.0,0.0,0.0
0.22,0.22,0.22,0.22,19.4,84.0,0.0,0.0,0.21291415,6,21,1,0,,,,3.7506833,0.0,0.0,0.0,0.0
0.22,0.22,0.22,0.22,19.4,84.0,0.0,0.0,0.19833267,6,22,1,0,,,,4.1864834,0.0,0.0,0.0,0.0
0.22,0.22,0.22,0.22,19.4,81.0,0.0,0.0,0.18919264,6,23,1,0,,,,3.96755,0.0,0.0,0.0,0.0
0.22,0.22,0.22,0.22,17.2,87.0,0.0,0.0,0.18206619,6,24,1,0,,,,3.4861917,0.0,0.0,0.0,0.0
0.22,0.22,0.22,0.22,18.9,84.0,0.0,0.0,0.17576899,6,1,2,0,,,,1.2457666,0.0,0.0,0.0,0.0
0.22,0.22,0.22,0.22,18.3,87.0,0.0,0.0,0.17547362,6,2,2,0,,,,1.2340167,0.0,0.0,0.0,0.0
0.22,0.22,0.22,0.22,18.0,88.0,0.0,0.0,0.17526267,6,3,2,0,,,,3.6894166,0.0,0.0,0.0,0.0
0.22,0.22,0.54,0.22,17.8,87.0,0.0,0.0,0.17366871,6,4,2,0,,,,3.8300667,0.0,0.0,0.0,0.0
0.22,0.22,0.54,0.22,17.8,84.0,0.0,0.0,0.18328457,6,5,2,0,,,,2.3243167,0.0,0.0,0.0,0.0
0.22,0.22,0.54,0.22,18.3,81.0,13.0,0.0,0.181834,6,6,2,0,,,,1.44795,0.0,0.0,0.0,13.316667
0.22,0.22,0.54,0.22,18.3,81.0,60.0,0.0,0.19140354,6,7,2,0,,,,1.4795333,0.0,0.0,0.0,44.2625
0.22,0.22,0.54,0.22,18.9,81.0,143.0,0.0,0.19888678,6,8,2,0,,,,1.59455,0.0,0.0,0.0,170.0
0.22,0.22,0.22,0.22,19.4,79.0,234.0,12.0,0.19885656,6,9,2,0,,,,2.0016334,0.0,0.0,0.0,329.9875
0.22,0.54,0.22,0.22,20.6,73.0,240.0,0.0,0.20538771,6,10,2,0,,,,3.3088167,0.0,0.0,0.0,469.65833
0.22,0.54,0.22,0.22,20.0,76.0,358.0,30.0,0.20973042,6,11,2,0,,,,2.51325,0.0,0.0,0.0,581.24585
0.22,0.54,0.22,0.22,19.4,79.0,471.0,36.0,0.20678596,6,12,2,0,,,,4.076,0.0,0.0,0.0,656.68335
0.22,0.54,0.22,0.22,20.6,73.0,524.0,90.0,0.21376179,6,13,2,0,,,,4.1501665,0.0,0.0,0.0,692.36664
0.22,0.54,0.22,0.22,21.1,73.0,944.0,691.0,0.21706645,6,14,2,0,,,,4.242133,0.0,0.0,0.0,700.4
0.22,0.22,0.22,0.22,21.0,73.0,712.0,483.0,0.22251001,6,15,2,0,,,,4.190767,0.0,0.0,0.0,670.92914
0.54,0.22,0.22,0.54,20.0,78.0,574.0,465.0,0.2228641,6,16,2,0,,,,4.1102,0.0,0.0,0.0,603.2708
0.54,0.22,0.22,0.54,20.0,78.0,405.0,328.0,0.22322358,6,17,2,0,,,,0.6519,0.0,0.0,0.0,482.9375
0.54,0.22,0.22,0.54,18.9,81.0,128.0,14.0,0.21442635,6,18,2,0,,,,0.38245,0.0,0.0,0.0,316.55832
0.54,0.22,0.22,0.54,18.3,84.0,117.0,0.0,0.21110423,6,19,2,0,,,,0.36413333,0.0,0.0,0.0,62.975
0.54,0.22,0.22,0.54,18.3,84.0,0.0,0.0,0.2096744,6,20,2,0,,,,0.8172333,0.0,0.0,0.0,0.0
0.22,0.22,0.22,0.22,17.8,87.0,0.0,0.0,0.20795587,6,21,2,0,,,,3.3332334,0.0,0.0,0.0,0.0
0.22,0.22,0.22,0.22,17.8,84.0,0.0,0.0,0.19724599,6,22,2,0,,,,4.258683,0.0,0.0,0.0,0.0
0.22,0.22,0.22,0.22,17.2,87.0,0.0,0.0,0.18361011,6,23,2,0,,,,4.1739,0.0,0.0,0.0,0.0
0.22,0.22,0.22,0.22,16.7,86.0,0.0,0.0,0.16693926,6,24,2,0,,,,4.47765,0.0,0.0,0.0,0.0
0.22,0.22,0.22,0.22,16.7,93.0,0.0,0.0,0.1587392,6,1,3,0,,,,4.2489166,0.0,0.0,0.0,0.0
0.22,0.22,0.22,0.22,16.7,93.0,0.0,0.0,0.15363042,6,2,3,0,,,,2.4281666,0.0,0.0,0.0,0.0
0.22,0.22,0.22,0.22,16.1,97.0,0.0,0.0,0.15523395,6,3,3,0,,,,2.8166666,0.0,0.0,0.0,0.0
0.22,0.22,0.54,0.22,16.1,97.0,0.0,0.0,0.15674764,6,4,3,0,,,,1.9839,0.0,0.0,0.0,0.0
0.22,0.22,0.54,0.22,16.1,97.0,0.0,0.0,0.16043545,6,5,3,0,,,,1.5224833,0.0,0.0,0.0,0.0
0.22,0.22,0.54,0.22,16.1,97.0,13.0,0.0,0.16886927,6,6,3,0,,,,1.2720833,0.0,0.0,0.0,8.783334
0.22,0.22,0.54,0.22,16.1,97.0,110.0,5.0,0.17756958,6,7,3,0,,,,3.0106332,0.0,0.0,0.0,38.5625
0.22,0.22,0.54,0.22,16.7,93.0,163.0,6.0,0.18853973,6,8,3,0,,,,3.5111,0.0,0.0,0.0,169.0875
0.22,0.22,0.22,0.22,17.2,90.0,356.0,76.0,0.19824925,6,9,3,0,,,,3.58335,0.0,0.0,0.0,333.15417
0.22,0.54,0.22,0.22,18.9,78.0,752.0,498.0,0.21070936,6,10,3,0,,,,3.6476,0.0,0.0,0.0,478.12082
0.22,0.54,0.22,0.22,19.4,76.0,641.0,227.0,0.21651332,6,11,3,0,,,,3.7532833,0.0,0.0,0.0,588.2083
0.22,0.54,0.22,0.22,19.4,76.0,627.0,162.0,0.21742001,6,12,3,0,,,,3.9801166,0.0,0.0,0.0,668.2708
0.22,0.54,0.22,0.22,20.0,70.0,911.0,524.0,0.21951243,6,13,3,0,,,,4.15725,0.0,0.0,0.0,712.00415
0.22,0.54,0.22,0.22,21.1,66.0,905.0,660.0,0.22019958,6,14,3,0,,,,4.1657,0.0,0.0,0.0,726.25415
0.22,0.22,0.22,0.22,20.0,73.0,679.0,391.0,0.22699197,6,15,3,0,,,,2.463,0.0,0.0,0.0,700.6875
0.54,0.22,0.22,0.54,19.4,76.0,609.0,540.0,0.22777049,6,16,3,0,,,,3.3677166,0.0,0.0,0.0,620.70416
0.54,0.22,0.22,0.54,18.9,75.0,452.0,559.0,0.22838642,6,17,3,0,,,,2.25625,0.0,0.0,0.0,503.02084
0.54,0.22,0.22,0.54,18.3,78.0,266.0,368.0,0.22316846,6,18,3,0,,,,4.2719,0.0,0.0,0.0,335.44168
0.54,0.22,0.22,0.54,17.2,81.0,113.0,0.0,0.21794921,6,19,3,0,,,,4.0337,0.0,0.0,0.0,66.92083
0.54,0.22,0.22,0.54,17.2,78.0,0.0,0.0,0.21484905,6,20,3,0,,,,2.4414167,0.0,0.0,0.0,0.0
0.22,0.22,0.22,0.22,17.2,81.0,0.0,0.0,0.20624448,6,21,3,0,,,,0.71821666,0.0,0.0,0.0,0.0
0.22,0.22,0.22,0.22,17.2,84.0,0.0,0.0,0.18897943,6,22,3,0,,,,0.93743336,0.0,0.0,0.0,0.0
0.22,0.22,0.22,0.22,16.7,86.0,0.0,0.0,0.17771538,6,23,3,0,,,,1.4202167,0.0,0.0,0.0,0.0
0.22,0.22,0.22,0.22,16.7,80.0,0.0,0.0,0.17118686,6,24,3,0,,,,1.0507166,0.0,0.0,0.0,0.0
0.22,0.22,0.22,0.22,16.7,84.0,0.0,0.0,0.16287287,6,1,4,0,,,,1.0045834,0.0,0.0,0.0,0.0
0.22,0.22,0.22,0.22,16.1,87.0,0.0,0.0,0.1596596,6,2,4,0,,,,1.1032333,0.0,0.0,0.0,0.0
0.22,0.22,0.22,0.22,16.1,83.0,0.0,0.0,0.15746035,6,3,4,0,,,,0.7881333,0.0,0.0,0.0,0.0
0.22,0.22,0.54,0.22,16.1,87.0,0.0,0.0,0.1570482,6,4,4,0,,,,0.71066666,0.0,0.0,0.0,0.0
0.22,0.22,0.54,0.22,16.7,84.0,0.0,0.0,0.16078566,6,5,4,0,,,,0.40701666,0.0,0.0,0.0,0.0
0.22,0.22,0.54,0.22,17.2,81.0,13.0,0.0,0.16819347,6,6,4,0,,,,0.3967,0.0,0.0,0.0,14.9125
0.22,0.22,0.54,0.22,17.8,78.0,55.0,0.0,0.1803405,6,7,4,0,,,,0.40005,0.0,0.0,0.0,46.754166
0.22,0.22,0.54,0.22,18.3,73.0,158.0,6.0,0.19306992,6,8,4,0,,,,0.41378334,0.0,0.0,0.0,170.28334
0.22,0.22,0.22,0.22,18.9,70.0,387.0,111.0,0.19896787,6,9,4,0,,,,0.49995,0.0,0.0,0.0,332.03333
0.22,0.54,0.22,0.22,20.6,68.0,841.0,688.0,0.20199814,6,10,4,0,,,,0.50843334,0.0,0.0,0.0,476.0125
0.22,0.54,0.22,0.22,21.1,66.0,953.0,823.0,0.20503864,6,11,4,0,,,,0.9672167,0.0,0.0,0.0,596.35
0.22,0.54,0.22,0.22,21.1,66.0,1008.0,833.0,0.20694944,6,12,4,0,,,,3.73405,0.0,0.0,0.0,677.7792
0.22,0.54,0.22,0.22,20.6,70.0,1004.0,831.0,0.20828399,6,13,4,0,,,,2.3942332,0.0,0.0,0.0,716.9708
0.22,0.54,0.22,0.22,20.6,70.0,943.0,812.0,0.21020703,6,14,4,0,,,,0.56191665,0.0,0.0,0.0,716.8875
0.22,0.22,0.22,0.22,20.0,70.0,832.0,739.0,0.21371026,6,15,4,0,,,,1.8542666,0.0,0.0,0.0,682.19165
0.54,0.22,0.22,0.54,20.0,70.0,630.0,589.0,0.21573578,6,16,4,0,,,,3.0251834,0.0,0.0,0.0,604.39166
0.54,0.22,0.22,0.54,18.9,73.0,468.0,578.0,0.2195333,6,17,4,0,,,,3.2184,0.0,0.0,0.0,486.1375
0.54,0.22,0.22,0.54,18.3,76.0,276.0,368.0,0.22288571,6,18,4,0,,,,2.5339832,0.0,0.0,0.0,330.17084
0.54,0.22,0.22,0.54,17.8,78.0,109.0,0.0,0.22276516,6,19,4,0,,,,1.9535167,0.0,0.0,0.0,64.95417
0.54,0.22,0.22,0.54,17.2,84.0,0.0,0.0,0.21590154,6,20,4,0,,,,2.5103834,0.0,0.0,0.0,0.0
0.22,0.22,0.22,0.22,17.2,78.0,0.0,0.0,0.21219215,6,21,4,0,,,,1.85885,0.0,0.0,0.0,0.0
0.22,0.22,0.22,0.22,17.2,81.0,0.0,0.0,0.1957946,6,22,4,0,,,,1.7657167,0.0,0.0,0.0,0.0
0.22,0.22,0.22,0.22,16.7,86.0,0.0,0.0,0.1751197,6,23,4,0,,,,1.70895,0.0,0.0,0.0,0.0
0.22,0.22,0.22,0.22,17.0,88.0,0.0,0.0,0.1683028,6,24,4,0,,,,1.384775,0.0,0.0,0.0,0.0
0.22,0.22,0.22,0.22,16.7,84.0,0.0,0.0,0.15761179,6,1,5,0,,,,2.1373832,0.0,0.0,0.0,0.0
0.22,0.22,0.22,0.22,16.1,90.0,0.0,0.0,0.14966261,6,2,5,0,,,,4.2165165,0.0,0.0,0.0,0.0
0.22,0.22,0.22,0.22,16.1,90.0,0.0,0.0,0.14875418,6,3,5,0,,,,2.1014,0.0,0.0,0.0,0.0
0.22,0.22,0.54,0.22,16.7,86.0,0.0,0.0,0.15348832,6,4,5,0,,,,0.84426665,0.0,0.0,0.0,0.0
0.22,0.22,0.54,0.22,17.2,84.0,0.0,0.0,0.1574158,6,5,5,0,,,,0.37085,0.0,0.0,0.0,0.0
0.22,0.22,0.54,0.22,17.2,84.0,13.0,0.0,0.16424385,6,6,5,0,,,,0.35926667,0.0,0.0,0.0,14.058333
0.22,0.22,0.54,0.22,17.2,84.0,47.0,0.0,0.18419236,6,7,5,0,,,,0.3652,0.0,0.0,0.0,42.441666
0.22,0.22,0.54,0.22,18.3,76.0,202.0,29.0,0.20470569,6,8,5,0,,,,2.4453666,0.0,0.0,0.0,172.09584
0.22,0.22,0.22,0.22,18.9,75.0,504.0,252.0,0.21117596,6,9,5,0,,,,0.38383332,0.0,0.0,0.0,333.74167
0.22,0.54,0.22,0.22,21.1,68.0,774.0,551.0,0.21398047,6,10,5,0,,,,0.33626667,0.0,0.0,0.0,472.04584
0.22,0.54,0.22,0.22,20.6,70.0,844.0,537.0,0.21582738,6,11,5,0,,,,3.4556334,0.0,0.0,0.0,581.4708
0.22,0.54,0.22,0.22,21.1,68.0,961.0,671.0,0.22203198,6,12,5,0,,,,2.3437934,0.0,0.0,0.0,660.18585
0.22,0.54,0.22,0.22,21.1,68.0,973.0,735.0,0.22877952,6,13,5,0,,,,3.0292332,0.0,0.0,0.0,703.82916
0.22,0.54,0.22,0.22,21.1,71.0,937.0,812.0,0.2281301,6,14,5,0,,,,2.10205,0.0,0.0,0.0,712.64166
0.22,0.22,0.22,0.22,21.1,71.0,825.0,770.0,0.22575296,6,15,5,0,,,,2.3066666,0.0,0.0,0.0,679.7083
0.54,0.22,0.22,0.4,21.1,71.0,652.0,676.0,0.22731055,6,16,5,0,,,,2.75965,0.0,0.0,0.0,597.5292
0.54,0.22,0.22,0.4,20.0,76.0,452.0,527.0,0.22275609,6,17,5,0,,,,2.1352,0.0,0.0,0.0,463.80832
0.54,0.22,0.22,0.4,18.9,81.0,244.0,317.0,0.22580841,6,18,5,0,,,,2.2122166,0.0,0.0,0.0,288.6875
0.54,0.22,0.22,0.4,17.8,87.0,106.0,0.0,0.22067699,6,19,5,0,,,,1.3471333,0.0,0.0,0.0,54.783333
0.54,0.22,0.22,0.4,17.2,90.0,0.0,0.0,0.21507251,6,20,5,0,,,,1.2119,0.0,0.0,0.0,0.0
0.22,0.22,0.22,0.22,16.7,90.0,0.0,0.0,0.21158145,6,21,5,0,,,,1.2784333,0.0,0.0,0.0,0.0
0.22,0.22,0.22,0.22,16.7,90.0,0.0,0.0,0.20111103,6,22,5,0,,,,1.3636167,0.0,0.0,0.0,0.0
0.22,0.22,0.22,0.22,16.7,90.0,0.0,0.0,0.19034281,6,23,5,0,,,,1.4804667,0.0,0.0,0.0,0.0
0.22,0.22,0.22,0.22,16.7,90.0,0.0,0.0,0.17882572,6,24,5,0,,,,1.8892334,0.0,0.0,0.0,0.0
0.22,0.22,0.22,0.22,17.2,87.0,0.0,0.0,0.17136286,6,1,6,0,,,,1.5864167,0.0,0.0,0.0,0.0
0.22,0.22,0.22,0.22,16.7,90.0,0.0,0.0,0.15950318,6,2,6,0,,,,3.7962666,0.0,0.0,0.0,0.0
0.22,0.22,0.22,0.22,17.2,87.0,0.0,0.0,0.15558755,6,3,6,0,,,,0.93336666,0.0,0.0,0.0,0.0
0.22,0.22,0.4,0.22,17.2,87.0,0.0,0.0,0.15103155,6,4,6,0,,,,0.7714,0.0,0.0,0.0,0.0
0.22,0.22,0.4,0.22,17.8,80.0,0.0,0.0,0.15472549,6,5,6,0,,,,0.60226667,0.0,0.0,0.0,0.0
0.22,0.22,0.4,0.22,17.8,80.0,13.0,0.0,0.15809496,6,6,6,0,,,,0.33416668,0.0,0.0,0.0,36.133335
0.22,0.22,0.4,0.22,18.3,78.0,64.0,0.0,0.15473606,6,7,6,0,,,,0.42278334,0.0,0.0,0.0,113.70417
0.22,0.22,0.4,0.22,19.4,73.0,340.0,213.0,0.15809698,6,8,6,0,,,,3.3195934,0.0,0.0,0.0,207.90666
0.22,0.22,0.22,0.22,21.1,66.0,594.0,499.0,0.17072959,6,9,6,0,,,,0.88005,0.0,0.0,0.0,275.6875
0.22,0.4,0.22,0.22,21.1,68.0,841.0,747.0,0.1854935,6,10,6,0,,,,0.34936666,0.0,0.0,0.0,460.00833
0.22,0.4,0.22,0.22,21.1,68.0,953.0,823.0,0.20141178,6,11,6,0,,,,2.40915,0.0,0.0,0.0,482.67084
0.22,0.4,0.22,0.22,20.6,70.0,1008.0,833.0,0.19603871,6,12,6,0,,,,2.53295,0.0,0.0,0.0,655.07086
0.22,0.4,0.22,0.22,21.1,68.0,1004.0,831.0,0.18944728,6,13,6,0,,,,0.5533,0.0,0.0,0.0,694.8375
0.22,0.4,0.22,0.22,21.7,70.0,943.0,812.0,0.18763211,6,14,6,0,,,,3.0071,0.0,0.0,0.0,691.5333
0.22,0.22,0.22,0.22,21.7,70.0,818.0,678.0,0.18704595,6,15,6,0,,,,2.2928667,0.0,0.0,0.0,656.95416
0.4,0.22,0.22,0.4,20.6,75.0,510.0,273.0,0.18693686,6,16,6,0,,,,3.0551333,0.0,0.0,0.0,571.05835
0.4,0.22,0.22,0.4,18.9,84.0,364.0,244.0,0.18980083,6,17,6,0,,,,3.4577167,0.0,0.0,0.0,446.4125
0.4,0.22,0.22,0.4,18.3,84.0,138.0,14.0,0.1935258,6,18,6,0,,,,0.93488336,0.0,0.0,0.0,279.95416
0.4,0.22,0.22,0.4,17.8,87.0,104.0,0.0,0.19117987,6,19,6,0,,,,0.85976666,0.0,0.0,0.0,52.979168
0.4,0.22,0.22,0.4,16.7,90.0,0.0,0.0,0.1868505,6,20,6,0,,,,1.7569833,0.0,0.0,0.0,0.0
0.22,0.22,0.22,0.22,16.1,93.0,0.0,0.0,0.18484786,6,21,6,0,,,,1.7453,0.0,0.0,0.0,0.0
0.22,0.22,0.22,0.22,16.1,93.0,0.0,0.0,0.17418492,6,22,6,0,,,,1.2943833,0.0,0.0,0.0,0.0
0.22,0.22,0.22,0.22,16.1,93.0,0.0,0.0,0.15971969,6,23,6,0,,,,0.67675,0.0,0.0,0.0,0.0
0.22,0.22,0.22,0.22,15.0,96.0,0.0,0.0,0.14578211,6,24,6,0,,,,1.429925,0.0,0.0,0.0,0.0
0.22,0.22,0.22,0.22,16.7,93.0,0.0,0.0,0.13349727,6,1,7,0,,,,0.67876667,0.0,0.0,0.0,0.0
0.22,0.22,0.22,0.22,16.7,90.0,0.0,0.0,0.124292724,6,2,7,0,,,,2.89625,0.0,0.0,0.0,0.0
0.22,0.22,0.22,0.22,16.7,90.0,0.0,0.0,0.123762265,6,3,7,0,,,,1.1959833,0.0,0.0,0.0,0.0
0.22,0.22,0.4,0.22,16.7,86.0,0.0,0.0,0.123120494,6,4,7,0,,,,2.3169668,0.0,0.0,0.0,0.0
0.22,0.22,0.4,0.22,16.7,86.0,0.0,0.0,0.12529282,6,5,7,0,,,,0.7118833,0.0,0.0,0.0,0.0
0.22,0.22,0.4,0.22,16.7,86.0,13.0,0.0,0.1257107,6,6,7,0,,,,0.25148332,0.0,0.0,0.0,12.145833
0.22,0.22,0.4,0.22,17.8,80.0,76.0,0.0,0.12342751,6,7,7,0,,,,0.2532,0.0,0.0,0.0,40.308334
0.22,0.22,0.4,0.22,18.3,78.0,241.0,40.0,0.12736852,6,8,7,0,,,,1.8493,0.0,0.0,0.0,162.0125
0.22,0.22,0.22,0.22,19.4,76.0,350.0,65.0,0.14031154,6,9,7,0,,,,0.35435,0.0,0.0,0.0,321.8375
0.22,0.4,0.22,0.22,19.4,76.0,490.0,119.0,0.15289614,6,10,7,0,,,,0.26483333,0.0,0.0,0.0,463.8875
0.22,0.4,0.22,0.22,20.0,70.0,670.0,257.0,0.15902488,6,11,7,0,,,,0.26266667,0.0,0.0,0.0,569.8375
0.22,0.4,0.22,0.22,19.4,73.0,686.0,234.0,0.16692276,6,12,7,0,,,,0.26681668,0.0,0.0,0.0,644.20416
0.22,0.4,0.22,0.22,20.6,70.0,517.0,78.0,0.16831288,6,13,7,0,,,,0.87563336,0.0,0.0,0.0,696.2792
0.22,0.4,0.22,0.22,20.6,70.0,605.0,170.0,0.17644729,6,14,7,0,,,,2.1244333,0.0,0.0,0.0,723.2375
0.22,0.22,0.22,0.22,20.6,70.0,632.0,281.0,0.17848639,6,15,7,0,,,,3.2038834,0.0,0.0,0.0,690.0875
0.4,0.22,0.22,0.54,19.4,76.0,665.0,608.0,0.17858388,6,16,7,0,,,,1.5174667,0.0,0.0,0.0,611.94165
0.4,0.22,0.22,0.54,18.3,81.0,475.0,546.0,0.17516813,6,17,7,0,,,,4.88745,0.0,0.0,0.0,489.92084
0.4,0.22,0.22,0.54,17.8,84.0,233.0,230.0,0.17851202,6,18,7,0,,,,2.8603,0.0,0.0,0.0,313.8
0.4,0.22,0.22,0.54,16.1,90.0,102.0,0.0,0.17186704,6,19,7,0,,,,2.4143834,0.0,0.0,0.0,62.045834
0.4,0.22,0.22,0.54,16.1,90.0,0.0,0.0,0.173016,6,20,7,0,,,,2.7399,0.0,0.0,0.0,0.0
0.22,0.22,0.22,0.22,15.6,93.0,0.0,0.0,0.17600317,6,21,7,0,,,,1.6558666,0.0,0.0,0.0,0.0
0.22,0.22,0.22,0.22,15.6,93.0,0.0,0.0,0.16202405,6,22,7,0,,,,3.10275,0.0,0.0,0.0,0.0
0.22,0.22,0.22,0.22,15.0,93.0,0.0,0.0,0.1541565,6,23,7,0,,,,1.3165166,0.0,0.0,0.0,0.0
0.22,0.22,0.22,0.22,15.0,93.0,0.0,0.0,0.13510045,6,24,7,0,,,,1.2918583,0.0,0.0,0.0,0.0
0.22,0.22,0.22,0.22,15.0,96.0,0.0,0.0,0.12331394,6,1,1,0,,,,3.3783834,0.0,0.0,0.0,0.0
0.22,0.22,0.22,0.22,15.6,93.0,0.0,0.0,0.11784354,6,2,1,0,,,,2.3283334,0.0,0.0,0.0,0.0
0.22,0.22,0.22,0.22,15.6,93.0,0.0,0.0,0.11828941,6,3,1,0,,,,0.80175,0.0,0.0,0.0,0.0
0.22,0.22,0.54,0.22,15.0,93.0,0.0,0.0,0.12288621,6,4,1,0,,,,3.3568666,0.0,0.0,0.0,0.0
0.22,0.22,0.54,0.22,15.6,90.0,0.0,0.0,0.12908132,6,5,1,0,,,,1.9824834,0.0,0.0,0.0,0.0
0.22,0.22,0.54,0.22,15.6,90.0,13.0,0.0,0.13860597,6,6,1,0,,,,0.39543334,0.0,0.0,0.0,10.045834
0.22,0.22,0.54,0.22,16.1,87.0,46.0,0.0,0.145251,6,7,1,0,,,,1.0576667,0.0,0.0,0.0,39.9125
0.22,0.22,0.54,0.22,17.2,81.0,344.0,224.0,0.15909699,6,8,1,0,,,,1.74715,0.0,0.0,0.0,160.82916
0.22,0.22,0.22,0.22,20.0,70.0,573.0,440.0,0.16781834,6,9,1,0,,,,0.51795,0.0,0.0,0.0,319.17084
0.22,0.54,0.22,0.22,20.6,68.0,807.0,676.0,0.17196174,6,10,1,0,,,,0.28775,0.0,0.0,0.0,462.09167
0.22,0.54,0.22,0.22,20.6,70.0,947.0,734.0,0.181337,6,11,1,0,,,,0.29523334,0.0,0.0,0.0,571.8125
0.22,0.54,0.22,0.22,20.6,68.0,602.0,162.0,0.18371782,6,12,1,0,,,,0.30393332,0.0,0.0,0.0,667.82086
0.22,0.54,0.22,0.22,20.0,70.0,825.0,458.0,0.18499222,6,13,1,0,,,,1.62395,0.0,0.0,0.0,717.5125
0.22,0.54,0.22,0.22,19.4,70.0,656.0,230.0,0.18490838,6,14,1,0,,,,3.4205,0.0,0.0,0.0,729.8625
0.22,0.22,0.22,0.22,19.4,73.0,672.0,367.0,0.19108142,6,15,1,0,,,,3.93735,0.0,0.0,0.0,697.2
0.54,0.22,0.22,0.54,18.3,78.0,672.0,558.0,0.19872068,6,16,1,0,,,,1.2414,0.0,0.0,0.0,616.30835
0.54,0.22,0.22,0.54,17.8,78.0,364.0,231.0,0.19697115,6,17,1,0,,,,1.3110334,0.0,0.0,0.0,498.2375
0.54,0.22,0.22,0.54,16.7,86.0,169.0,72.0,0.19657981,6,18,1,0,,,,1.56045,0.0,0.0,0.0,340.55832
0.54,0.22,0.22,0.54,16.1,87.0,100.0,0.0,0.19072197,6,19,1,0,,,,2.0154667,0.0,0.0,0.0,72.791664
0.54,0.22,0.22,0.54,16.1,87.0,0.0,0.0,0.1855103,6,20,1,0,,,,0.70963335,0.0,0.0,0.0,0.0
0.22,0.22,0.22,0.22,15.0,93.0,0.0,0.0,0.18948917,6,21,1,0,,,,2.6070666,0.0,0.0,0.0,0.0
0.22,0.22,0.22,0.22,15.0,93.0,0.0,0.0,0.1761525,6,22,1,0,,,,2.2994332,0.0,0.0,0.0,0.0
0.22,0.22,0.22,0.22,15.6,90.0,0.0,0.0,0.15592286,6,23,1,0,,,,0.6943167,0.0,0.0,0.0,0.0
0.22,0.22,0.22,0.22,16.1,90.0,0.0,0.0,0.13861741,6,24,1,0,,,,1.324925,0.0,0.0,0.0,0.0
0.22,0.22,0.22,0.22,15.6,90.0,0.0,0.0,0.13587445,6,1,2,0,,,,3.0514166,0.0,0.0,0.0,0.0
0.22,0.22,0.22,0.22,15.6,90.0,0.0,0.0,0.124784976,6,2,2,0,,,,0.36558333,0.0,0.0,0.0,0.0
0.22,0.22,0.22,0.22,15.6,90.0,0.0,0.0,0.12607084,6,3,2,0,,,,0.40366668,0.0,0.0,0.0,0.0
0.22,0.22,0.54,0.22,15.6,86.0,0.0,0.0,0.12950754,6,4,2,0,,,,0.3073,0.0,0.0,0.0,0.0
0.22,0.22,0.54,0.22,15.6,86.0,0.0,0.0,0.13152516,6,5,2,0,,,,0.30673334,0.0,0.0,0.0,0.0
0.22,0.22,0.54,0.22,16.1,83.0,13.0,0.0,0.14174424,6,6,2,0,,,,0.29073334,0.0,0.0,0.0,7.15
0.22,0.22,0.54,0.22,16.7,80.0,55.0,0.0,0.15155806,6,7,2,0,,,,2.2642167,0.0,0.0,0.0,35.3375
0.22,0.22,0.54,0.22,17.2,78.0,152.0,6.0,0.17126319,6,8,2,0,,,,0.31095,0.0,0.0,0.0,165.18333
0.22,0.22,0.22,0.22,18.9,73.0,382.0,106.0,0.1794563,6,9,2,0,,,,2.1858168,0.0,0.0,0.0,333.38333
0.22,0.54,0.22,0.22,19.4,70.0,835.0,682.0,0.18561693,6,10,2,0,,,,0.60758334,0.0,0.0,0.0,480.48334
0.22,0.54,0.22,0.22,20.0,68.0,884.0,591.0,0.19144338,6,11,2,0,,,,0.34195,0.0,0.0,0.0,589.25836
0.22,0.54,0.22,0.22,20.0,68.0,1008.0,761.0,0.19000241,6,12,2,0,,,,0.5240833,0.0,0.0,0.0,657.07086
0.22,0.54,0.22,0.22,20.0,70.0,800.0,404.0,0.18880601,6,13,2,0,,,,1.1250334,0.0,0.0,0.0,720.3458
0.22,0.54,0.22,0.22,20.0,70.0,854.0,515.0,0.19631252,6,14,2,0,,,,2.08045,0.0,0.0,0.0,745.1042
0.22,0.22,0.22,0.22,20.0,70.0,831.0,709.0,0.20078322,6,15,2,0,,,,2.0785334,0.0,0.0,0.0,719.43335
0.54,0.22,0.22,0.54,19.4,73.0,651.0,639.0,0.19961773,6,16,2,0,,,,1.6791,0.0,0.0,0.0,643.45416
0.54,0.22,0.22,0.54,18.9,75.0,435.0,469.0,0.19930412,6,17,2,0,,,,1.2886,0.0,0.0,0.0,530.6
0.54,0.22,0.22,0.54,17.8,80.0,243.0,316.0,0.19852255,6,18,2,0,,,,1.2530167,0.0,0.0,0.0,366.15417
0.54,0.22,0.22,0.54,17.2,81.0,99.0,0.0,0.19167909,6,19,2,0,,,,1.6172667,0.0,0.0,0.0,78.8625
0.54,0.22,0.22,0.54,17.2,84.0,0.0,0.0,0.18382476,6,20,2,0,,,,3.3565166,0.0,0.0,0.0,0.0
0.22,0.22,0.22,0.22,16.7,86.0,0.0,0.0,0.18062203,6,21,2,0,,,,3.4146416,0.0,0.0,0.0,0.0
0.22,0.22,0.22,0.22,16.7,86.0,0.0,0.0,0.16217081,6,22,2,0,,,,3.0602334,0.0,0.0,0.0,0.0
0.22,0.22,0.22,0.22,16.7,86.0,0.0,0.0,0.14313942,6,23,2,0,,,,1.9324334,0.0,0.0,0.0,0.0
0.22,0.22,0.22,0.22,17.2,84.0,0.0,0.0,0.13382237,6,24,2,0,,,,0.7603,0.0,0.0,0.0,0.0
0.22,0.22,0.22,0.22,16.7,86.0,0.0,0.0,0.12465992,6,1,3,0,,,,2.2009332,0.0,0.0,0.0,0.0
0.22,0.22,0.22,0.22,16.7,86.0,0.0,0.0,0.12299349,6,2,3,0,,,,0.59735,0.0,0.0,0.0,0.0
0.22,0.22,0.22,0.22,17.2,81.0,0.0,0.0,0.12428973,6,3,3,0,,,,0.42665,0.0,0.0,0.0,0.0
0.22,0.22,0.54,0.22,17.2,81.0,0.0,0.0,0.1265477,6,4,3,0,,,,0.426,0.0,0.0,0.0,0.0
0.22,0.22,0.54,0.22,17.2,81.0,0.0,0.0,0.1344329,6,5,3,0,,,,0.42541668,0.0,0.0,0.0,0.0
0.22,0.22,0.54,0.22,17.8,78.0,48.0,61.0,0.15083739,6,6,3,0,,,,0.4114,0.0,0.0,0.0,8.183333
0.22,0.22,0.54,0.22,17.8,75.0,261.0,431.0,0.16097525,6,7,3,0,,,,3.1242332,0.0,0.0,0.0,36.833332
0.22,0.22,0.54,0.22,19.0,68.0,477.0,638.0,0.17227103,6,8,3,0,,,,2.9525332,0.0,0.0,0.0,166.31667
0.22,0.22,0.22,0.22,20.6,63.0,673.0,745.0,0.17306267,6,9,3,0,,,,2.0396333,0.0,0.0,0.0,337.5875
0.22,0.54,0.22,0.22,20.0,68.0,812.0,735.0,0.17844447,6,10,3,0,,,,1.0228,0.0,0.0,0.0,484.8625
0.22,0.54,0.22,0.22,20.6,65.0,930.0,764.0,0.17490606,6,11,3,0,,,,2.5918,0.0,0.0,0.0,598.2083
0.22,0.54,0.22,0.22,20.6,65.0,1008.0,803.0,0.17632702,6,12,3,0,,,,0.8674667,0.0,0.0,0.0,679.6375
0.22,0.54,0.22,0.22,20.6,65.0,991.0,795.0,0.17822413,6,13,3,0,,,,0.5272167,0.0,0.0,0.0,711.55835
0.22,0.54,0.22,0.22,21.1,66.0,930.0,793.0,0.18367045,6,14,3,0,,,,0.4935,0.0,0.0,0.0,719.04584
0.22,0.22,0.22,0.22,20.6,68.0,798.0,666.0,0.18484567,6,15,3,0,,,,3.4789333,0.0,0.0,0.0,696.7292
0.54,0.22,0.22,0.54,20.0,70.0,545.0,354.0,0.18979989,6,16,3,0,,,,0.759,0.0,0.0,0.0,632.82916
0.54,0.22,0.22,0.54,18.3,81.0,380.0,289.0,0.18948433,6,17,3,0,,,,3.6624,0.0,0.0,0.0,511.57916
0.54,0.22,0.22,0.54,18.3,81.0,222.0,201.0,0.18797264,6,18,3,0,,,,0.76236665,0.0,0.0,0.0,338.31668
0.54,0.22,0.22,0.54,17.2,87.0,98.0,0.0,0.18870902,6,19,3,0,,,,0.8705,0.0,0.0,0.0,70.74167
0.54,0.22,0.22,0.54,16.7,90.0,0.0,0.0,0.18560283,6,20,3,0,,,,0.33595,0.0,0.0,0.0,0.0
0.22,0.22,0.22,0.22,16.7,90.0,0.0,0.0,0.1799419,6,21,3,0,,,,0.33548334,0.0,0.0,0.0,0.0
0.22,0.22,0.22,0.22,16.7,86.0,0.0,0.0,0.17443816,6,22,3,0,,,,0.32395834,0.0,0.0,0.0,0.0
0.22,0.22,0.22,0.22,16.7,86.0,0.0,0.0,0.16051862,6,23,3,0,,,,0.38194168,0.0,0.0,0.0,0.0
0.22,0.22,0.22,0.22,17.8,87.0,0.0,0.0,0.13879508,6,24,3,0,,,,0.75876665,0.0,0.0,0.0,0.0
0.22,0.22,0.22,0.22,17.2,81.0,0.0,0.0,0.13022883,6,1,4,0,,,,1.0489334,0.0,0.0,0.0,0.0
0.22,0.22,0.22,0.22,16.7,84.0,0.0,0.0,0.12766661,6,2,4,0,,,,0.65996665,0.0,0.0,0.0,0.0
0.22,0.22,0.22,0.22,16.7,86.0,0.0,0.0,0.12464973,6,3,4,0,,,,0.69201666,0.0,0.0,0.0,0.0
0.22,0.22,0.54,0.22,17.2,84.0,0.0,0.0,0.12449295,6,4,4,0,,,,0.50455,0.0,0.0,0.0,0.0
0.22,0.22,0.54,0.22,17.8,78.0,0.0,0.0,0.1340982,6,5,4,0,,,,0.43973333,0.0,0.0,0.0,0.0
0.22,0.22,0.54,0.22,17.8,78.0,13.0,0.0,0.14677754,6,6,4,0,,,,0.433,0.0,0.0,0.0,12.9875
0.22,0.22,0.54,0.22,18.3,76.0,109.0,11.0,0.1565408,6,7,4,0,,,,0.35703334,0.0,0.0,0.0,42.508335
0.22,0.22,0.54,0.22,18.9,73.0,270.0,92.0,0.16671365,6,8,4,0,,,,0.3568,0.0,0.0,0.0,165.76666
0.22,0.22,0.22,0.22,20.6,68.0,646.0,569.0,0.17623073,6,9,4,0,,,,0.35593334,0.0,0.0,0.0,328.9
0.22,0.54,0.22,0.22,21.7,66.0,834.0,770.0,0.18322937,6,10,4,0,,,,0.36366665,0.0,0.0,0.0,472.97916
0.22,0.54,0.22,0.22,21.7,66.0,947.0,823.0,0.18813206,6,11,4,0,,,,0.64343333,0.0,0.0,0.0,583.00415
0.22,0.54,0.22,0.22,21.7,66.0,1008.0,833.0,0.1965646,6,12,4,0,,,,1.1706834,0.0,0.0,0.0,662.48334
0.22,0.54,0.22,0.22,21.7,66.0,1003.0,831.0,0.20424548,6,13,4,0,,,,1.3281,0.0,0.0,0.0,705.9042
0.22,0.54,0.22,0.22,21.1,66.0,949.0,812.0,0.20423383,6,14,4,0,,,,2.44865,0.0,0.0,0.0,712.49585
0.22,0.22,0.22,0.22,21.1,68.0,831.0,745.0,0.21014333,6,15,4,0,,,,0.33513334,0.0,0.0,0.0,673.68335
0.54,0.22,0.22,0.54,20.6,73.0,644.0,645.0,0.21093267,6,16,4,0,,,,1.9878334,0.0,0.0,0.0,598.8625
0.54,0.22,0.22,0.54,20.0,76.0,451.0,469.0,0.20946363,6,17,4,0,,,,1.6899667,0.0,0.0,0.0,475.05417
0.54,0.22,0.22,0.54,19.4,79.0,222.0,194.0,0.2051609,6,18,4,0,,,,0.7355,0.0,0.0,0.0,294.17084
0.54,0.22,0.22,0.54,17.8,87.0,98.0,0.0,0.20210367,6,19,4,0,,,,1.6508167,0.0,0.0,0.0,57.191666
0.54,0.22,0.22,0.54,17.2,90.0,0.0,0.0,0.19604106,6,20,4,0,,,,0.4536,0.0,0.0,0.0,0.0
0.22,0.22,0.22,0.22,17.2,90.0,0.0,0.0,0.1949414,6,21,4,0,,,,0.48183334,0.0,0.0,0.0,0.0
0.22,0.22,0.22,0.22,17.2,90.0,0.0,0.0,0.18355982,6,22,4,0,,,,0.50145,0.0,0.0,0.0,0.0
0.22,0.22,0.22,0.22,17.8,87.0,0.0,0.0,0.17225957,6,23,4,0,,,,1.0143334,0.0,0.0,0.0,0.0
0.22,0.22,0.22,0.22,18.3,90.0,0.0,0.0,0.15348414,6,24,4,0,,,,1.8004583,0.0,0.0,0.0,0.0
0.22,0.22,0.22,0.22,17.8,87.0,0.0,0.0,0.14342871,6,1,5,0,,,,0.31523332,0.0,0.0,0.0,0.0
0.22,0.22,0.22,0.22,17.8,87.0,0.0,0.0,0.1439494,6,2,5,0,,,,0.28616667,0.0,0.0,0.0,0.0
0.22,0.22,0.22,0.22,17.8,84.0,0.0,0.0,0.14588156,6,3,5,0,,,,0.28585,0.0,0.0,0.0,0.0
0.22,0.22,0.54,0.22,17.8,84.0,0.0,0.0,0.1456238,6,4,5,0,,,,0.28471667,0.0,0.0,0.0,0.0
0.22,0.22,0.54,0.22,17.2,87.0,0.0,0.0,0.15126102,6,5,5,0,,,,0.28055,0.0,0.0,0.0,0.0
0.22,0.22,0.54,0.22,17.2,84.0,12.0,0.0,0.15904008,6,6,5,0,,,,0.30005,0.0,0.0,0.0,17.8875
0.22,0.22,0.54,0.22,17.2,84.0,46.0,0.0,0.1678792,6,7,5,0,,,,0.38733667,0.0,0.0,0.0,58.260834
0.22,0.22,0.54,0.22,17.8,84.0,123.0,0.0,0.18300213,6,8,5,0,,,,0.32873333,0.0,0.0,0.0,167.02083
0.22,0.22,0.22,0.22,18.9,78.0,312.0,53.0,0.193896,6,9,5,0,,,,0.32795,0.0,0.0,0.0,326.3375
0.22,0.54,0.22,0.22,20.6,68.0,784.0,569.0,0.20098647,6,10,5,0,,,,0.33593333,0.0,0.0,0.0,468.30417
0.22,0.54,0.22,0.22,21.1,68.0,947.0,769.0,0.20876858,6,11,5,0,,,,0.8036,0.0,0.0,0.0,584.65
0.22,0.54,0.22,0.22,21.1,68.0,966.0,707.0,0.21172474,6,12,5,0,,,,0.92078334,0.0,0.0,0.0,665.8417
0.22,0.54,0.22,0.22,21.7,68.0,1003.0,807.0,0.2169555,6,13,5,0,,,,3.00195,0.0,0.0,0.0,713.4125
0.22,0.54,0.22,0.22,22.2,66.0,949.0,812.0,0.21860652,6,14,5,0,,,,3.953,0.0,0.0,0.0,716.95416
0.22,0.22,0.22,0.22,21.1,68.0,831.0,770.0,0.22266896,6,15,5,0,,,,3.7797666,0.0,0.0,0.0,683.025
0.54,0.22,0.22,0.4,20.6,70.0,601.0,571.0,0.22364314,6,16,5,0,,,,3.7579167,0.0,0.0,0.0,606.0417
0.54,0.22,0.22,0.4,20.0,76.0,443.0,526.0,0.23512302,6,17,5,0,,,,2.3948834,0.0,0.0,0.0,478.42917
0.54,0.22,0.22,0.4,19.4,79.0,253.0,374.0,0.23685396,6,18,5,0,,,,3.024,0.0,0.0,0.0,302.60416
0.54,0.22,0.22,0.4,18.3,84.0,98.0,0.0,0.22753829,6,19,5,0,,,,1.3152,0.0,0.0,0.0,59.991665
0.54,0.22,0.22,0.4,17.8,87.0,0.0,0.0,0.21890889,6,20,5,0,,,,0.75563335,0.0,0.0,0.0,0.0
0.22,0.22,0.22,0.22,17.8,87.0,0.0,0.0,0.20999523,6,21,5,0,,,,0.71096665,0.0,0.0,0.0,0.0
0.22,0.22,0.22,0.22,18.0,84.0,0.0,0.0,0.19648525,6,22,5,0,,,,0.6245667,0.0,0.0,0.0,0.0
0.22,0.22,0.22,0.22,18.1,87.0,0.0,0.0,0.18693732,6,23,5,0,,,,0.7794833,0.0,0.0,0.0,0.0
0.22,0.22,0.22,0.22,17.8,87.0,0.0,0.0,0.16873579,6,24,5,0,,,,0.9332833,0.0,0.0,0.0,0.0
0.22,0.22,0.22,0.22,18.4,84.0,0.0,0.0,0.15137805,7,1,6,0,,,,0.5891167,0.0,0.0,0.0,0.0
0.22,0.22,0.22,0.22,18.6,81.0,0.0,0.0,0.14750665,7,2,6,0,,,,1.808,0.0,0.0,0.0,0.0
0.22,0.22,0.22,0.22,18.7,81.0,0.0,0.0,0.14242315,7,3,6,0,,,,1.0751166,0.0,0.0,0.0,0.0
0.22,0.22,0.4,0.22,18.9,81.0,0.0,0.0,0.14010388,7,4,6,0,,,,0.24745667,0.0,0.0,0.0,0.0
0.22,0.22,0.4,0.22,18.9,84.0,0.0,0.0,0.13946784,7,5,6,0,,,,0.26231667,0.0,0.0,0.0,0.0
0.22,0.22,0.4,0.22,18.9,84.0,15.0,0.0,0.14306337,7,6,6,0,,,,0.25318334,0.0,0.0,0.0,16.229166
0.22,0.22,0.4,0.22,19.4,79.0,59.0,0.0,0.14497702,7,7,6,0,,,,0.27833334,0.0,0.0,0.0,49.116665
0.22,0.22,0.4,0.22,20.0,73.0,132.0,0.0,0.15114196,7,8,6,0,,,,0.33243334,0.0,0.0,0.0,160.6875
0.22,0.22,0.22,0.22,20.6,73.0,312.0,53.0,0.17350553,7,9,6,0,,,,0.61808336,0.0,0.0,0.0,317.27084
0.22,0.4,0.22,0.22,22.2,68.0,784.0,587.0,0.18879312,7,10,6,0,,,,1.74625,0.0,0.0,0.0,464.3
0.22,0.4,0.22,0.22,22.2,66.0,923.0,787.0,0.19362828,7,11,6,0,,,,0.22828333,0.0,0.0,0.0,580.4125
0.22,0.4,0.22,0.22,21.7,66.0,984.0,803.0,0.19823486,7,12,6,0,,,,1.9401833,0.0,0.0,0.0,662.45416
0.22,0.4,0.22,0.22,22.8,61.0,966.0,753.0,0.1998482,7,13,6,0,,,,0.8451,0.0,0.0,0.0,703.44586
0.22,0.4,0.22,0.22,22.2,66.0,904.0,739.0,0.20028569,7,14,6,0,,,,1.97135,0.0,0.0,0.0,709.8542
0.22,0.22,0.22,0.22,22.8,64.0,778.0,696.0,0.19886151,7,15,6,0,,,,1.6623666,0.0,0.0,0.0,679.57086
0.4,0.22,0.22,0.4,22.2,68.0,615.0,614.0,0.19704941,7,16,6,0,,,,0.40388334,0.0,0.0,0.0,603.0917
0.4,0.22,0.22,0.4,21.7,73.0,419.0,481.0,0.20315722,7,17,6,0,,,,1.2061334,0.0,0.0,0.0,477.66666
0.4,0.22,0.22,0.4,20.0,81.0,243.0,324.0,0.20117192,7,18,6,0,,,,1.6074667,0.0,0.0,0.0,297.9375
0.4,0.22,0.22,0.4,18.9,84.0,0.0,0.0,0.19191718,7,19,6,0,,,,0.8861334,0.0,0.0,0.0,0.0
0.4,0.22,0.22,0.4,18.9,84.0,0.0,0.0,0.1838923,7,20,6,0,,,,0.33798334,0.0,0.0,0.0,0.0
0.22,0.22,0.22,0.22,18.3,87.0,0.0,0.0,0.17638333,7,21,6,0,,,,0.67305,0.0,0.0,0.0,0.0
0.22,0.22,0.22,0.22,17.8,87.0,0.0,0.0,0.1689247,7,22,6,0,,,,0.35323334,0.0,0.0,0.0,0.0
0.22,0.22,0.22,0.22,17.8,87.0,0.0,0.0,0.16521612,7,23,6,0,,,,0.5650833,0.0,0.0,0.0,0.0
0.22,0.22,0.22,0.22,17.8,80.0,0.0,0.0,0.16038184,7,24,6,0,,,,1.1367667,0.0,0.0,0.0,0.0
0.22,0.22,0.22,0.22,18.3,84.0,0.0,0.0,0.14868253,7,1,7,0,,,,2.9606667,0.0,0.0,0.0,0.0
0.22,0.22,0.22,0.22,18.3,84.0,0.0,0.0,0.14228258,7,2,7,0,,,,0.6157333,0.0,0.0,0.0,0.0
0.22,0.22,0.22,0.22,18.9,81.0,0.0,0.0,0.13828741,7,3,7,0,,,,0.39806667,0.0,0.0,0.0,0.0
0.22,0.22,0.4,0.22,18.9,78.0,0.0,0.0,0.13857713,7,4,7,0,,,,0.35388333,0.0,0.0,0.0,0.0
0.22,0.22,0.4,0.22,18.9,78.0,0.0,0.0,0.1381304,7,5,7,0,,,,0.34995,0.0,0.0,0.0,0.0
0.22,0.22,0.4,0.22,19.4,76.0,27.0,0.0,0.14116126,7,6,7,0,,,,0.34231666,0.0,0.0,0.0,13.8
0.22,0.22,0.4,0.22,19.4,76.0,134.0,22.0,0.14199169,7,7,7,0,,,,0.34691668,0.0,0.0,0.0,42.841667
0.22,0.22,0.4,0.22,20.6,70.0,260.0,75.0,0.1531063,7,8,7,0,,,,0.35453334,0.0,0.0,0.0,158.88333
0.22,0.22,0.22,0.22,22.2,64.0,582.0,475.0,0.16830485,7,9,7,0,,,,0.7644167,0.0,0.0,0.0,318.325
0.22,0.4,0.22,0.22,22.8,64.0,784.0,640.0,0.1805304,7,10,7,0,,,,1.9397334,0.0,0.0,0.0,464.9375
0.22,0.4,0.22,0.22,22.2,66.0,912.0,752.0,0.18765865,7,11,7,0,,,,0.34546667,0.0,0.0,0.0,582.8625
0.22,0.4,0.22,0.22,22.2,66.0,977.0,785.0,0.18724345,7,12,7,0,,,,1.5436333,0.0,0.0,0.0,666.7167
0.22,0.4,0.22,0.22,22.2,66.0,984.0,807.0,0.1883751,7,13,7,0,,,,2.16325,0.0,0.0,0.0,710.8875
0.22,0.4,0.22,0.22,22.8,64.0,904.0,727.0,0.18757726,7,14,7,0,,,,2.0224333,0.0,0.0,0.0,711.575
0.22,0.22,0.22,0.22,22.2,68.0,778.0,660.0,0.19006288,7,15,7,0,,,,3.7239,0.0,0.0,0.0,683.48334
0.4,0.22,0.22,0.54,21.7,70.0,580.0,478.0,0.1930377,7,16,7,0,,,,1.4332334,0.0,0.0,0.0,614.625
0.4,0.22,0.22,0.54,20.6,78.0,411.0,366.0,0.19698048,7,17,7,0,,,,3.4075334,0.0,0.0,0.0,501.51666
0.4,0.22,0.22,0.54,19.4,79.0,74.0,0.0,0.20038146,7,18,7,0,,,,0.86536664,0.0,0.0,0.0,335.98334
0.4,0.22,0.22,0.54,18.9,78.0,0.0,0.0,0.20084298,7,19,7,0,,,,2.2817,0.0,0.0,0.0,0.0
0.4,0.22,0.22,0.54,18.9,75.0,0.0,0.0,0.19504647,7,20,7,0,,,,0.65751666,0.0,0.0,0.0,0.0
0.22,0.22,0.22,0.22,18.3,84.0,0.0,0.0,0.1892734,7,21,7,0,,,,2.1511166,0.0,0.0,0.0,0.0
0.22,0.22,0.22,0.22,18.3,76.0,0.0,0.0,0.17853653,7,22,7,0,,,,1.0674833,0.0,0.0,0.0,0.0
0.22,0.22,0.22,0.22,17.8,78.0,0.0,0.0,0.16422024,7,23,7,0,,,,1.0660666,0.0,0.0,0.0,0.0
0.22,0.22,0.22,0.22,16.7,84.0,0.0,0.0,0.15506104,7,24,7,0,,,,0.7842583,0.0,0.0,0.0,0.0
0.22,0.22,0.22,0.22,17.8,84.0,0.0,0.0,0.15291749,7,1,1,0,,,,1.6343833,0.0,0.0,0.0,0.0
0.22,0.22,0.22,0.22,17.2,84.0,0.0,0.0,0.14547846,7,2,1,0,,,,2.2795167,0.0,0.0,0.0,0.0
0.22,0.22,0.22,0.22,18.0,83.0,0.0,0.0,0.14642379,7,3,1,0,,,,0.99543333,0.0,0.0,0.0,0.0
0.22,0.22,0.54,0.22,17.8,84.0,0.0,0.0,0.14793412,7,4,1,0,,,,0.31801668,0.0,0.0,0.0,0.0
0.22,0.22,0.54,0.22,18.3,81.0,0.0,0.0,0.14947595,7,5,1,0,,,,0.38691667,0.0,0.0,0.0,0.0
0.22,0.22,0.54,0.22,18.3,78.0,19.0,0.0,0.15370049,7,6,1,0,,,,0.5402667,0.0,0.0,0.0,7.1208334
0.22,0.22,0.54,0.22,19.4,70.0,100.0,0.0,0.16248216,7,7,1,0,,,,0.7569,0.0,0.0,0.0,34.904167
0.22,0.22,0.54,0.22,20.0,68.0,421.0,465.0,0.17312337,7,8,1,0,,,,0.22308333,0.0,0.0,0.0,155.7625
0.22,0.22,0.22,0.22,21.7,59.0,555.0,451.0,0.18675512,7,9,1,0,,,,0.2217,0.0,0.0,0.0,322.11667
0.22,0.54,0.22,0.22,21.7,66.0,795.0,681.0,0.19409922,7,10,1,0,,,,2.2593834,0.0,0.0,0.0,471.90833
0.22,0.54,0.22,0.22,22.2,64.0,917.0,775.0,0.19669262,7,11,1,0,,,,2.1719167,0.0,0.0,0.0,587.2917
0.22,0.54,0.22,0.22,22.2,61.0,983.0,803.0,0.19811663,7,12,1,0,,,,0.59861666,0.0,0.0,0.0,660.9792
0.22,0.54,0.22,0.22,22.2,61.0,953.0,717.0,0.20399031,7,13,1,0,,,,3.5516167,0.0,0.0,0.0,704.9
0.22,0.54,0.22,0.22,21.7,63.0,904.0,739.0,0.21161632,7,14,1,0,,,,0.9059167,0.0,0.0,0.0,713.725
0.22,0.22,0.22,0.22,21.1,66.0,784.0,684.0,0.21743983,7,15,1,0,,,,2.785,0.0,0.0,0.0,682.8958
0.54,0.22,0.22,0.54,21.1,66.0,573.0,453.0,0.20947091,7,16,1,0,,,,2.8471334,0.0,0.0,0.0,608.4083
0.54,0.22,0.22,0.54,20.0,68.0,427.0,494.0,0.20707749,7,17,1,0,,,,2.1725833,0.0,0.0,0.0,491.55
0.54,0.22,0.22,0.54,20.0,68.0,233.0,281.0,0.20437714,7,18,1,0,,,,0.3174,0.0,0.0,0.0,327.35416
0.54,0.22,0.22,0.54,18.9,70.0,0.0,0.0,0.20672561,7,19,1,0,,,,0.34183335,0.0,0.0,0.0,0.0
0.54,0.22,0.22,0.54,17.8,78.0,0.0,0.0,0.19949646,7,20,1,0,,,,1.1569,0.0,0.0,0.0,0.0
0.22,0.22,0.22,0.22,17.2,81.0,0.0,0.0,0.19336446,7,21,1,0,,,,1.0833833,0.0,0.0,0.0,0.0
0.22,0.22,0.22,0.22,17.2,81.0,0.0,0.0,0.18276355,7,22,1,0,,,,1.3679667,0.0,0.0,0.0,0.0
0.22,0.22,0.22,0.22,17.2,84.0,0.0,0.0,0.17542605,7,23,1,0,,,,1.4008,0.0,0.0,0.0,0.0
0.22,0.22,0.22,0.22,16.1,87.0,0.0,0.0,0.1595436,7,24,1,0,,,,0.910425,0.0,0.0,0.0,0.0
0.22,0.22,0.22,0.22,17.2,81.0,0.0,0.0,0.15210399,7,1,2,0,,,,0.68198335,0.0,0.0,0.0,0.0
0.22,0.22,0.22,0.22,16.7,84.0,0.0,0.0,0.14678858,7,2,2,0,,,,0.9829583,0.0,0.0,0.0,0.0
0.22,0.22,0.22,0.22,16.7,80.0,0.0,0.0,0.14534543,7,3,2,0,,,,0.3346,0.0,0.0,0.0,0.0
0.22,0.22,0.54,0.22,16.7,84.0,0.0,0.0,0.14481083,7,4,2,0,,,,0.32841668,0.0,0.0,0.0,0.0
0.22,0.22,0.54,0.22,17.2,81.0,0.0,0.0,0.14173265,7,5,2,0,,,,0.32321668,0.0,0.0,0.0,0.0
0.22,0.22,0.54,0.22,17.8,78.0,22.0,0.0,0.14157125,7,6,2,0,,,,0.30653334,0.0,0.0,0.0,7.625
0.22,0.22,0.54,0.22,18.9,70.0,221.0,234.0,0.14031921,7,7,2,0,,,,0.31295,0.0,0.0,0.0,35.05
0.22,0.22,0.54,0.22,19.4,68.0,230.0,63.0,0.14264242,7,8,2,0,,,,0.86838335,0.0,0.0,0.0,148.0375
0.22,0.22,0.22,0.22,20.6,61.0,513.0,317.0,0.15551765,7,9,2,0,,,,0.92355,0.0,0.0,0.0,305.49167
0.22,0.54,0.22,0.22,21.7,57.0,672.0,409.0,0.1689589,7,10,2,0,,,,1.9639833,0.0,0.0,0.0,448.60416
0.22,0.54,0.22,0.22,22.2,61.0,923.0,746.0,0.18109228,7,11,2,0,,,,1.1806667,0.0,0.0,0.0,562.8
0.22,0.54,0.22,0.22,22.2,59.0,989.0,821.0,0.18729648,7,12,2,0,,,,1.4289,0.0,0.0,0.0,639.94586
0.22,0.54,0.22,0.22,22.8,57.0,984.0,813.0,0.19292925,7,13,2,0,,,,2.38805,0.0,0.0,0.0,676.2125
0.22,0.54,0.22,0.22,22.2,61.0,911.0,763.0,0.1949735,7,14,2,0,,,,3.9313667,0.0,0.0,0.0,685.14166
0.22,0.22,0.22,0.22,21.1,66.0,791.0,733.0,0.19944131,7,15,2,0,,,,4.2433167,0.0,0.0,0.0,652.7875
0.54,0.22,0.22,0.54,21.1,63.0,630.0,664.0,0.1990469,7,16,2,0,,,,4.2559667,0.0,0.0,0.0,576.2708
0.54,0.22,0.22,0.54,20.0,70.0,443.0,539.0,0.19925232,7,17,2,0,,,,4.23005,0.0,0.0,0.0,457.8
0.54,0.22,0.22,0.54,19.4,68.0,244.0,331.0,0.2003579,7,18,2,0,,,,4.1638,0.0,0.0,0.0,292.34583
0.54,0.22,0.22,0.54,18.3,73.0,0.0,0.0,0.1959517,7,19,2,0,,,,3.7958667,0.0,0.0,0.0,0.0
0.54,0.22,0.22,0.54,18.3,73.0,0.0,0.0,0.19016951,7,20,2,0,,,,3.1167,0.0,0.0,0.0,0.0
0.22,0.22,0.22,0.22,17.8,78.0,0.0,0.0,0.18942235,7,21,2,0,,,,2.5188832,0.0,0.0,0.0,0.0
0.22,0.22,0.22,0.22,17.2,81.0,0.0,0.0,0.17651792,7,22,2,0,,,,0.93515,0.0,0.0,0.0,0.0
0.22,0.22,0.22,0.22,16.7,84.0,0.0,0.0,0.16391481,7,23,2,0,,,,1.1718667,0.0,0.0,0.0,0.0
0.22,0.22,0.22,0.22,17.8,84.0,0.0,0.0,0.15092893,7,24,2,0,,,,1.228975,0.0,0.0,0.0,0.0
0.22,0.22,0.22,0.22,16.1,83.0,0.0,0.0,0.1436428,7,1,3,0,,,,0.55916667,0.0,0.0,0.0,0.0
0.22,0.22,0.22,0.22,16.1,83.0,0.0,0.0,0.14173296,7,2,3,0,,,,0.33088332,0.0,0.0,0.0,0.0
0.22,0.22,0.22,0.22,16.1,83.0,0.0,0.0,0.14215127,7,3,3,0,,,,0.33333334,0.0,0.0,0.0,0.0
0.22,0.22,0.54,0.22,16.7,84.0,0.0,0.0,0.14169829,7,4,3,0,,,,0.32731667,0.0,0.0,0.0,0.0
0.22,0.22,0.54,0.22,15.6,86.0,0.0,0.0,0.1434607,7,5,3,0,,,,0.32368332,0.0,0.0,0.0,0.0
0.22,0.22,0.54,0.22,16.7,84.0,21.0,0.0,0.1499338,7,6,3,0,,,,0.30636665,0.0,0.0,0.0,11.970834
0.22,0.22,0.54,0.22,17.2,81.0,112.0,5.0,0.16016565,7,7,3,0,,,,0.31268334,0.0,0.0,0.0,40.31875
0.22,0.22,0.54,0.22,18.3,76.0,191.0,23.0,0.17441323,7,8,3,0,,,,0.3193,0.0,0.0,0.0,144.55417
0.22,0.22,0.22,0.22,19.4,68.0,518.0,305.0,0.18986182,7,9,3,0,,,,0.85285,0.0,0.0,0.0,292.81668
0.22,0.54,0.22,0.22,20.6,65.0,783.0,628.0,0.19597234,7,10,3,0,,,,0.8977417,0.0,0.0,0.0,432.2396
0.22,0.54,0.22,0.22,21.1,66.0,917.0,775.0,0.20330952,7,11,3,0,,,,1.4654666,0.0,0.0,0.0,539.43335
0.22,0.54,0.22,0.22,21.7,61.0,983.0,803.0,0.21010433,7,12,3,0,,,,2.7962832,0.0,0.0,0.0,616.3542
0.22,0.54,0.22,0.22,21.1,63.0,972.0,777.0,0.21386792,7,13,3,0,,,,3.8058,0.0,0.0,0.0,587.57086
0.22,0.54,0.22,0.22,20.6,65.0,904.0,727.0,0.21344218,7,14,3,0,,,,2.04935,0.0,0.0,0.0,446.69583
0.22,0.22,0.22,0.22,20.6,65.0,778.0,696.0,0.21230052,7,15,3,0,,,,0.3802,0.0,0.0,0.0,627.05414
0.54,0.22,0.22,0.54,20.6,65.0,630.0,664.0,0.21366665,7,16,3,0,,,,2.4475167,0.0,0.0,0.0,527.51666
0.54,0.22,0.22,0.54,20.0,70.0,427.0,514.0,0.21591368,7,17,3,0,,,,2.3855,0.0,0.0,0.0,429.16666
0.54,0.22,0.22,0.54,19.4,73.0,244.0,331.0,0.2142405,7,18,3,0,,,,1.7330834,0.0,0.0,0.0,257.25
0.54,0.22,0.22,0.54,18.3,76.0,0.0,0.0,0.21188681,7,19,3,0,,,,2.0106332,0.0,0.0,0.0,0.0
0.54,0.22,0.22,0.54,18.3,76.0,0.0,0.0,0.2111487,7,20,3,0,,,,2.1097834,0.0,0.0,0.0,0.0
0.22,0.22,0.22,0.22,18.3,78.0,0.0,0.0,0.2022319,7,21,3,0,,,,1.7723833,0.0,0.0,0.0,0.0
0.22,0.22,0.22,0.22,18.3,81.0,0.0,0.0,0.1847043,7,22,3,0,,,,1.4207667,0.0,0.0,0.0,0.0
0.22,0.22,0.22,0.22,18.3,78.0,0.0,0.0,0.16524842,7,23,3,0,,,,1.6303333,0.0,0.0,0.0,0.0
0.22,0.22,0.22,0.22,16.7,84.0,0.0,0.0,0.13723041,7,24,3,0,,,,1.6662166,0.0,0.0,0.0,0.0
0.22,0.22,0.22,0.22,17.8,84.0,0.0,0.0,0.13126524,7,1,4,0,,,,0.85575,0.0,0.0,0.0,0.0
0.22,0.22,0.22,0.22,17.8,87.0,0.0,0.0,0.12964748,7,2,4,0,,,,1.3949333,0.0,0.0,0.0,0.0
0.22,0.22,0.22,0.22,17.8,87.0,0.0,0.0,0.1296605,7,3,4,0,,,,3.2604833,0.0,0.0,0.0,0.0
0.22,0.22,0.54,0.22,17.2,87.0,0.0,0.0,0.12902428,7,4,4,0,,,,1.4223167,0.0,0.0,0.0,0.0
0.22,0.22,0.54,0.22,17.2,90.0,0.0,0.0,0.13270083,7,5,4,0,,,,0.34583333,0.0,0.0,0.0,0.0
0.22,0.22,0.54,0.22,17.8,84.0,28.0,0.0,0.14307469,7,6,4,0,,,,0.39337084,0.0,0.0,0.0,20.007292
0.22,0.22,0.54,0.22,18.3,81.0,100.0,0.0,0.14578384,7,7,4,0,,,,1.6894333,0.0,0.0,0.0,55.204166
0.22,0.22,0.54,0.22,20.0,73.0,210.0,34.0,0.15756997,7,8,4,0,,,,1.4940667,0.0,0.0,0.0,141.85834
0.22,0.22,0.22,0.22,21.1,71.0,528.0,334.0,0.17859167,7,9,4,0,,,,0.28471667,0.0,0.0,0.0,285.05417
0.22,0.54,0.22,0.22,21.1,68.0,794.0,664.0,0.18582195,7,10,4,0,,,,0.26363334,0.0,0.0,0.0,423.225
0.22,0.54,0.22,0.22,21.7,66.0,842.0,573.0,0.1927138,7,11,4,0,,,,0.2713,0.0,0.0,0.0,533.7708
0.22,0.54,0.22,0.22,22.2,64.0,983.0,785.0,0.19636193,7,12,4,0,,,,1.3093166,0.0,0.0,0.0,613.8333
0.22,0.54,0.22,0.22,21.7,66.0,984.0,813.0,0.19370522,7,13,4,0,,,,1.3357167,0.0,0.0,0.0,658.12085
0.22,0.54,0.22,0.22,21.7,66.0,917.0,781.0,0.19777887,7,14,4,0,,,,1.9564667,0.0,0.0,0.0,667.86664
0.22,0.22,0.22,0.22,21.1,71.0,791.0,733.0,0.2039413,7,15,4,0,,,,2.5931833,0.0,0.0,0.0,632.1667
0.54,0.22,0.22,0.54,21.1,68.0,623.0,657.0,0.20802122,7,16,4,0,,,,2.2906334,0.0,0.0,0.0,484.1625
0.54,0.22,0.22,0.54,20.0,70.0,443.0,539.0,0.20300905,7,17,4,0,,,,2.63245,0.0,0.0,0.0,358.8375
0.54,0.22,0.22,0.54,19.4,73.0,244.0,331.0,0.19782497,7,18,4,0,,,,2.82135,0.0,0.0,0.0,139.82916
0.54,0.22,0.22,0.54,18.9,73.0,0.0,0.0,0.19260418,7,19,4,0,,,,1.5171167,0.0,0.0,0.0,0.0
0.54,0.22,0.22,0.54,18.3,76.0,0.0,0.0,0.19103342,7,20,4,0,,,,2.0690167,0.0,0.0,0.0,0.0
0.22,0.22,0.22,0.22,17.8,78.0,0.0,0.0,0.18679124,7,21,4,0,,,,1.4857666,0.0,0.0,0.0,0.0
0.22,0.22,0.22,0.22,17.8,80.0,0.0,0.0,0.17329356,7,22,4,0,,,,1.4300667,0.0,0.0,0.0,0.0
0.22,0.22,0.22,0.22,17.2,81.0,0.0,0.0,0.1585541,7,23,4,0,,,,1.6410667,0.0,0.0,0.0,0.0
0.22,0.22,0.22,0.22,17.2,81.0,0.0,0.0,0.14858024,7,24,4,0,,,,2.551425,0.0,0.0,0.0,0.0
0.22,0.22,0.22,0.22,17.2,78.0,0.0,0.0,0.13249765,7,1,5,0,,,,3.6765332,0.0,0.0,0.0,0.0
0.22,0.22,0.22,0.22,17.2,81.0,0.0,0.0,0.1258462,7,2,5,0,,,,1.0257167,0.0,0.0,0.0,0.0
0.22,0.22,0.22,0.22,16.7,84.0,0.0,0.0,0.12248437,7,3,5,0,,,,0.35,0.0,0.0,0.0,0.0
0.22,0.22,0.54,0.22,16.7,86.0,0.0,0.0,0.12257253,7,4,5,0,,,,0.34515,0.0,0.0,0.0,0.0
0.22,0.22,0.54,0.22,16.1,87.0,0.0,0.0,0.12790114,7,5,5,0,,,,2.41665,0.0,0.0,0.0,0.0
0.22,0.22,0.54,0.22,17.2,84.0,26.0,0.0,0.13930619,7,6,5,0,,,,0.3316,0.0,0.0,0.0,9.770833
0.22,0.22,0.54,0.22,18.3,78.0,124.0,22.0,0.15887536,7,7,5,0,,,,0.6821,0.0,0.0,0.0,35.7625
0.22,0.22,0.54,0.22,20.6,68.0,278.0,115.0,0.17155254,7,8,5,0,,,,2.5644834,0.0,0.0,0.0,138.17917
0.22,0.22,0.22,0.22,20.6,68.0,623.0,586.0,0.18158816,7,9,5,0,,,,0.31621668,0.0,0.0,0.0,286.56668
0.22,0.54,0.22,0.22,21.1,66.0,800.0,735.0,0.19336888,7,10,5,0,,,,0.32675,0.0,0.0,0.0,424.475
0.22,0.54,0.22,0.22,21.1,68.0,928.0,817.0,0.1934937,7,11,5,0,,,,0.33338332,0.0,0.0,0.0,533.4042
0.22,0.54,0.22,0.22,22.2,64.0,989.0,827.0,0.19613332,7,12,5,0,,,,1.9038833,0.0,0.0,0.0,608.49585
0.22,0.54,0.22,0.22,22.2,64.0,978.0,795.0,0.1912116,7,13,5,0,,,,1.95815,0.0,0.0,0.0,636.69165
0.22,0.54,0.22,0.22,21.7,68.0,904.0,727.0,0.1961187,7,14,5,0,,,,2.2007666,0.0,0.0,0.0,681.51666
0.22,0.22,0.22,0.22,21.1,68.0,784.0,715.0,0.19907637,7,15,5,0,,,,2.4511666,0.0,0.0,0.0,647.63336
0.54,0.22,0.22,0.4,20.6,70.0,637.0,682.0,0.201368,7,16,5,0,,,,3.1107666,0.0,0.0,0.0,567.60834
0.54,0.22,0.22,0.4,20.0,73.0,443.0,527.0,0.2027408,7,17,5,0,,,,2.44095,0.0,0.0,0.0,415.30417
0.54,0.22,0.22,0.4,18.9,78.0,245.0,339.0,0.19925681,7,18,5,0,,,,3.2579334,0.0,0.0,0.0,281.57916
0.54,0.22,0.22,0.4,18.3,81.0,0.0,0.0,0.19648808,7,19,5,0,,,,2.1169,0.0,0.0,0.0,0.0
0.54,0.22,0.22,0.4,17.8,84.0,0.0,0.0,0.19067639,7,20,5,0,,,,1.95075,0.0,0.0,0.0,0.0
0.22,0.22,0.22,0.22,17.8,78.0,0.0,0.0,0.18505614,7,21,5,0,,,,3.6185668,0.0,0.0,0.0,0.0
0.22,0.22,0.22,0.22,17.8,75.0,0.0,0.0,0.17839609,7,22,5,0,,,,3.58615,0.0,0.0,0.0,0.0
0.22,0.22,0.22,0.22,17.8,78.0,0.0,0.0,0.17070259,7,23,5,0,,,,1.6059667,0.0,0.0,0.0,0.0
0.22,0.22,0.22,0.22,17.8,80.0,0.0,0.0,0.14644814,7,24,5,0,,,,3.8611667,0.0,0.0,0.0,0.0
0.22,0.22,0.22,0.22,17.8,78.0,0.0,0.0,0.13726214,7,1,6,0,,,,0.90931666,0.0,0.0,0.0,0.0
0.22,0.22,0.22,0.22,17.2,81.0,0.0,0.0,0.1288821,7,2,6,0,,,,1.3769,0.0,0.0,0.0,0.0
0.22,0.22,0.22,0.22,17.0,82.0,0.0,0.0,0.1291399,7,3,6,0,,,,1.66555,0.0,0.0,0.0,0.0
0.22,0.22,0.4,0.22,17.8,78.0,0.0,0.0,0.12947956,7,4,6,0,,,,0.39816666,0.0,0.0,0.0,0.0
0.22,0.22,0.4,0.22,17.8,78.0,0.0,0.0,0.1311204,7,5,6,0,,,,0.40966666,0.0,0.0,0.0,0.0
0.22,0.22,0.4,0.22,18.3,76.0,16.0,0.0,0.13259919,7,6,6,0,,,,1.0422333,0.0,0.0,0.0,11.0125
0.22,0.22,0.4,0.22,18.9,73.0,62.0,0.0,0.1365581,7,7,6,0,,,,0.3135,0.0,0.0,0.0,39.720833
0.22,0.22,0.4,0.22,20.0,68.0,307.0,178.0,0.13945962,7,8,6,0,,,,2.3136168,0.0,0.0,0.0,140.27916
0.22,0.22,0.22,0.22,21.0,60.0,586.0,527.0,0.15360816,7,9,6,0,,,,0.95405,0.0,0.0,0.0,285.78333
0.22,0.4,0.22,0.22,21.1,63.0,783.0,652.0,0.16678426,7,10,6,0,,,,2.7028167,0.0,0.0,0.0,434.45
0.22,0.4,0.22,0.22,22.2,57.0,917.0,781.0,0.17607738,7,11,6,0,,,,2.5643167,0.0,0.0,0.0,562.32086
0.22,0.4,0.22,0.22,22.8,57.0,983.0,809.0,0.18443526,7,12,6,0,,,,3.5889,0.0,0.0,0.0,618.25
0.22,0.4,0.22,0.22,21.7,61.0,972.0,777.0,0.18842965,7,13,6,0,,,,2.0624332,0.0,0.0,0.0,644.86664
0.22,0.4,0.22,0.22,21.7,63.0,904.0,727.0,0.18830313,7,14,6,0,,,,3.9259834,0.0,0.0,0.0,673.45416
0.22,0.22,0.22,0.22,21.1,71.0,778.0,660.0,0.19131218,7,15,6,0,,,,3.4724834,0.0,0.0,0.0,664.5208
0.4,0.22,0.22,0.4,20.6,73.0,595.0,533.0,0.19228952,7,16,6,0,,,,2.4664,0.0,0.0,0.0,572.0625
0.4,0.22,0.22,0.4,20.0,73.0,388.0,360.0,0.19403028,7,17,6,0,,,,3.4806166,0.0,0.0,0.0,298.95
0.4,0.22,0.22,0.4,19.4,76.0,234.0,267.0,0.1963761,7,18,6,0,,,,1.1736667,0.0,0.0,0.0,159.2875
0.4,0.22,0.22,0.4,18.3,78.0,0.0,0.0,0.1889987,7,19,6,0,,,,1.5173334,0.0,0.0,0.0,0.0
0.4,0.22,0.22,0.4,18.3,76.0,0.0,0.0,0.17975417,7,20,6,0,,,,2.2954166,0.0,0.0,0.0,0.0
0.22,0.22,0.22,0.22,17.8,78.0,0.0,0.0,0.1742392,7,21,6,0,,,,1.51705,0.0,0.0,0.0,0.0
0.22,0.22,0.22,0.22,17.8,84.0,0.0,0.0,0.16383593,7,22,6,0,,,,2.1323833,0.0,0.0,0.0,0.0
0.22,0.22,0.22,0.22,17.8,84.0,0.0,0.0,0.15492885,7,23,6,0,,,,1.5932667,0.0,0.0,0.0,0.0
0.22,0.22,0.22,0.22,17.2,84.0,0.0,0.0,0.13789812,7,24,6,0,,,,3.0691833,0.0,0.0,0.0,0.0
0.22,0.22,0.22,0.22,17.8,80.0,0.0,0.0,0.12729272,7,1,7,0,,,,3.7795832,0.0,0.0,0.0,0.0
0.22,0.22,0.22,0.22,17.2,84.0,0.0,0.0,0.12185267,7,2,7,0,,,,1.2667667,0.0,0.0,0.0,0.0
0.22,0.22,0.22,0.22,16.7,86.0,0.0,0.0,0.11932324,7,3,7,0,,,,0.27718332,0.0,0.0,0.0,0.0
0.22,0.22,0.4,0.22,16.1,87.0,0.0,0.0,0.12104176,7,4,7,0,,,,2.3122168,0.0,0.0,0.0,0.0
0.22,0.22,0.4,0.22,17.2,84.0,0.0,0.0,0.11874646,7,5,7,0,,,,0.25761667,0.0,0.0,0.0,0.0
0.22,0.22,0.4,0.22,18.3,78.0,18.0,0.0,0.11831547,7,6,7,0,,,,0.28536665,0.0,0.0,0.0,9.995833
0.22,0.22,0.4,0.22,18.9,75.0,112.0,11.0,0.116376415,7,7,7,0,,,,0.70185,0.0,0.0,0.0,61.970833
0.22,0.22,0.4,0.22,18.9,75.0,166.0,6.0,0.11803756,7,8,7,0,,,,2.5036166,0.0,0.0,0.0,101.92917
0.22,0.22,0.22,0.22,18.9,78.0,269.0,29.0,0.12925845,7,9,7,0,,,,0.6476167,0.0,0.0,0.0,302.29166
0.22,0.4,0.22,0.22,20.0,73.0,766.0,551.0,0.14355205,7,10,7,0,,,,2.6421666,0.0,0.0,0.0,317.325
0.22,0.4,0.22,0.22,21.1,68.0,813.0,525.0,0.155669,7,11,7,0,,,,0.31293333,0.0,0.0,0.0,330.9125
0.22,0.4,0.22,0.22,21.1,68.0,983.0,761.0,0.16175051,7,12,7,0,,,,0.33393332,0.0,0.0,0.0,630.0375
0.22,0.4,0.22,0.22,21.7,63.0,972.0,777.0,0.16071248,7,13,7,0,,,,0.34068334,0.0,0.0,0.0,648.57086
0.22,0.4,0.22,0.22,21.7,63.0,904.0,727.0,0.16615078,7,14,7,0,,,,0.51586664,0.0,0.0,0.0,681.4583
0.22,0.22,0.22,0.22,22.2,61.0,778.0,696.0,0.17065601,7,15,7,0,,,,1.8967,0.0,0.0,0.0,643.6375
0.4,0.22,0.22,0.54,20.6,68.0,616.0,633.0,0.17372404,7,16,7,0,,,,2.4163334,0.0,0.0,0.0,425.3375
0.4,0.22,0.22,0.54,19.4,73.0,428.0,495.0,0.1774812,7,17,7,0,,,,2.3586,0.0,0.0,0.0,281.05
0.4,0.22,0.22,0.54,18.9,75.0,235.0,296.0,0.18545902,7,18,7,0,,,,2.1152666,0.0,0.0,0.0,96.125
0.4,0.22,0.22,0.54,17.8,78.0,0.0,0.0,0.18033583,7,19,7,0,,,,1.6741166,0.0,0.0,0.0,0.0
0.4,0.22,0.22,0.54,17.2,84.0,0.0,0.0,0.17296222,7,20,7,0,,,,0.84776664,0.0,0.0,0.0,0.0
0.22,0.22,0.22,0.22,17.2,84.0,0.0,0.0,0.17582959,7,21,7,0,,,,2.3050833,0.0,0.0,0.0,0.0
0.22,0.22,0.22,0.22,17.2,81.0,0.0,0.0,0.16123481,7,22,7,0,,,,0.8627667,0.0,0.0,0.0,0.0
0.22,0.22,0.22,0.22,16.7,84.0,0.0,0.0,0.14820288,7,23,7,0,,,,0.7442167,0.0,0.0,0.0,0.0
0.22,0.22,0.22,0.22,17.2,84.0,0.0,0.0,0.13283402,7,24,7,0,,,,3.0307167,0.0,0.0,0.0,0.0
0.22,0.22,0.22,0.22,17.2,81.0,0.0,0.0,0.12890637,7,1,1,0,,,,2.9994,0.0,0.0,0.0,0.0
0.22,0.22,0.22,0.22,17.2,81.0,0.0,0.0,0.12753764,7,2,1,0,,,,0.68221664,0.0,0.0,0.0,0.0
0.22,0.22,0.22,0.22,17.2,81.0,0.0,0.0,0.12485642,7,3,1,0,,,,1.59555,0.0,0.0,0.0,0.0
0.22,0.22,0.54,0.22,17.8,78.0,0.0,0.0,0.12698877,7,4,1,0,,,,0.4069,0.0,0.0,0.0,0.0
0.22,0.22,0.54,0.22,17.8,78.0,0.0,0.0,0.1351047,7,5,1,0,,,,0.4029,0.0,0.0,0.0,0.0
0.22,0.22,0.54,0.22,18.3,73.0,16.0,0.0,0.14742577,7,6,1,0,,,,1.8436,0.0,0.0,0.0,9.325
0.22,0.22,0.54,0.22,18.3,70.0,66.0,0.0,0.15967028,7,7,1,0,,,,0.7126667,0.0,0.0,0.0,35.3875
0.22,0.22,0.54,0.22,20.0,63.0,166.0,11.0,0.17237437,7,8,1,0,,,,0.49416667,0.0,0.0,0.0,133.84166
0.22,0.22,0.22,0.22,21.1,61.0,575.0,475.0,0.17964582,7,9,1,0,,,,0.36118335,0.0,0.0,0.0,282.825
0.22,0.54,0.22,0.22,21.1,59.0,782.0,657.0,0.18964745,7,10,1,0,,,,3.6038666,0.0,0.0,0.0,423.23334
0.22,0.54,0.22,0.22,21.1,59.0,916.0,763.0,0.19717076,7,11,1,0,,,,3.8245833,0.0,0.0,0.0,539.0333
0.22,0.54,0.22,0.22,22.2,57.0,989.0,827.0,0.20380941,7,12,1,0,,,,1.6191666,0.0,0.0,0.0,624.76666
0.22,0.54,0.22,0.22,22.2,57.0,972.0,777.0,0.20819573,7,13,1,0,,,,3.1895,0.0,0.0,0.0,680.1583
0.22,0.54,0.22,0.22,21.1,63.0,904.0,727.0,0.21705252,7,14,1,0,,,,2.5706,0.0,0.0,0.0,695.0875
0.22,0.22,0.22,0.22,21.1,63.0,771.0,641.0,0.21882644,7,15,1,0,,,,2.3141,0.0,0.0,0.0,669.42914
0.54,0.22,0.22,0.54,20.6,68.0,552.0,403.0,0.22000712,7,16,1,0,,,,2.1931167,0.0,0.0,0.0,591.38336
0.54,0.22,0.22,0.54,19.4,73.0,389.0,373.0,0.21498965,7,17,1,0,,,,0.6220833,0.0,0.0,0.0,464.06668
0.54,0.22,0.22,0.54,18.9,75.0,246.0,347.0,0.21486752,7,18,1,0,,,,1.3894833,0.0,0.0,0.0,276.45
0.54,0.22,0.22,0.54,18.3,81.0,0.0,0.0,0.21098752,7,19,1,0,,,,1.2026334,0.0,0.0,0.0,0.0
0.54,0.22,0.22,0.54,17.8,80.0,0.0,0.0,0.20725939,7,20,1,0,,,,1.7925333,0.0,0.0,0.0,0.0
0.22,0.22,0.22,0.22,17.8,84.0,0.0,0.0,0.20671725,7,21,1,0,,,,1.1828667,0.0,0.0,0.0,0.0
0.22,0.22,0.22,0.22,17.2,84.0,0.0,0.0,0.18922135,7,22,1,0,,,,1.7246333,0.0,0.0,0.0,0.0
0.22,0.22,0.22,0.22,17.2,84.0,0.0,0.0,0.16592267,7,23,1,0,,,,1.63325,0.0,0.0,0.0,0.0
0.22,0.22,0.22,0.22,17.2,81.0,0.0,0.0,0.15960564,7,24,1,0,,,,2.2072418,0.0,0.0,0.0,0.0
0.22,0.22,0.22,0.22,17.8,80.0,0.0,0.0,0.15122436,7,1,2,0,,,,3.2567666,0.0,0.0,0.0,0.0
0.22,0.22,0.22,0.22,17.2,84.0,0.0,0.0,0.14970703,7,2,2,0,,,,2.1245,0.0,0.0,0.0,0.0
0.22,0.22,0.22,0.22,17.2,84.0,0.0,0.0,0.15103003,7,3,2,0,,,,1.7047666,0.0,0.0,0.0,0.0
0.22,0.22,0.54,0.22,17.8,80.0,0.0,0.0,0.15284945,7,4,2,0,,,,0.35671666,0.0,0.0,0.0,0.0
0.22,0.22,0.54,0.22,17.8,80.0,0.0,0.0,0.1571569,7,5,2,0,,,,1.3809834,0.0,0.0,0.0,0.0
0.22,0.22,0.54,0.22,18.3,76.0,13.0,0.0,0.16599952,7,6,2,0,,,,0.33025,0.0,0.0,0.0,11.3375
0.22,0.22,0.54,0.22,18.3,76.0,58.0,0.0,0.17769003,7,7,2,0,,,,1.4972,0.0,0.0,0.0,38.095833
0.22,0.22,0.54,0.22,18.9,70.0,131.0,0.0,0.19684994,7,8,2,0,,,,0.54216665,0.0,0.0,0.0,136.14166
0.22,0.22,0.22,0.22,19.4,68.0,264.0,29.0,0.21039915,7,9,2,0,,,,0.25093332,0.0,0.0,0.0,285.55417
0.22,0.54,0.22,0.22,21.1,63.0,560.0,237.0,0.21270612,7,10,2,0,,,,0.25515,0.0,0.0,0.0,425.14166
0.22,0.54,0.22,0.22,20.6,63.0,916.0,722.0,0.21872188,7,11,2,0,,,,0.26801667,0.0,0.0,0.0,535.7708
0.22,0.54,0.22,0.22,21.7,61.0,959.0,737.0,0.22476369,7,12,2,0,,,,0.28705,0.0,0.0,0.0,618.32086
0.22,0.54,0.22,0.22,21.7,61.0,971.0,783.0,0.22697222,7,13,2,0,,,,0.31725,0.0,0.0,0.0,672.7125
0.22,0.54,0.22,0.22,22.2,59.0,911.0,745.0,0.23069818,7,14,2,0,,,,0.31511667,0.0,0.0,0.0,688.99585
0.22,0.22,0.22,0.22,21.1,63.0,778.0,696.0,0.23386112,7,15,2,0,,,,2.0907834,0.0,0.0,0.0,657.19586
0.54,0.22,0.22,0.54,20.6,65.0,623.0,664.0,0.23527837,7,16,2,0,,,,1.2694334,0.0,0.0,0.0,579.05835
0.54,0.22,0.22,0.54,20.0,65.0,429.0,527.0,0.23715498,7,17,2,0,,,,1.4724,0.0,0.0,0.0,449.475
0.54,0.22,0.22,0.54,18.9,70.0,247.0,347.0,0.23603575,7,18,2,0,,,,1.7037333,0.0,0.0,0.0,266.76666
0.54,0.22,0.22,0.54,18.3,76.0,0.0,0.0,0.2336501,7,19,2,0,,,,1.5856167,0.0,0.0,0.0,0.0
0.54,0.22,0.22,0.54,17.8,78.0,0.0,0.0,0.23061816,7,20,2,0,,,,0.9830833,0.0,0.0,0.0,0.0
0.22,0.22,0.22,0.22,17.8,80.0,0.0,0.0,0.22318228,7,21,2,0,,,,1.137,0.0,0.0,0.0,0.0
0.22,0.22,0.22,0.22,17.8,78.0,0.0,0.0,0.21421812,7,22,2,0,,,,0.75565,0.0,0.0,0.0,0.0
0.22,0.22,0.22,0.22,17.2,84.0,0.0,0.0,0.20147432,7,23,2,0,,,,2.33825,0.0,0.0,0.0,0.0
0.22,0.22,0.22,0.22,16.7,84.0,0.0,0.0,0.17805298,7,24,2,0,,,,1.1512583,0.0,0.0,0.0,0.0
0.22,0.22,0.22,0.22,17.2,84.0,0.0,0.0,0.17021233,7,1,3,0,,,,1.5719167,0.0,0.0,0.0,0.0
0.22,0.22,0.22,0.22,17.8,80.0,0.0,0.0,0.16954511,7,2,3,0,,,,3.4829,0.0,0.0,0.0,0.0
0.22,0.22,0.22,0.22,17.8,80.0,0.0,0.0,0.16682968,7,3,3,0,,,,2.8067167,0.0,0.0,0.0,0.0
0.22,0.22,0.54,0.22,17.2,84.0,0.0,0.0,0.16643232,7,4,3,0,,,,0.30381668,0.0,0.0,0.0,0.0
0.22,0.22,0.54,0.22,17.8,78.0,0.0,0.0,0.17014338,7,5,3,0,,,,1.4678667,0.0,0.0,0.0,0.0
0.22,0.22,0.54,0.22,17.8,78.0,22.0,0.0,0.17616218,7,6,3,0,,,,0.23813333,0.0,0.0,0.0,8.4125
0.22,0.22,0.54,0.22,18.3,76.0,98.0,0.0,0.1882571,7,7,3,0,,,,1.7124166,0.0,0.0,0.0,33.904167
0.22,0.22,0.54,0.22,18.3,76.0,126.0,0.0,0.20350616,7,8,3,0,,,,0.25153333,0.0,0.0,0.0,133.4125
0.22,0.22,0.22,0.22,18.9,70.0,216.0,12.0,0.2159211,7,9,3,0,,,,0.24811667,0.0,0.0,0.0,288.29166
0.22,0.54,0.22,0.22,20.0,65.0,427.0,77.0,0.22634552,7,10,3,0,,,,0.2578,0.0,0.0,0.0,431.05
0.22,0.54,0.22,0.22,21.1,63.0,876.0,590.0,0.23392914,7,11,3,0,,,,0.8454,0.0,0.0,0.0,538.11664
0.22,0.54,0.22,0.22,21.7,59.0,971.0,737.0,0.23862082,7,12,3,0,,,,0.55275,0.0,0.0,0.0,610.2167
0.22,0.54,0.22,0.22,22.2,59.0,916.0,578.0,0.24087177,7,13,3,0,,,,0.25505,0.0,0.0,0.0,655.5125
0.22,0.54,0.22,0.22,22.8,55.0,911.0,751.0,0.24366808,7,14,3,0,,,,0.24978334,0.0,0.0,0.0,663.75415
0.22,0.22,0.22,0.22,21.1,66.0,791.0,745.0,0.24413535,7,15,3,0,,,,3.5283334,0.0,0.0,0.0,630.7083
0.54,0.22,0.22,0.54,21.1,66.0,631.0,670.0,0.24557029,7,16,3,0,,,,3.5652666,0.0,0.0,0.0,560.67914
0.54,0.22,0.22,0.54,20.6,68.0,445.0,559.0,0.24497683,7,17,3,0,,,,3.6263666,0.0,0.0,0.0,433.1875
0.54,0.22,0.22,0.54,19.4,73.0,247.0,348.0,0.24577326,7,18,3,0,,,,1.7547166,0.0,0.0,0.0,254.22084
0.54,0.22,0.22,0.54,18.3,78.0,0.0,0.0,0.24367525,7,19,3,0,,,,1.8150166,0.0,0.0,0.0,0.0
0.54,0.22,0.22,0.54,17.8,78.0,0.0,0.0,0.24195701,7,20,3,0,,,,1.8965833,0.0,0.0,0.0,0.0
0.22,0.22,0.22,0.22,17.8,75.0,0.0,0.0,0.23848134,7,21,3,0,,,,0.709025,0.0,0.0,0.0,0.0
0.22,0.22,0.22,0.22,17.2,78.0,0.0,0.0,0.21824357,7,22,3,0,,,,2.3667,0.0,0.0,0.0,0.0
0.22,0.22,0.22,0.22,17.2,81.0,0.0,0.0,0.19859011,7,23,3,0,,,,0.93203336,0.0,0.0,0.0,0.0
0.22,0.22,0.22,0.22,17.8,87.0,0.0,0.0,0.18360205,7,24,3,0,,,,3.37665,0.0,0.0,0.0,0.0
0.22,0.22,0.22,0.22,16.7,84.0,0.0,0.0,0.17232709,7,1,4,0,,,,1.1857667,0.0,0.0,0.0,0.0
0.22,0.22,0.22,0.22,16.7,86.0,0.0,0.0,0.17243797,7,2,4,0,,,,1.3162833,0.0,0.0,0.0,0.0
0.22,0.22,0.22,0.22,15.0,90.0,0.0,0.0,0.17125224,7,3,4,0,,,,1.2741667,0.0,0.0,0.0,0.0
0.22,0.22,0.54,0.22,15.6,86.0,0.0,0.0,0.17185763,7,4,4,0,,,,0.51636666,0.0,0.0,0.0,0.0
0.22,0.22,0.54,0.22,15.0,90.0,0.0,0.0,0.18462501,7,5,4,0,,,,0.33581668,0.0,0.0,0.0,0.0
0.22,0.22,0.54,0.22,16.7,86.0,50.0,197.0,0.19159614,7,6,4,0,,,,0.51586664,0.0,0.0,0.0,13.970834
0.22,0.22,0.54,0.22,18.3,78.0,229.0,469.0,0.20004393,7,7,4,0,,,,2.0240667,0.0,0.0,0.0,38.3125
0.22,0.22,0.54,0.22,20.0,70.0,423.0,601.0,0.21659526,7,8,4,0,,,,1.2377167,0.0,0.0,0.0,137.60417
0.22,0.22,0.22,0.22,21.7,68.0,622.0,697.0,0.23133156,7,9,4,0,,,,1.07175,0.0,0.0,0.0,290.92917
0.22,0.54,0.22,0.22,21.1,71.0,793.0,728.0,0.23821467,7,10,4,0,,,,0.43606666,0.0,0.0,0.0,414.67084
0.22,0.54,0.22,0.22,21.7,66.0,922.0,811.0,0.24105693,7,11,4,0,,,,0.96715,0.0,0.0,0.0,435.59583
0.22,0.54,0.22,0.22,21.7,66.0,982.0,815.0,0.24547729,7,12,4,0,,,,0.7104167,0.0,0.0,0.0,591.7375
0.22,0.54,0.22,0.22,22.8,55.0,971.0,783.0,0.25128257,7,13,4,0,,,,0.35895,0.0,0.0,0.0,664.86664
0.22,0.54,0.22,0.22,22.2,61.0,911.0,769.0,0.26036844,7,14,4,0,,,,1.1586334,0.0,0.0,0.0,679.5375
0.22,0.22,0.22,0.22,21.7,61.0,785.0,721.0,0.26416147,7,15,4,0,,,,1.3964334,0.0,0.0,0.0,655.92914
0.54,0.22,0.22,0.54,21.1,63.0,624.0,651.0,0.26280093,7,16,4,0,,,,2.8418,0.0,0.0,0.0,581.54584
0.54,0.22,0.22,0.54,21.1,63.0,445.0,566.0,0.26540542,7,17,4,0,,,,1.1331333,0.0,0.0,0.0,456.55417
0.54,0.22,0.22,0.54,20.0,70.0,248.0,363.0,0.25689933,7,18,4,0,,,,1.8358,0.0,0.0,0.0,283.525
0.54,0.22,0.22,0.54,18.9,75.0,0.0,0.0,0.24765229,7,19,4,0,,,,1.4415667,0.0,0.0,0.0,0.0
0.54,0.22,0.22,0.54,18.9,75.0,0.0,0.0,0.24112977,7,20,4,0,,,,1.2379,0.0,0.0,0.0,0.0
0.22,0.22,0.22,0.22,18.3,81.0,0.0,0.0,0.23533775,7,21,4,0,,,,1.4151334,0.0,0.0,0.0,0.0
0.22,0.22,0.22,0.22,18.3,81.0,0.0,0.0,0.21563001,7,22,4,0,,,,1.3501,0.0,0.0,0.0,0.0
0.22,0.22,0.22,0.22,18.3,81.0,0.0,0.0,0.20154299,7,23,4,0,,,,1.8340666,0.0,0.0,0.0,0.0
0.22,0.22,0.22,0.22,17.2,87.0,0.0,0.0,0.18245567,7,24,4,0,,,,4.052275,0.0,0.0,0.0,0.0
0.22,0.22,0.22,0.22,17.8,87.0,0.0,0.0,0.17271106,7,1,5,0,,,,3.6371667,0.0,0.0,0.0,0.0
0.22,0.22,0.22,0.22,18.3,84.0,0.0,0.0,0.16705362,7,2,5,0,,,,1.0817667,0.0,0.0,0.0,0.0
0.22,0.22,0.22,0.22,17.8,84.0,0.0,0.0,0.16548501,7,3,5,0,,,,1.7865334,0.0,0.0,0.0,0.0
0.22,0.22,0.54,0.22,17.2,87.0,0.0,0.0,0.16415575,7,4,5,0,,,,0.67261666,0.0,0.0,0.0,0.0
0.22,0.22,0.54,0.22,17.8,84.0,0.0,0.0,0.1673105,7,5,5,0,,,,0.38273335,0.0,0.0,0.0,0.0
0.22,0.22,0.54,0.22,18.3,81.0,47.0,179.0,0.1737945,7,6,5,0,,,,0.35775,0.0,0.0,0.0,6.05
0.22,0.22,0.54,0.22,20.0,76.0,225.0,431.0,0.17994471,7,7,5,0,,,,1.5431833,0.0,0.0,0.0,32.091667
0.22,0.22,0.54,0.22,22.2,64.0,432.0,624.0,0.18546498,7,8,5,0,,,,0.25585,0.0,0.0,0.0,130.075
0.22,0.22,0.22,0.22,23.9,55.0,622.0,703.0,0.19235225,7,9,5,0,,,,0.2581,0.0,0.0,0.0,280.40417
0.22,0.54,0.22,0.22,23.3,66.0,793.0,746.0,0.18981189,7,10,5,0,,,,0.31908333,0.0,0.0,0.0,424.45416
0.22,0.54,0.22,0.22,22.8,68.0,922.0,811.0,0.1910267,7,11,5,0,,,,2.5356667,0.0,0.0,0.0,539.775
0.22,0.54,0.22,0.22,23.3,66.0,988.0,827.0,0.19813439,7,12,5,0,,,,1.5172334,0.0,0.0,0.0,624.67914
0.22,0.54,0.22,0.22,22.8,68.0,965.0,765.0,0.20370153,7,13,5,0,,,,2.68255,0.0,0.0,0.0,671.94165
0.22,0.54,0.22,0.22,22.2,68.0,898.0,715.0,0.2058498,7,14,5,0,,,,3.5247,0.0,0.0,0.0,684.93335
0.22,0.22,0.22,0.22,22.2,64.0,772.0,684.0,0.20115952,7,15,5,0,,,,2.3357832,0.0,0.0,0.0,646.75415
0.54,0.22,0.22,0.4,22.2,68.0,617.0,652.0,0.19513303,7,16,5,0,,,,4.1794834,0.0,0.0,0.0,567.65
0.54,0.22,0.22,0.4,21.1,73.0,430.0,534.0,0.19029646,7,17,5,0,,,,2.5287333,0.0,0.0,0.0,444.76666
0.54,0.22,0.22,0.4,20.0,76.0,249.0,327.0,0.18457358,7,18,5,0,,,,2.8417,0.0,0.0,0.0,281.58334
0.54,0.22,0.22,0.4,18.3,81.0,0.0,0.0,0.17947564,7,19,5,0,,,,1.554,0.0,0.0,0.0,0.0
0.54,0.22,0.22,0.4,18.3,76.0,0.0,0.0,0.1747231,7,20,5,0,,,,0.5611,0.0,0.0,0.0,0.0
0.22,0.22,0.22,0.22,17.2,84.0,0.0,0.0,0.17117666,7,21,5,0,,,,1.5857333,0.0,0.0,0.0,0.0
0.22,0.22,0.22,0.22,17.2,84.0,0.0,0.0,0.15532966,7,22,5,0,,,,0.31545,0.0,0.0,0.0,0.0
0.22,0.22,0.22,0.22,17.2,84.0,0.0,0.0,0.14750437,7,23,5,0,,,,2.4700334,0.0,0.0,0.0,0.0
0.22,0.22,0.22,0.22,17.2,84.0,0.0,0.0,0.1449348,7,24,5,0,,,,3.6137083,0.0,0.0,0.0,0.0
0.22,0.22,0.22,0.22,16.7,90.0,0.0,0.0,0.1295568,7,1,6,0,,,,0.64735,0.0,0.0,0.0,0.0
0.22,0.22,0.22,0.22,17.2,87.0,0.0,0.0,0.123168096,7,2,6,0,,,,1.9907833,0.0,0.0,0.0,0.0
0.22,0.22,0.22,0.22,17.0,94.0,0.0,0.0,0.120726414,7,3,6,0,,,,0.5867,0.0,0.0,0.0,0.0
0.22,0.22,0.4,0.22,17.2,90.0,0.0,0.0,0.12100436,7,4,6,0,,,,0.5144167,0.0,0.0,0.0,0.0
0.22,0.22,0.4,0.22,17.8,87.0,0.0,0.0,0.122418806,7,5,6,0,,,,1.5482334,0.0,0.0,0.0,0.0
0.22,0.22,0.4,0.22,17.8,87.0,33.0,44.0,0.12280328,7,6,6,0,,,,0.48046666,0.0,0.0,0.0,6.3875
0.22,0.22,0.4,0.22,17.8,87.0,77.0,0.0,0.12718342,7,7,6,0,,,,0.47821668,0.0,0.0,0.0,35.058334
0.22,0.22,0.4,0.22,18.9,81.0,160.0,11.0,0.13809492,7,8,6,0,,,,0.45028332,0.0,0.0,0.0,126.36667
0.22,0.22,0.22,0.22,20.0,76.0,505.0,293.0,0.15892276,7,9,6,0,,,,0.5536,0.0,0.0,0.0,273.66666
0.22,0.4,0.22,0.22,20.6,73.0,776.0,634.0,0.1689978,7,10,6,0,,,,0.56231666,0.0,0.0,0.0,415.97916
0.22,0.4,0.22,0.22,21.1,68.0,916.0,793.0,0.17595322,7,11,6,0,,,,1.4753333,0.0,0.0,0.0,529.575
0.22,0.4,0.22,0.22,21.7,66.0,970.0,737.0,0.18298875,7,12,6,0,,,,2.7913833,0.0,0.0,0.0,612.7083
0.22,0.4,0.22,0.22,21.1,66.0,848.0,512.0,0.18497443,7,13,6,0,,,,1.9439167,0.0,0.0,0.0,497.575
0.22,0.4,0.22,0.22,20.6,68.0,866.0,600.0,0.18561895,7,14,6,0,,,,2.3488834,0.0,0.0,0.0,656.6875
0.22,0.22,0.22,0.22,20.6,68.0,725.0,574.0,0.18865016,7,15,6,0,,,,2.8692334,0.0,0.0,0.0,653.14166
0.4,0.22,0.22,0.4,20.6,70.0,624.0,621.0,0.1950144,7,16,6,0,,,,2.7802668,0.0,0.0,0.0,574.89166
0.4,0.22,0.22,0.4,20.0,73.0,390.0,322.0,0.19005273,7,17,6,0,,,,2.60385,0.0,0.0,0.0,441.43332
0.4,0.22,0.22,0.4,18.9,81.0,141.0,29.0,0.18845683,7,18,6,0,,,,2.5034,0.0,0.0,0.0,269.55832
0.4,0.22,0.22,0.4,17.8,87.0,0.0,0.0,0.18694028,7,19,6,0,,,,0.7777,0.0,0.0,0.0,0.0
0.4,0.22,0.22,0.4,17.2,87.0,0.0,0.0,0.18174525,7,20,6,0,,,,2.0649,0.0,0.0,0.0,0.0
0.22,0.22,0.22,0.22,17.2,87.0,0.0,0.0,0.17136331,7,21,6,0,,,,0.68838334,0.0,0.0,0.0,0.0
0.22,0.22,0.22,0.22,17.2,84.0,0.0,0.0,0.16383839,7,22,6,0,,,,2.4325,0.0,0.0,0.0,0.0
0.22,0.22,0.22,0.22,17.2,84.0,0.0,0.0,0.15631807,7,23,6,0,,,,1.89085,0.0,0.0,0.0,0.0
0.22,0.22,0.22,0.22,17.2,84.0,0.0,0.0,0.1392867,7,24,6,0,,,,3.63735,0.0,0.0,0.0,0.0
0.22,0.22,0.22,0.22,17.2,84.0,0.0,0.0,0.13060984,7,1,7,0,,,,3.416,0.0,0.0,0.0,0.0
0.22,0.22,0.22,0.22,16.7,90.0,0.0,0.0,0.12407034,7,2,7,0,,,,1.3606666,0.0,0.0,0.0,0.0
0.22,0.22,0.22,0.22,16.7,86.0,0.0,0.0,0.1198323,7,3,7,0,,,,0.89171666,0.0,0.0,0.0,0.0
0.22,0.22,0.4,0.22,17.2,87.0,0.0,0.0,0.11939236,7,4,7,0,,,,1.0451,0.0,0.0,0.0,0.0
0.22,0.22,0.4,0.22,17.2,87.0,0.0,0.0,0.12153864,7,5,7,0,,,,0.25295,0.0,0.0,0.0,0.0
0.22,0.22,0.4,0.22,17.8,84.0,43.0,100.0,0.12258198,7,6,7,0,,,,0.91961664,0.0,0.0,0.0,11.141666
0.22,0.22,0.4,0.22,18.0,77.0,53.0,0.0,0.1274689,7,7,7,0,,,,0.9777667,0.0,0.0,0.0,50.229168
0.22,0.22,0.4,0.22,18.9,75.0,233.0,40.0,0.13226552,7,8,7,0,,,,0.93153334,0.0,0.0,0.0,132.71666
0.22,0.22,0.22,0.22,20.0,73.0,326.0,70.0,0.15008177,7,9,7,0,,,,1.5247333,0.0,0.0,0.0,271.29166
0.22,0.4,0.22,0.22,21.7,66.0,754.0,533.0,0.16468692,7,10,7,0,,,,1.7831167,0.0,0.0,0.0,412.10416
0.22,0.4,0.22,0.22,21.7,66.0,904.0,745.0,0.17989497,7,11,7,0,,,,1.5208167,0.0,0.0,0.0,501.475
0.22,0.4,0.22,0.22,21.7,63.0,964.0,767.0,0.18581483,7,12,7,0,,,,2.7176833,0.0,0.0,0.0,544.9708
0.22,0.4,0.22,0.22,21.7,63.0,965.0,771.0,0.1898091,7,13,7,0,,,,2.9943,0.0,0.0,0.0,599.225
0.22,0.4,0.22,0.22,21.7,63.0,898.0,721.0,0.19540508,7,14,7,0,,,,0.42888334,0.0,0.0,0.0,668.13336
0.22,0.22,0.22,0.22,21.1,71.0,772.0,690.0,0.20085701,7,15,7,0,,,,0.6243,0.0,0.0,0.0,638.4792
0.4,0.22,0.22,0.54,20.0,73.0,617.0,658.0,0.21177518,7,16,7,0,,,,2.6690166,0.0,0.0,0.0,555.19586
0.4,0.22,0.22,0.54,20.0,73.0,422.0,489.0,0.21558806,7,17,7,0,,,,2.9295666,0.0,0.0,0.0,424.24167
0.4,0.22,0.22,0.54,18.9,81.0,229.0,284.0,0.21456055,7,18,7,0,,,,2.7841666,0.0,0.0,0.0,246.55
0.4,0.22,0.22,0.54,18.3,81.0,0.0,0.0,0.21251227,7,19,7,0,,,,1.7083,0.0,0.0,0.0,0.0
0.4,0.22,0.22,0.54,17.8,80.0,0.0,0.0,0.20823058,7,20,7,0,,,,2.0906334,0.0,0.0,0.0,0.0
0.22,0.22,0.22,0.22,17.8,80.0,0.0,0.0,0.2079395,7,21,7,0,,,,2.5409667,0.0,0.0,0.0,0.0
0.22,0.22,0.22,0.22,17.8,87.0,0.0,0.0,0.19247775,7,22,7,0,,,,1.2064834,0.0,0.0,0.0,0.0
0.22,0.22,0.22,0.22,17.2,84.0,0.0,0.0,0.1737371,7,23,7,0,,,,1.1943166,0.0,0.0,0.0,0.0
0.22,0.22,0.22,0.22,17.8,87.0,0.0,0.0,0.16344118,7,24,7,0,,,,1.7832416,0.0,0.0,0.0,0.0
0.22,0.22,0.22,0.22,17.2,87.0,0.0,0.0,0.1571495,7,1,1,0,,,,3.0775,0.0,0.0,0.0,0.0
0.22,0.22,0.22,0.22,17.8,87.0,0.0,0.0,0.15485205,7,2,1,0,,,,3.3068833,0.0,0.0,0.0,0.0
0.22,0.22,0.22,0.22,17.2,87.0,0.0,0.0,0.14865564,7,3,1,0,,,,0.7506667,0.0,0.0,0.0,0.0
0.22,0.22,0.54,0.22,16.7,86.0,0.0,0.0,0.14674981,7,4,1,0,,,,0.42098334,0.0,0.0,0.0,0.0
0.22,0.22,0.54,0.22,16.1,90.0,0.0,0.0,0.15643778,7,5,1,0,,,,0.6895667,0.0,0.0,0.0,0.0
0.22,0.22,0.54,0.22,17.2,87.0,30.0,24.0,0.16171382,7,6,1,0,,,,1.3150667,0.0,0.0,0.0,18.483334
0.22,0.22,0.54,0.22,18.3,81.0,154.0,102.0,0.17289911,7,7,1,0,,,,0.58813334,0.0,0.0,0.0,51.354168
0.22,0.22,0.54,0.22,20.0,73.0,426.0,549.0,0.18884592,7,8,1,0,,,,2.13805,0.0,0.0,0.0,129.0
0.22,0.22,0.22,0.22,21.7,70.0,621.0,714.0,0.20389071,7,9,1,0,,,,3.7211666,0.0,0.0,0.0,270.06668
0.22,0.54,0.22,0.22,21.7,70.0,792.0,758.0,0.21887961,7,10,1,0,,,,3.68835,0.0,0.0,0.0,410.62082
0.22,0.54,0.22,0.22,21.7,68.0,916.0,799.0,0.22948535,7,11,1,0,,,,3.8024166,0.0,0.0,0.0,527.11664
0.22,0.54,0.22,0.22,22.8,64.0,976.0,803.0,0.2361709,7,12,1,0,,,,3.0298333,0.0,0.0,0.0,614.5417
0.22,0.54,0.22,0.22,22.2,66.0,978.0,807.0,0.23777938,7,13,1,0,,,,3.5667834,0.0,0.0,0.0,661.92084
0.22,0.54,0.22,0.22,22.8,59.0,904.0,757.0,0.23908913,7,14,1,0,,,,3.5362556,0.0,0.0,0.0,675.0528
0.22,0.22,0.22,0.22,22.8,59.0,785.0,727.0,0.23947999,7,15,1,0,,,,3.2825832,0.0,0.0,0.0,643.10834
0.54,0.22,0.22,0.54,21.7,66.0,617.0,658.0,0.2407028,7,16,1,0,,,,2.9394667,0.0,0.0,0.0,561.1875
0.54,0.22,0.22,0.54,21.7,63.0,423.0,496.0,0.24007788,7,17,1,0,,,,0.38196668,0.0,0.0,0.0,426.84583
0.54,0.22,0.22,0.54,21.1,63.0,230.0,285.0,0.23973207,7,18,1,0,,,,0.59255,0.0,0.0,0.0,253.39166
0.54,0.22,0.22,0.54,19.4,76.0,0.0,0.0,0.23966753,7,19,1,0,,,,0.45095,0.0,0.0,0.0,0.0
0.54,0.22,0.22,0.54,19.4,73.0,0.0,0.0,0.24028723,7,20,1,0,,,,0.52598333,0.0,0.0,0.0,0.0
0.22,0.22,0.22,0.22,19.4,76.0,0.0,0.0,0.23422468,7,21,1,0,,,,0.5229333,0.0,0.0,0.0,0.0
0.22,0.22,0.22,0.22,18.9,81.0,0.0,0.0,0.21919695,7,22,1,0,,,,0.52148336,0.0,0.0,0.0,0.0
0.22,0.22,0.22,0.22,17.8,87.0,0.0,0.0,0.20767055,7,23,1,0,,,,0.52531666,0.0,0.0,0.0,0.0
0.22,0.22,0.22,0.22,19.4,79.0,0.0,0.0,0.17478226,7,24,1,0,,,,2.6573668,0.0,0.0,0.0,0.0
0.22,0.22,0.22,0.22,17.8,87.0,0.0,0.0,0.16256179,7,1,2,0,,,,2.7054167,0.0,0.0,0.0,0.0
0.22,0.22,0.22,0.22,17.2,90.0,0.0,0.0,0.16060786,7,2,2,0,,,,0.4799,0.0,0.0,0.0,0.0
0.22,0.22,0.22,0.22,17.8,87.0,0.0,0.0,0.15846436,7,3,2,0,,,,0.8052667,0.0,0.0,0.0,0.0
0.22,0.22,0.54,0.22,17.8,84.0,0.0,0.0,0.16090028,7,4,2,0,,,,1.7785,0.0,0.0,0.0,0.0
0.22,0.22,0.54,0.22,17.8,87.0,0.0,0.0,0.16283903,7,5,2,0,,,,0.47205,0.0,0.0,0.0,0.0
0.22,0.22,0.54,0.22,18.9,81.0,44.0,186.0,0.16747855,7,6,2,0,,,,0.46473333,0.0,0.0,0.0,9.891666
0.22,0.22,0.54,0.22,20.6,73.0,222.0,467.0,0.16907285,7,7,2,0,,,,1.31435,0.0,0.0,0.0,39.0
0.22,0.22,0.54,0.22,22.8,59.0,426.0,618.0,0.18104002,7,8,2,0,,,,0.9831,0.0,0.0,0.0,125.754166
0.22,0.22,0.22,0.22,22.8,71.0,615.0,697.0,0.19801147,7,9,2,0,,,,0.47275,0.0,0.0,0.0,268.9375
0.22,0.54,0.22,0.22,23.9,62.0,792.0,758.0,0.21377355,7,10,2,0,,,,0.47705,0.0,0.0,0.0,413.44168
0.22,0.54,0.22,0.22,23.9,62.0,915.0,799.0,0.22717053,7,11,2,0,,,,0.41986668,0.0,0.0,0.0,528.95416
0.22,0.54,0.22,0.22,23.3,64.0,976.0,809.0,0.23641257,7,12,2,0,,,,0.31668332,0.0,0.0,0.0,587.0625
0.22,0.54,0.22,0.22,23.9,57.0,971.0,789.0,0.23683172,7,13,2,0,,,,0.2533,0.0,0.0,0.0,630.7792
0.22,0.54,0.22,0.22,23.9,55.0,898.0,739.0,0.23853746,7,14,2,0,,,,0.25905,0.0,0.0,0.0,481.84583
0.22,0.22,0.22,0.22,23.9,55.0,786.0,733.0,0.24017893,7,15,2,0,,,,1.73705,0.0,0.0,0.0,281.67917
0.54,0.22,0.22,0.54,23.3,62.0,625.0,664.0,0.2438232,7,16,2,0,,,,0.91623336,0.0,0.0,0.0,525.5625
0.54,0.22,0.22,0.54,22.2,66.0,431.0,535.0,0.24223848,7,17,2,0,,,,2.123,0.0,0.0,0.0,433.25833
0.54,0.22,0.22,0.54,21.7,70.0,231.0,292.0,0.24362774,7,18,2,0,,,,2.0331,0.0,0.0,0.0,249.3875
0.54,0.22,0.22,0.54,21.1,71.0,0.0,0.0,0.24013475,7,19,2,0,,,,0.52685,0.0,0.0,0.0,0.0
0.54,0.22,0.22,0.54,20.0,76.0,0.0,0.0,0.22839445,7,20,2,0,,,,1.49345,0.0,0.0,0.0,0.0
0.22,0.22,0.22,0.22,20.0,76.0,0.0,0.0,0.22767133,7,21,2,0,,,,0.8772,0.0,0.0,0.0,0.0
0.22,0.22,0.22,0.22,19.4,79.0,0.0,0.0,0.22633755,7,22,2,0,,,,1.1955,0.0,0.0,0.0,0.0
0.22,0.22,0.22,0.22,19.4,79.0,0.0,0.0,0.21741247,7,23,2,0,,,,2.9694834,0.0,0.0,0.0,0.0
0.22,0.22,0.22,0.22,18.9,78.0,0.0,0.0,0.19878574,7,24,2,0,,,,3.28565,0.0,0.0,0.0,0.0
0.22,0.22,0.22,0.22,18.9,84.0,0.0,0.0,0.177916,7,1,3,0,,,,2.9848666,0.0,0.0,0.0,0.0
0.22,0.22,0.22,0.22,20.0,78.0,0.0,0.0,0.17218769,7,2,3,0,,,,0.37196666,0.0,0.0,0.0,0.0
0.22,0.22,0.22,0.22,17.8,84.0,0.0,0.0,0.17039256,7,3,3,0,,,,0.26215,0.0,0.0,0.0,0.0
0.22,0.22,0.54,0.22,18.9,78.0,0.0,0.0,0.16905594,7,4,3,0,,,,1.7204666,0.0,0.0,0.0,0.0
0.22,0.22,0.54,0.22,17.8,84.0,0.0,0.0,0.17068037,7,5,3,0,,,,0.25356665,0.0,0.0,0.0,0.0
0.22,0.22,0.54,0.22,18.9,84.0,41.0,165.0,0.1774932,7,6,3,0,,,,0.26321667,0.0,0.0,0.0,4.945833
0.22,0.22,0.54,0.22,20.6,81.0,222.0,461.0,0.18526176,7,7,3,0,,,,0.67363334,0.0,0.0,0.0,46.979168
0.22,0.22,0.54,0.22,21.7,73.0,415.0,600.0,0.20068069,7,8,3,0,,,,0.4506,0.0,0.0,0.0,131.30417
0.22,0.22,0.22,0.22,23.3,64.0,615.0,697.0,0.2160142,7,9,3,0,,,,3.74005,0.0,0.0,0.0,250.62917
0.22,0.54,0.22,0.22,25.6,58.0,786.0,746.0,0.23465775,7,10,3,0,,,,3.6480834,0.0,0.0,0.0,334.9375
0.22,0.54,0.22,0.22,25.0,60.0,910.0,787.0,0.24824762,7,11,3,0,,,,3.75555,0.0,0.0,0.0,523.7833
0.22,0.54,0.22,0.22,25.0,56.0,970.0,791.0,0.25497636,7,12,3,0,,,,2.2364833,0.0,0.0,0.0,593.2792
0.22,0.54,0.22,0.22,25.6,50.0,971.0,795.0,0.25837013,7,13,3,0,,,,3.8857167,0.0,0.0,0.0,501.22293
0.22,0.54,0.22,0.22,24.4,56.0,898.0,727.0,0.25742868,7,14,3,0,,,,3.3116417,0.0,0.0,0.0,702.1813
0.22,0.22,0.22,0.22,25.0,52.0,779.0,715.0,0.2571709,7,15,3,0,,,,2.4981666,0.0,0.0,0.0,394.67917
0.54,0.22,0.22,0.54,24.4,56.0,625.0,664.0,0.25813636,7,16,3,0,,,,3.56035,0.0,0.0,0.0,567.975
0.54,0.22,0.22,0.54,24.4,54.0,432.0,535.0,0.25745127,7,17,3,0,,,,1.7853833,0.0,0.0,0.0,422.975
0.54,0.22,0.22,0.54,22.2,68.0,232.0,300.0,0.2561271,7,18,3,0,,,,0.8639167,0.0,0.0,0.0,253.39583
0.54,0.22,0.22,0.54,20.6,78.0,0.0,0.0,0.2586435,7,19,3,0,,,,0.45076665,0.0,0.0,0.0,0.0
0.54,0.22,0.22,0.54,20.6,75.0,0.0,0.0,0.25633612,7,20,3,0,,,,0.71461666,0.0,0.0,0.0,0.0
0.22,0.22,0.22,0.22,20.0,78.0,0.0,0.0,0.25445148,7,21,3,0,,,,0.84861666,0.0,0.0,0.0,0.0
0.22,0.22,0.22,0.22,20.0,73.0,0.0,0.0,0.24170169,7,22,3,0,,,,2.3018167,0.0,0.0,0.0,0.0
0.22,0.22,0.22,0.22,19.4,76.0,0.0,0.0,0.22260232,7,23,3,0,,,,2.3650167,0.0,0.0,0.0,0.0
0.22,0.22,0.22,0.22,18.3,87.0,0.0,0.0,0.20565227,7,24,3,0,,,,0.41165,0.0,0.0,0.0,0.0
0.22,0.22,0.22,0.22,18.9,78.0,0.0,0.0,0.19612539,7,1,4,0,,,,1.4367,0.0,0.0,0.0,0.0
0.22,0.22,0.22,0.22,18.3,87.0,0.0,0.0,0.19223557,7,2,4,0,,,,0.26391667,0.0,0.0,0.0,0.0
0.22,0.22,0.22,0.22,18.3,87.0,0.0,0.0,0.18874684,7,3,4,0,,,,0.31421667,0.0,0.0,0.0,0.0
0.22,0.22,0.54,0.22,18.3,90.0,0.0,0.0,0.18926693,7,4,4,0,,,,0.31328332,0.0,0.0,0.0,0.0
0.22,0.22,0.54,0.22,17.8,87.0,0.0,0.0,0.19426405,7,5,4,0,,,,1.4727,0.0,0.0,0.0,0.0
0.22,0.22,0.54,0.22,18.9,87.0,38.0,140.0,0.19776194,7,6,4,0,,,,0.30791667,0.0,0.0,0.0,8.5375
0.22,0.22,0.54,0.22,21.1,76.0,209.0,407.0,0.20714925,7,7,4,0,,,,0.6972333,0.0,0.0,0.0,29.395834
0.22,0.22,0.54,0.22,21.7,79.0,420.0,572.0,0.2200104,7,8,4,0,,,,0.31903332,0.0,0.0,0.0,117.416664
0.22,0.22,0.22,0.22,22.2,71.0,609.0,685.0,0.23745248,7,9,4,0,,,,0.31478333,0.0,0.0,0.0,261.575
0.22,0.54,0.22,0.22,22.8,66.0,792.0,764.0,0.24996756,7,10,4,0,,,,0.32406667,0.0,0.0,0.0,411.25833
0.22,0.54,0.22,0.22,23.9,64.0,909.0,787.0,0.26057974,7,11,4,0,,,,0.333,0.0,0.0,0.0,533.69586
0.22,0.54,0.22,0.22,24.4,60.0,970.0,791.0,0.2664595,7,12,4,0,,,,0.34545,0.0,0.0,0.0,623.2917
0.22,0.54,0.22,0.22,24.4,62.0,971.0,795.0,0.26825175,7,13,4,0,,,,0.8086333,0.0,0.0,0.0,677.175
0.22,0.54,0.22,0.22,23.9,60.0,905.0,763.0,0.2645425,7,14,4,0,,,,0.6404833,0.0,0.0,0.0,702.95416
0.22,0.22,0.22,0.22,22.8,64.0,779.0,684.0,0.26872844,7,15,4,0,,,,2.2159834,0.0,0.0,0.0,665.18335
0.54,0.22,0.22,0.54,22.8,59.0,597.0,590.0,0.27215225,7,16,4,0,,,,1.6567833,0.0,0.0,0.0,589.48334
0.54,0.22,0.22,0.54,22.2,68.0,424.0,438.0,0.28109592,7,17,4,0,,,,1.4169667,0.0,0.0,0.0,474.0875
0.54,0.22,0.22,0.54,21.1,73.0,122.0,7.0,0.27668494,7,18,4,0,,,,1.9664167,0.0,0.0,0.0,306.12918
0.54,0.22,0.22,0.54,20.0,76.0,0.0,0.0,0.27145255,7,19,4,0,,,,2.6387835,0.0,0.0,0.0,0.0
0.54,0.22,0.22,0.54,19.4,79.0,0.0,0.0,0.26701596,7,20,4,0,,,,1.17495,0.0,0.0,0.0,0.0
0.22,0.22,0.22,0.22,19.4,76.0,0.0,0.0,0.25722647,7,21,4,0,,,,1.9967166,0.0,0.0,0.0,0.0
0.22,0.22,0.22,0.22,18.9,84.0,0.0,0.0,0.23493873,7,22,4,0,,,,0.6914167,0.0,0.0,0.0,0.0
0.22,0.22,0.22,0.22,18.3,90.0,0.0,0.0,0.21552475,7,23,4,0,,,,1.15025,0.0,0.0,0.0,0.0
0.22,0.22,0.22,0.22,18.3,90.0,0.0,0.0,0.20449534,7,24,4,0,,,,2.3969667,0.0,0.0,0.0,0.0
0.22,0.22,0.22,0.22,18.0,94.0,0.0,0.0,0.19168153,7,1,5,0,,,,3.5277166,0.0,0.0,0.0,0.0
0.22,0.22,0.22,0.22,18.3,87.0,0.0,0.0,0.18892026,7,2,5,0,,,,2.7658834,0.0,0.0,0.0,0.0
0.22,0.22,0.22,0.22,18.0,94.0,0.0,0.0,0.18812081,7,3,5,0,,,,0.5693,0.0,0.0,0.0,0.0
0.22,0.22,0.54,0.22,18.3,87.0,0.0,0.0,0.18580227,7,4,5,0,,,,0.51926666,0.0,0.0,0.0,0.0
0.22,0.22,0.54,0.22,18.3,87.0,0.0,0.0,0.18865016,7,5,5,0,,,,0.4017,0.0,0.0,0.0,0.0
0.22,0.22,0.54,0.22,18.3,87.0,21.0,0.0,0.19063264,7,6,5,0,,,,0.3894,0.0,0.0,0.0,3.9125
0.22,0.22,0.54,0.22,19.4,81.0,88.0,0.0,0.20503901,7,7,5,0,,,,2.2424834,0.0,0.0,0.0,26.729166
0.22,0.22,0.54,0.22,20.0,78.0,125.0,0.0,0.22048546,7,8,5,0,,,,0.28635,0.0,0.0,0.0,120.15417
0.22,0.22,0.22,0.22,20.6,78.0,352.0,88.0,0.23546866,7,9,5,0,,,,0.24645,0.0,0.0,0.0,274.825
0.22,0.54,0.22,0.22,22.2,71.0,758.0,556.0,0.2465885,7,10,5,0,,,,0.25253335,0.0,0.0,0.0,425.4125
0.22,0.54,0.22,0.22,22.2,71.0,886.0,715.0,0.25282967,7,11,5,0,,,,0.29705,0.0,0.0,0.0,550.62665
0.22,0.54,0.22,0.22,22.8,68.0,958.0,761.0,0.25590667,7,12,5,0,,,,0.2669,0.0,0.0,0.0,634.76666
0.22,0.54,0.22,0.22,23.3,66.0,953.0,705.0,0.2573698,7,13,5,0,,,,0.24823333,0.0,0.0,0.0,688.6125
0.22,0.54,0.22,0.22,22.2,68.0,816.0,491.0,0.26046544,7,14,5,0,,,,0.50355,0.0,0.0,0.0,700.1042
0.22,0.22,0.22,0.22,22.2,68.0,466.0,104.0,0.26354125,7,15,5,0,,,,1.1842834,0.0,0.0,0.0,665.7
0.54,0.22,0.22,0.4,21.1,73.0,583.0,466.0,0.2630784,7,16,5,0,,,,1.6931167,0.0,0.0,0.0,595.0333
0.54,0.22,0.22,0.4,20.0,78.0,337.0,187.0,0.26485997,7,17,5,0,,,,2.1935334,0.0,0.0,0.0,467.625
0.54,0.22,0.22,0.4,19.4,81.0,168.0,59.0,0.26939893,7,18,5,0,,,,1.61455,0.0,0.0,0.0,292.75833
0.54,0.22,0.22,0.4,18.3,87.0,0.0,0.0,0.26759332,7,19,5,0,,,,0.37073335,0.0,0.0,0.0,0.0
0.54,0.22,0.22,0.4,18.3,87.0,0.0,0.0,0.26052544,7,20,5,0,,,,0.9648,0.0,0.0,0.0,0.0
0.22,0.22,0.22,0.22,18.3,90.0,0.0,0.0,0.25190103,7,21,5,0,,,,1.6185167,0.0,0.0,0.0,0.0
0.22,0.22,0.22,0.22,18.3,90.0,0.0,0.0,0.24075367,7,22,5,0,,,,2.7720666,0.0,0.0,0.0,0.0
0.22,0.22,0.22,0.22,18.3,90.0,0.0,0.0,0.23173718,7,23,5,0,,,,3.7454333,0.0,0.0,0.0,0.0
0.22,0.22,0.22,0.22,19.4,84.0,0.0,0.0,0.21096003,7,24,5,0,,,,3.3682415,0.0,0.0,0.0,0.0
0.22,0.22,0.22,0.22,18.3,90.0,0.0,0.0,0.20389237,7,1,6,0,,,,2.0807834,0.0,0.0,0.0,0.0
0.22,0.22,0.22,0.22,17.8,93.0,0.0,0.0,0.19299571,7,2,6,0,,,,0.34383333,0.0,0.0,0.0,0.0
0.22,0.22,0.22,0.22,17.2,93.0,0.0,0.0,0.18427706,7,3,6,0,,,,0.33556667,0.0,0.0,0.0,0.0
0.22,0.22,0.4,0.22,17.2,93.0,0.0,0.0,0.18263178,7,4,6,0,,,,1.4200333,0.0,0.0,0.0,0.0
0.22,0.22,0.4,0.22,17.2,93.0,0.0,0.0,0.1724602,7,5,6,0,,,,0.33401668,0.0,0.0,0.0,0.0
0.22,0.22,0.4,0.22,17.8,90.0,35.0,126.0,0.17243251,7,6,6,0,,,,0.32611668,0.0,0.0,0.0,4.7708335
0.22,0.22,0.4,0.22,18.9,84.0,200.0,369.0,0.16824788,7,7,6,0,,,,0.37515,0.0,0.0,0.0,26.983334
0.22,0.22,0.4,0.22,20.6,75.0,405.0,548.0,0.17891005,7,8,6,0,,,,0.25323334,0.0,0.0,0.0,115.316666
0.22,0.22,0.22,0.22,21.1,76.0,598.0,655.0,0.18627396,7,9,6,0,,,,0.24906667,0.0,0.0,0.0,266.02917
0.22,0.4,0.22,0.22,22.2,71.0,764.0,675.0,0.20498978,7,10,6,0,,,,0.25061667,0.0,0.0,0.0,410.37082
0.22,0.4,0.22,0.22,22.2,71.0,892.0,739.0,0.21256018,7,11,6,0,,,,0.25865,0.0,0.0,0.0,531.13336
0.22,0.4,0.22,0.22,22.8,71.0,952.0,743.0,0.21962272,7,12,6,0,,,,0.8258167,0.0,0.0,0.0,614.44165
0.22,0.4,0.22,0.22,23.3,69.0,941.0,705.0,0.22877651,7,13,6,0,,,,1.5168,0.0,0.0,0.0,661.32916
0.22,0.4,0.22,0.22,22.8,71.0,886.0,709.0,0.22678491,7,14,6,0,,,,1.8009833,0.0,0.0,0.0,668.9375
0.22,0.22,0.22,0.22,22.8,71.0,760.0,660.0,0.2298965,7,15,6,0,,,,2.5790834,0.0,0.0,0.0,633.6125
0.4,0.22,0.22,0.4,22.2,73.0,612.0,652.0,0.23117727,7,16,6,0,,,,2.7883334,0.0,0.0,0.0,556.05835
0.4,0.22,0.22,0.4,21.7,76.0,410.0,458.0,0.23039132,7,17,6,0,,,,2.8771167,0.0,0.0,0.0,433.30417
0.4,0.22,0.22,0.4,21.1,78.0,214.0,236.0,0.22531523,7,18,6,0,,,,1.6118166,0.0,0.0,0.0,264.39166
0.4,0.22,0.22,0.4,20.0,84.0,35.0,122.0,0.21619345,7,19,6,0,,,,1.90495,0.0,0.0,0.0,41.675
0.4,0.22,0.22,0.4,19.4,87.0,0.0,0.0,0.21287884,7,20,6,0,,,,1.23545,0.0,0.0,0.0,0.0
0.22,0.22,0.22,0.22,18.9,87.0,0.0,0.0,0.2100394,7,21,6,0,,,,1.7903666,0.0,0.0,0.0,0.0
0.22,0.22,0.22,0.22,18.9,87.0,0.0,0.0,0.21065578,7,22,6,0,,,,1.3898333,0.0,0.0,0.0,0.0
0.22,0.22,0.22,0.22,18.9,87.0,0.0,0.0,0.20639066,7,23,6,0,,,,2.9669666,0.0,0.0,0.0,0.0
0.22,0.22,0.22,0.22,18.9,93.0,0.0,0.0,0.19261706,7,24,6,0,,,,3.1039417,0.0,0.0,0.0,0.0
0.22,0.22,0.22,0.22,18.9,87.0,0.0,0.0,0.17942278,7,1,7,0,,,,0.86371666,0.0,0.0,0.0,0.0
0.22,0.22,0.22,0.22,18.9,90.0,0.0,0.0,0.1630395,7,2,7,0,,,,1.0955,0.0,0.0,0.0,0.0
0.22,0.22,0.22,0.22,18.9,90.0,0.0,0.0,0.16044866,7,3,7,0,,,,0.58881664,0.0,0.0,0.0,0.0
0.22,0.22,0.4,0.22,18.9,90.0,0.0,0.0,0.15778801,7,4,7,0,,,,0.24743333,0.0,0.0,0.0,0.0
0.22,0.22,0.4,0.22,18.9,90.0,0.0,0.0,0.15419053,7,5,7,0,,,,0.24703333,0.0,0.0,0.0,0.0
0.22,0.22,0.4,0.22,19.4,87.0,36.0,95.0,0.15493274,7,6,7,0,,,,1.3425833,0.0,0.0,0.0,7.491667
0.22,0.22,0.4,0.22,20.0,84.0,64.0,0.0,0.15103471,7,7,7,0,,,,0.24233334,0.0,0.0,0.0,30.483334
0.22,0.22,0.4,0.22,22.2,73.0,380.0,377.0,0.15759137,7,8,7,0,,,,1.6112833,0.0,0.0,0.0,114.129166
0.22,0.22,0.22,0.22,23.9,64.0,593.0,603.0,0.17111072,7,9,7,0,,,,1.618,0.0,0.0,0.0,256.35
0.22,0.4,0.22,0.22,24.4,69.0,747.0,610.0,0.18699427,7,10,7,0,,,,0.28253335,0.0,0.0,0.0,398.39166
0.22,0.4,0.22,0.22,24.4,69.0,892.0,727.0,0.19978495,7,11,7,0,,,,0.6925167,0.0,0.0,0.0,514.125
0.22,0.4,0.22,0.22,25.0,66.0,958.0,725.0,0.20892641,7,12,7,0,,,,0.38316667,0.0,0.0,0.0,603.67914
0.22,0.4,0.22,0.22,25.0,66.0,842.0,512.0,0.21364242,7,13,7,0,,,,3.5020332,0.0,0.0,0.0,652.2292
0.22,0.4,0.22,0.22,25.0,66.0,886.0,672.0,0.21351163,7,14,7,0,,,,1.2139833,0.0,0.0,0.0,650.875
0.22,0.22,0.22,0.22,24.4,69.0,767.0,691.0,0.21547969,7,15,7,0,,,,0.39388335,0.0,0.0,0.0,617.5292
0.4,0.22,0.22,0.54,23.3,74.0,598.0,609.0,0.2216005,7,16,7,0,,,,0.64735,0.0,0.0,0.0,515.2917
0.4,0.22,0.22,0.54,22.2,79.0,410.0,491.0,0.22013028,7,17,7,0,,,,2.1911833,0.0,0.0,0.0,409.69168
0.4,0.22,0.22,0.54,21.1,81.0,226.0,281.0,0.22261539,7,18,7,0,,,,1.9171,0.0,0.0,0.0,245.50417
0.4,0.22,0.22,0.54,20.0,87.0,36.0,143.0,0.21571255,7,19,7,0,,,,2.8015332,0.0,0.0,0.0,34.3375
0.4,0.22,0.22,0.54,20.0,87.0,0.0,0.0,0.2073846,7,20,7,0,,,,0.7849,0.0,0.0,0.0,0.0
0.22,0.22,0.22,0.22,20.0,87.0,0.0,0.0,0.20594756,7,21,7,0,,,,1.15005,0.0,0.0,0.0,0.0
0.22,0.22,0.22,0.22,20.0,87.0,0.0,0.0,0.19380271,7,22,7,0,,,,1.1816666,0.0,0.0,0.0,0.0
0.22,0.22,0.22,0.22,19.4,90.0,0.0,0.0,0.18840109,7,23,7,0,,,,3.3762167,0.0,0.0,0.0,0.0
0.22,0.22,0.22,0.22,18.3,87.0,0.0,0.0,0.1652359,7,24,7,0,,,,3.537275,0.0,0.0,0.0,0.0
0.22,0.22,0.22,0.22,18.0,100.0,0.0,0.0,0.15356141,7,1,1,0,,,,0.6404833,0.0,0.0,0.0,0.0
0.22,0.22,0.22,0.22,18.3,97.0,0.0,0.0,0.1538696,7,2,1,0,,,,1.8481,0.0,0.0,0.0,0.0
0.22,0.22,0.22,0.22,18.3,93.0,0.0,0.0,0.15359703,7,3,1,0,,,,0.40458333,0.0,0.0,0.0,0.0
0.22,0.22,0.54,0.22,18.3,93.0,0.0,0.0,0.15428184,7,4,1,0,,,,0.8007,0.0,0.0,0.0,0.0
0.22,0.22,0.54,0.22,18.3,93.0,0.0,0.0,0.15697235,7,5,1,0,,,,0.8567167,0.0,0.0,0.0,0.0
0.22,0.22,0.54,0.22,18.3,93.0,18.0,0.0,0.16067642,7,6,1,0,,,,0.32821667,0.0,0.0,0.0,17.783333
0.22,0.22,0.54,0.22,18.9,90.0,95.0,5.0,0.1638524,7,7,1,0,,,,0.32436666,0.0,0.0,0.0,59.716667
0.22,0.22,0.54,0.22,20.6,81.0,231.0,51.0,0.1723468,7,8,1,0,,,,0.24965,0.0,0.0,0.0,170.97084
0.22,0.22,0.22,0.22,20.6,81.0,425.0,181.0,0.18283483,7,9,1,0,,,,2.98745,0.0,0.0,0.0,199.74167
0.22,0.54,0.22,0.22,21.7,76.0,586.0,255.0,0.19018845,7,10,1,0,,,,3.5025833,0.0,0.0,0.0,141.37083
0.22,0.54,0.22,0.22,21.7,76.0,857.0,578.0,0.19156742,7,11,1,0,,,,1.4072334,0.0,0.0,0.0,129.44167
0.22,0.54,0.22,0.22,22.8,71.0,922.0,647.0,0.19364595,7,12,1,0,,,,1.4573667,0.0,0.0,0.0,125.629166
0.22,0.54,0.22,0.22,22.2,73.0,898.0,572.0,0.19154973,7,13,1,0,,,,2.9595666,0.0,0.0,0.0,347.92917
0.22,0.54,0.22,0.22,22.8,71.0,886.0,697.0,0.19248219,7,14,1,0,,,,1.8088833,0.0,0.0,0.0,479.34167
0.22,0.22,0.22,0.22,22.2,73.0,754.0,648.0,0.194569,7,15,1,0,,,,1.7504667,0.0,0.0,0.0,403.09583
0.54,0.22,0.22,0.54,21.7,76.0,599.0,609.0,0.1951313,7,16,1,0,,,,3.6831667,0.0,0.0,0.0,580.9708
0.54,0.22,0.22,0.54,21.1,76.0,403.0,446.0,0.19614956,7,17,1,0,,,,2.4500833,0.0,0.0,0.0,264.46667
0.54,0.22,0.22,0.54,20.0,84.0,205.0,185.0,0.19294481,7,18,1,0,,,,0.88268334,0.0,0.0,0.0,62.108334
0.54,0.22,0.22,0.54,19.4,87.0,31.0,93.0,0.1900991,7,19,1,0,,,,1.0277333,0.0,0.0,0.0,10.633333
0.54,0.22,0.22,0.54,18.9,87.0,0.0,0.0,0.19022337,7,20,1,0,,,,1.3086333,0.0,0.0,0.0,0.0
0.22,0.22,0.22,0.22,18.3,87.0,0.0,0.0,0.18777274,7,21,1,0,,,,0.79471666,0.0,0.0,0.0,0.0
0.22,0.22,0.22,0.22,18.3,87.0,0.0,0.0,0.18137828,7,22,1,0,,,,0.68516666,0.0,0.0,0.0,0.0
0.22,0.22,0.22,0.22,18.3,84.0,0.0,0.0,0.16137248,7,23,1,0,,,,0.62865,0.0,0.0,0.0,0.0
0.22,0.22,0.22,0.22,18.9,84.0,0.0,0.0,0.13578454,7,24,1,0,,,,1.0521916,0.0,0.0,0.0,0.0
0.22,0.22,0.22,0.22,18.3,87.0,0.0,0.0,0.1289169,7,1,2,0,,,,1.4148834,0.0,0.0,0.0,0.0
0.22,0.22,0.22,0.22,18.3,90.0,0.0,0.0,0.12906186,7,2,2,0,,,,0.41468334,0.0,0.0,0.0,0.0
0.22,0.22,0.22,0.22,17.8,93.0,0.0,0.0,0.12996915,7,3,2,0,,,,0.48896667,0.0,0.0,0.0,0.0
0.22,0.22,0.54,0.22,17.8,93.0,0.0,0.0,0.13009614,7,4,2,0,,,,0.32745,0.0,0.0,0.0,0.0
0.22,0.22,0.54,0.22,18.3,90.0,0.0,0.0,0.13015871,7,5,2,0,,,,0.32803333,0.0,0.0,0.0,0.0
0.22,0.22,0.54,0.22,17.8,93.0,29.0,70.0,0.13485777,7,6,2,0,,,,0.319,0.0,0.0,0.0,10.916667
0.22,0.22,0.54,0.22,18.9,87.0,135.0,80.0,0.14923096,7,7,2,0,,,,1.1574334,0.0,0.0,0.0,86.10833
0.22,0.22,0.54,0.22,21.1,78.0,293.0,171.0,0.1633449,7,8,2,0,,,,0.57378334,0.0,0.0,0.0,102.57917
0.22,0.22,0.22,0.22,22.2,73.0,577.0,562.0,0.17314811,7,9,2,0,,,,0.24538334,0.0,0.0,0.0,137.90834
0.22,0.54,0.22,0.22,22.2,73.0,758.0,651.0,0.17559284,7,10,2,0,,,,0.24605,0.0,0.0,0.0,311.2125
0.22,0.54,0.22,0.22,22.2,73.0,886.0,727.0,0.17895693,7,11,2,0,,,,0.25493333,0.0,0.0,0.0,446.7375
0.22,0.54,0.22,0.22,22.8,71.0,952.0,737.0,0.18229666,7,12,2,0,,,,0.26398334,0.0,0.0,0.0,528.99164
0.22,0.54,0.22,0.22,22.8,71.0,892.0,542.0,0.18476552,7,13,2,0,,,,0.52281666,0.0,0.0,0.0,675.8875
0.22,0.54,0.22,0.22,22.8,71.0,873.0,660.0,0.18620403,7,14,2,0,,,,0.59555,0.0,0.0,0.0,629.4042
0.22,0.22,0.22,0.22,22.2,71.0,760.0,679.0,0.18728785,7,15,2,0,,,,0.27231666,0.0,0.0,0.0,622.56665
0.54,0.22,0.22,0.54,22.8,66.0,606.0,640.0,0.18885124,7,16,2,0,,,,0.27363333,0.0,0.0,0.0,549.1458
0.54,0.22,0.22,0.54,22.2,68.0,412.0,504.0,0.18779764,7,17,2,0,,,,0.2679,0.0,0.0,0.0,251.35417
0.54,0.22,0.22,0.54,21.1,73.0,230.0,305.0,0.1799572,7,18,2,0,,,,1.3987833,0.0,0.0,0.0,243.00417
0.54,0.22,0.22,0.54,20.0,76.0,34.0,152.0,0.17572889,7,19,2,0,,,,0.3939,0.0,0.0,0.0,35.7
0.54,0.22,0.22,0.54,19.4,81.0,0.0,0.0,0.1754109,7,20,2,0,,,,0.46913335,0.0,0.0,0.0,0.0
0.22,0.22,0.22,0.22,19.4,79.0,0.0,0.0,0.16992664,7,21,2,0,,,,1.4967667,0.0,0.0,0.0,0.0
0.22,0.22,0.22,0.22,18.9,81.0,0.0,0.0,0.151488,7,22,2,0,,,,1.7648333,0.0,0.0,0.0,0.0
0.22,0.22,0.22,0.22,18.9,84.0,0.0,0.0,0.1387226,7,23,2,0,,,,3.5343,0.0,0.0,0.0,0.0
0.22,0.22,0.22,0.22,20.0,84.0,0.0,0.0,0.12541716,7,24,2,0,,,,1.8373834,0.0,0.0,0.0,0.0
0.22,0.22,0.22,0.22,18.9,90.0,0.0,0.0,0.11903484,7,1,3,0,,,,0.6362333,0.0,0.0,0.0,0.0
0.22,0.22,0.22,0.22,18.9,90.0,0.0,0.0,0.12220837,7,2,3,0,,,,1.7952,0.0,0.0,0.0,0.0
0.22,0.22,0.22,0.22,18.3,87.0,0.0,0.0,0.121335365,7,3,3,0,,,,0.7126667,0.0,0.0,0.0,0.0
0.22,0.22,0.54,0.22,18.9,87.0,0.0,0.0,0.120162025,7,4,3,0,,,,0.6341,0.0,0.0,0.0,0.0
0.22,0.22,0.54,0.22,17.8,87.0,0.0,0.0,0.12567073,7,5,3,0,,,,0.63553333,0.0,0.0,0.0,0.0
0.22,0.22,0.54,0.22,18.9,87.0,27.0,44.0,0.13603285,7,6,3,0,,,,0.70998335,0.0,0.0,0.0,6.1375
0.22,0.22,0.54,0.22,20.0,84.0,174.0,250.0,0.14343202,7,7,3,0,,,,1.7226334,0.0,0.0,0.0,28.558332
0.22,0.22,0.54,0.22,21.1,78.0,374.0,405.0,0.1611715,7,8,3,0,,,,0.7441667,0.0,0.0,0.0,107.7375
0.22,0.22,0.22,0.22,23.3,69.0,587.0,597.0,0.1665738,7,9,3,0,,,,0.45898333,0.0,0.0,0.0,250.72917
0.22,0.54,0.22,0.22,23.3,71.0,763.0,675.0,0.17228253,7,10,3,0,,,,2.4433832,0.0,0.0,0.0,393.1125
0.22,0.54,0.22,0.22,23.3,71.0,892.0,751.0,0.1824325,7,11,3,0,,,,2.6769667,0.0,0.0,0.0,513.2375
0.22,0.54,0.22,0.22,22.8,71.0,958.0,773.0,0.18699868,7,12,3,0,,,,0.94848335,0.0,0.0,0.0,604.87915
0.22,0.54,0.22,0.22,22.8,71.0,953.0,759.0,0.19187082,7,13,3,0,,,,2.61405,0.0,0.0,0.0,653.94586
0.22,0.54,0.22,0.22,23.3,69.0,886.0,709.0,0.19551043,7,14,3,0,,,,1.4198166,0.0,0.0,0.0,669.4167
0.22,0.22,0.22,0.22,23.3,71.0,754.0,654.0,0.19533971,7,15,3,0,,,,3.3084834,0.0,0.0,0.0,641.49164
0.54,0.22,0.22,0.54,23.3,74.0,606.0,653.0,0.19614445,7,16,3,0,,,,0.34325,0.0,0.0,0.0,562.07086
0.54,0.22,0.22,0.54,21.7,79.0,404.0,459.0,0.19801253,7,17,3,0,,,,0.47801667,0.0,0.0,0.0,442.825
0.54,0.22,0.22,0.54,21.1,78.0,208.0,202.0,0.19533877,7,18,3,0,,,,0.47456667,0.0,0.0,0.0,273.55
0.54,0.22,0.22,0.54,20.0,84.0,30.0,99.0,0.18561013,7,19,3,0,,,,1.603,0.0,0.0,0.0,36.729168
0.54,0.22,0.22,0.54,20.0,78.0,0.0,0.0,0.17998563,7,20,3,0,,,,0.66646665,0.0,0.0,0.0,0.0
0.22,0.22,0.22,0.22,20.0,78.0,0.0,0.0,0.17569701,7,21,3,0,,,,1.1660334,0.0,0.0,0.0,0.0
0.22,0.22,0.22,0.22,20.0,81.0,0.0,0.0,0.1618508,7,22,3,0,,,,2.30715,0.0,0.0,0.0,0.0
0.22,0.22,0.22,0.22,20.0,84.0,0.0,0.0,0.15463534,7,23,3,0,,,,3.65025,0.0,0.0,0.0,0.0
0.22,0.22,0.22,0.22,18.9,90.0,0.0,0.0,0.13113284,7,24,3,0,,,,3.7203834,0.0,0.0,0.0,0.0
0.22,0.22,0.22,0.22,20.0,87.0,0.0,0.0,0.1205354,7,1,4,0,,,,0.67945,0.0,0.0,0.0,0.0
0.22,0.22,0.22,0.22,19.4,90.0,0.0,0.0,0.11950938,7,2,4,0,,,,2.0,0.0,0.0,0.0,0.0
0.22,0.22,0.22,0.22,18.9,90.0,0.0,0.0,0.11960297,7,3,4,0,,,,0.51893336,0.0,0.0,0.0,0.0
0.22,0.22,0.54,0.22,19.4,90.0,0.0,0.0,0.120530546,7,4,4,0,,,,0.5137333,0.0,0.0,0.0,0.0
0.22,0.22,0.54,0.22,19.0,88.0,0.0,0.0,0.1201812,7,5,4,0,,,,0.5238,0.0,0.0,0.0,0.0
0.22,0.22,0.54,0.22,19.4,90.0,13.0,0.0,0.133065,7,6,4,0,,,,0.5292,0.0,0.0,0.0,2.7333333
0.22,0.22,0.54,0.22,20.6,84.0,90.0,0.0,0.14820018,7,7,4,0,,,,0.47375,0.0,0.0,0.0,24.5625
0.22,0.22,0.54,0.22,21.1,81.0,196.0,17.0,0.16369905,7,8,4,0,,,,1.4502833,0.0,0.0,0.0,110.566666
0.22,0.22,0.22,0.22,21.7,76.0,267.0,18.0,0.17529486,7,9,4,0,,,,1.01515,0.0,0.0,0.0,269.74582
0.22,0.54,0.22,0.22,21.7,76.0,464.0,112.0,0.1875232,7,10,4,0,,,,1.8546833,0.0,0.0,0.0,390.49582
0.22,0.54,0.22,0.22,22.8,73.0,696.0,328.0,0.19392678,7,11,4,0,,,,2.2545,0.0,0.0,0.0,529.13336
0.22,0.54,0.22,0.22,22.8,73.0,905.0,557.0,0.19235888,7,12,4,0,,,,3.9027166,0.0,0.0,0.0,601.725
0.22,0.54,0.22,0.22,23.3,71.0,960.0,759.0,0.19552706,7,13,4,0,,,,4.2852335,0.0,0.0,0.0,661.95
0.22,0.54,0.22,0.22,22.8,73.0,887.0,709.0,0.2048016,7,14,4,0,,,,4.0534334,0.0,0.0,0.0,644.82086
0.22,0.22,0.22,0.22,23.3,71.0,754.0,630.0,0.20643744,7,15,4,0,,,,1.2967167,0.0,0.0,0.0,424.48334
0.54,0.22,0.22,0.54,22.8,73.0,557.0,448.0,0.20658237,7,16,4,0,,,,0.44056666,0.0,0.0,0.0,500.93332
0.54,0.22,0.22,0.54,22.8,71.0,365.0,337.0,0.20659164,7,17,4,0,,,,0.42345,0.0,0.0,0.0,348.95416
0.54,0.22,0.22,0.54,21.1,81.0,210.0,202.0,0.20241885,7,18,4,0,,,,0.88568336,0.0,0.0,0.0,300.04584
0.54,0.22,0.22,0.54,20.0,84.0,29.0,98.0,0.19555181,7,19,4,0,,,,1.3565834,0.0,0.0,0.0,40.895832
0.54,0.22,0.22,0.54,20.0,78.0,0.0,0.0,0.18994254,7,20,4,0,,,,0.69015,0.0,0.0,0.0,0.0
0.22,0.22,0.22,0.22,20.0,76.0,0.0,0.0,0.18975793,7,21,4,0,,,,1.6127833,0.0,0.0,0.0,0.0
0.22,0.22,0.22,0.22,20.0,78.0,0.0,0.0,0.18088013,7,22,4,0,,,,0.6279,0.0,0.0,0.0,0.0
0.22,0.22,0.22,0.22,19.4,87.0,0.0,0.0,0.174369,7,23,4,0,,,,1.0085167,0.0,0.0,0.0,0.0
0.22,0.22,0.22,0.22,19.4,79.0,0.0,0.0,0.14257902,7,24,4,0,,,,3.0530918,0.0,0.0,0.0,0.0
0.22,0.22,0.22,0.22,18.9,87.0,0.0,0.0,0.12914056,7,1,5,0,,,,3.44815,0.0,0.0,0.0,0.0
0.22,0.22,0.22,0.22,18.9,87.0,0.0,0.0,0.12554954,7,2,5,0,,,,0.5623,0.0,0.0,0.0,0.0
0.22,0.22,0.22,0.22,18.9,87.0,0.0,0.0,0.12081059,7,3,5,0,,,,0.5581,0.0,0.0,0.0,0.0
0.22,0.22,0.54,0.22,18.9,90.0,0.0,0.0,0.12216666,7,4,5,0,,,,0.55685,0.0,0.0,0.0,0.0
0.22,0.22,0.54,0.22,18.9,90.0,0.0,0.0,0.12765221,7,5,5,0,,,,0.55558336,0.0,0.0,0.0,0.0
0.22,0.22,0.54,0.22,19.4,90.0,29.0,118.0,0.13693415,7,6,5,0,,,,0.5438667,0.0,0.0,0.0,0.6375
0.22,0.22,0.54,0.22,20.6,84.0,196.0,403.0,0.15240821,7,7,5,0,,,,1.7631667,0.0,0.0,0.0,22.4375
0.22,0.22,0.54,0.22,21.1,81.0,392.0,553.0,0.17369144,7,8,5,0,,,,0.25001666,0.0,0.0,0.0,105.0875
0.22,0.22,0.22,0.22,22.8,73.0,586.0,637.0,0.18465604,7,9,5,0,,,,2.5277,0.0,0.0,0.0,255.4375
0.22,0.54,0.22,0.22,22.8,73.0,757.0,663.0,0.2026987,7,10,5,0,,,,3.44185,0.0,0.0,0.0,402.55832
0.22,0.54,0.22,0.22,22.8,73.0,886.0,739.0,0.21036813,7,11,5,0,,,,3.80425,0.0,0.0,0.0,526.62915
0.22,0.54,0.22,0.22,22.8,71.0,958.0,779.0,0.21707574,7,12,5,0,,,,3.8967166,0.0,0.0,0.0,615.8
0.22,0.54,0.22,0.22,22.8,71.0,953.0,765.0,0.21559793,7,13,5,0,,,,4.11905,0.0,0.0,0.0,665.6625
0.22,0.54,0.22,0.22,22.8,71.0,887.0,715.0,0.21749732,7,14,5,0,,,,3.9094,0.0,0.0,0.0,685.8
0.22,0.22,0.22,0.22,22.8,68.0,761.0,691.0,0.21794061,7,15,5,0,,,,1.2244834,0.0,0.0,0.0,658.8125
0.54,0.22,0.22,0.4,22.2,71.0,607.0,659.0,0.21738094,7,16,5,0,,,,0.49763334,0.0,0.0,0.0,581.00415
0.54,0.22,0.22,0.4,21.7,73.0,406.0,440.0,0.21543209,7,17,5,0,,,,0.41995,0.0,0.0,0.0,453.825
0.54,0.22,0.22,0.4,20.0,81.0,141.0,38.0,0.21290568,7,18,5,0,,,,0.41558334,0.0,0.0,0.0,285.93332
0.54,0.22,0.22,0.4,19.4,81.0,19.0,18.0,0.20299955,7,19,5,0,,,,0.3912,0.0,0.0,0.0,38.1625
0.54,0.22,0.22,0.4,19.4,81.0,0.0,0.0,0.19526815,7,20,5,0,,,,0.64835,0.0,0.0,0.0,0.0
0.22,0.22,0.22,0.22,18.9,84.0,0.0,0.0,0.19364505,7,21,5,0,,,,0.5779167,0.0,0.0,0.0,0.0
0.22,0.22,0.22,0.22,18.9,87.0,0.0,0.0,0.17609996,7,22,5,0,,,,0.3203,0.0,0.0,0.0,0.0
0.22,0.22,0.22,0.22,19.4,84.0,0.0,0.0,0.1557242,7,23,5,0,,,,0.6544833,0.0,0.0,0.0,0.0
0.22,0.22,0.22,0.22,17.8,90.0,0.0,0.0,0.14495125,7,24,5,0,,,,3.9576666,0.0,0.0,0.0,0.0
0.22,0.22,0.22,0.22,18.9,84.0,0.0,0.0,0.15521802,7,1,6,0,,,,3.58945,0.0,0.0,0.0,0.0
0.22,0.22,0.22,0.22,18.9,87.0,0.0,0.0,0.14969575,7,2,6,0,,,,1.0437,0.0,0.0,0.0,0.0
0.22,0.22,0.22,0.22,18.3,90.0,0.0,0.0,0.14050649,7,3,6,0,,,,0.77718335,0.0,0.0,0.0,0.0
0.22,0.22,0.4,0.22,18.3,90.0,0.0,0.0,0.12671968,7,4,6,0,,,,1.3820833,0.0,0.0,0.0,0.0
0.22,0.22,0.4,0.22,18.3,90.0,0.0,0.0,0.12691297,7,5,6,0,,,,0.72036666,0.0,0.0,0.0,0.0
0.22,0.22,0.4,0.22,18.3,90.0,9.0,0.0,0.12643032,7,6,6,0,,,,0.2475,0.0,0.0,0.0,2.4791667
0.22,0.22,0.4,0.22,19.4,84.0,90.0,5.0,0.14539742,7,7,6,0,,,,0.53795,0.0,0.0,0.0,22.325
0.22,0.22,0.4,0.22,20.6,78.0,272.0,131.0,0.14496677,7,8,6,0,,,,1.7297666,0.0,0.0,0.0,103.32917
0.22,0.22,0.22,0.22,21.7,73.0,581.0,567.0,0.15764832,7,9,6,0,,,,0.29553333,0.0,0.0,0.0,250.42917
0.22,0.4,0.22,0.22,21.7,76.0,762.0,698.0,0.16359596,7,10,6,0,,,,0.25756666,0.0,0.0,0.0,396.8625
0.22,0.4,0.22,0.22,21.7,73.0,874.0,703.0,0.16288729,7,11,6,0,,,,0.4258,0.0,0.0,0.0,520.92914
0.22,0.4,0.22,0.22,21.1,76.0,916.0,593.0,0.16310711,7,12,6,0,,,,0.77171665,0.0,0.0,0.0,610.8125
0.22,0.4,0.22,0.22,22.2,71.0,757.0,319.0,0.16554257,7,13,6,0,,,,0.25076666,0.0,0.0,0.0,654.9667
0.22,0.4,0.22,0.22,21.1,76.0,313.0,18.0,0.17082685,7,14,6,0,,,,1.2711,0.0,0.0,0.0,665.17084
0.22,0.22,0.22,0.22,21.1,76.0,327.0,18.0,0.17056754,7,15,6,0,,,,3.42655,0.0,0.0,0.0,638.87085
0.4,0.22,0.22,0.4,21.7,73.0,393.0,112.0,0.17066003,7,16,6,0,,,,3.56065,0.0,0.0,0.0,561.925
0.4,0.22,0.22,0.4,21.1,76.0,382.0,337.0,0.17467882,7,17,6,0,,,,1.8422166,0.0,0.0,0.0,429.625
0.4,0.22,0.22,0.4,20.0,81.0,107.0,0.0,0.17941523,7,18,6,0,,,,1.6811334,0.0,0.0,0.0,259.50833
0.4,0.22,0.22,0.4,18.9,84.0,14.0,0.0,0.17928456,7,19,6,0,,,,1.2733333,0.0,0.0,0.0,32.525
0.4,0.22,0.22,0.4,18.3,90.0,0.0,0.0,0.17830084,7,20,6,0,,,,0.87408334,0.0,0.0,0.0,0.0
0.22,0.22,0.22,0.22,18.3,90.0,0.0,0.0,0.16978364,7,21,6,0,,,,0.95195,0.0,0.0,0.0,0.0
0.22,0.22,0.22,0.22,18.3,90.0,0.0,0.0,0.15154009,7,22,6,0,,,,1.3001333,0.0,0.0,0.0,0.0
0.22,0.22,0.22,0.22,18.3,90.0,0.0,0.0,0.1382403,7,23,6,0,,,,1.34435,0.0,0.0,0.0,0.0
0.22,0.22,0.22,0.22,18.9,90.0,0.0,0.0,0.13087854,7,24,6,0,,,,1.9493834,0.0,0.0,0.0,0.0
0.22,0.22,0.22,0.22,17.8,90.0,0.0,0.0,0.119898245,7,1,7,0,,,,3.09075,0.0,0.0,0.0,0.0
0.22,0.22,0.22,0.22,17.8,93.0,0.0,0.0,0.11590888,7,2,7,0,,,,0.45638335,0.0,0.0,0.0,0.0
0.22,0.22,0.22,0.22,18.3,90.0,0.0,0.0,0.11514161,7,3,7,0,,,,1.3775,0.0,0.0,0.0,0.0
0.22,0.22,0.4,0.22,18.3,90.0,0.0,0.0,0.11667206,7,4,7,0,,,,0.36233333,0.0,0.0,0.0,0.0
0.22,0.22,0.4,0.22,18.3,90.0,0.0,0.0,0.11667735,7,5,7,0,,,,0.3447,0.0,0.0,0.0,0.0
0.22,0.22,0.4,0.22,18.3,93.0,11.0,0.0,0.11789011,7,6,7,0,,,,0.33291668,0.0,0.0,0.0,4.1375
0.22,0.22,0.4,0.22,19.0,88.0,66.0,0.0,0.11912097,7,7,7,0,,,,0.33991668,0.0,0.0,0.0,31.391666
0.22,0.22,0.4,0.22,20.0,84.0,291.0,171.0,0.12306328,7,8,7,0,,,,0.68445,0.0,0.0,0.0,108.1
0.22,0.22,0.22,0.22,21.1,78.0,565.0,538.0,0.12957896,7,9,7,0,,,,0.36791667,0.0,0.0,0.0,242.7375
0.22,0.4,0.22,0.22,22.8,71.0,746.0,633.0,0.13954845,7,10,7,0,,,,0.3808,0.0,0.0,0.0,385.25418
0.22,0.4,0.22,0.22,24.4,67.0,857.0,644.0,0.15091008,7,11,7,0,,,,0.45363334,0.0,0.0,0.0,502.01666
0.22,0.4,0.22,0.22,23.3,71.0,934.0,707.0,0.15852854,7,12,7,0,,,,0.50275,0.0,0.0,0.0,587.19586
0.22,0.4,0.22,0.22,23.3,71.0,929.0,675.0,0.16725336,7,13,7,0,,,,1.68655,0.0,0.0,0.0,634.98334
0.22,0.4,0.22,0.22,22.8,73.0,842.0,594.0,0.16975051,7,14,7,0,,,,2.4396,0.0,0.0,0.0,640.63336
0.22,0.22,0.22,0.22,22.2,76.0,735.0,618.0,0.17228627,7,15,7,0,,,,3.8095667,0.0,0.0,0.0,605.7833
0.4,0.22,0.22,0.54,21.7,76.0,530.0,373.0,0.17633887,7,16,7,0,,,,2.80375,0.0,0.0,0.0,533.9583
0.4,0.22,0.22,0.54,20.6,81.0,261.0,84.0,0.18762374,7,17,7,0,,,,1.59395,0.0,0.0,0.0,414.7125
0.4,0.22,0.22,0.54,20.0,84.0,156.0,61.0,0.1981944,7,18,7,0,,,,1.67605,0.0,0.0,0.0,238.55833
0.4,0.22,0.22,0.54,18.9,90.0,19.0,28.0,0.19513983,7,19,7,0,,,,1.1065,0.0,0.0,0.0,25.695833
0.4,0.22,0.22,0.54,18.3,90.0,0.0,0.0,0.18619229,7,20,7,0,,,,0.9972,0.0,0.0,0.0,0.0
0.22,0.22,0.22,0.22,18.9,87.0,0.0,0.0,0.18655667,7,21,7,0,,,,1.1603167,0.0,0.0,0.0,0.0
0.22,0.22,0.22,0.22,19.4,84.0,0.0,0.0,0.16877209,7,22,7,0,,,,1.1679667,0.0,0.0,0.0,0.0
0.22,0.22,0.22,0.22,18.9,90.0,0.0,0.0,0.15346804,7,23,7,0,,,,2.8822668,0.0,0.0,0.0,0.0
0.22,0.22,0.22,0.22,20.5,76.0,0.0,0.0,0.14807098,7,24,7,0,,,,2.2897584,0.0,0.0,0.0,0.0
0.22,0.22,0.22,0.22,19.4,87.0,0.0,0.0,0.14156097,7,1,1,0,,,,0.5151167,0.0,0.0,0.0,0.0
0.22,0.22,0.22,0.22,19.4,87.0,0.0,0.0,0.14244436,7,2,1,0,,,,0.75325,0.0,0.0,0.0,0.0
0.22,0.22,0.22,0.22,19.4,84.0,0.0,0.0,0.14270902,7,3,1,0,,,,0.77671665,0.0,0.0,0.0,0.0
0.22,0.22,0.54,0.22,18.9,87.0,0.0,0.0,0.1419192,7,4,1,0,,,,1.8952,0.0,0.0,0.0,0.0
0.22,0.22,0.54,0.22,19.4,87.0,0.0,0.0,0.14690556,7,5,1,0,,,,0.35038334,0.0,0.0,0.0,0.0
0.22,0.22,0.54,0.22,19.4,87.0,12.0,0.0,0.15447491,7,6,1,0,,,,0.34306666,0.0,0.0,0.0,5.954167
0.22,0.22,0.54,0.22,20.0,84.0,124.0,74.0,0.15882933,7,7,1,0,,,,0.3449,0.0,0.0,0.0,30.554167
0.22,0.22,0.54,0.22,20.6,81.0,110.0,0.0,0.1702604,7,8,1,0,,,,0.7514667,0.0,0.0,0.0,101.75
0.22,0.22,0.22,0.22,21.1,78.0,204.0,12.0,0.17689899,7,9,1,0,,,,2.3628666,0.0,0.0,0.0,236.10834
0.22,0.54,0.22,0.22,23.3,69.0,712.0,509.0,0.1879058,7,10,1,0,,,,2.38885,0.0,0.0,0.0,374.26666
0.22,0.54,0.22,0.22,26.7,56.0,845.0,602.0,0.19885977,7,11,1,0,,,,0.60165,0.0,0.0,0.0,491.69168
0.22,0.54,0.22,0.22,26.7,58.0,922.0,659.0,0.2040798,7,12,1,0,,,,3.2563334,0.0,0.0,0.0,552.8333
0.22,0.54,0.22,0.22,26.1,60.0,892.0,584.0,0.21217331,7,13,1,0,,,,1.2149833,0.0,0.0,0.0,634.7708
0.22,0.54,0.22,0.22,23.9,69.0,836.0,582.0,0.21952793,7,14,1,0,,,,3.50065,0.0,0.0,0.0,639.13336
0.22,0.22,0.22,0.22,23.9,69.0,702.0,557.0,0.22006962,7,15,1,0,,,,3.5066333,0.0,0.0,0.0,605.6667
0.54,0.22,0.22,0.54,23.3,71.0,602.0,591.0,0.22514412,7,16,1,0,,,,0.8415,0.0,0.0,0.0,538.10834
0.54,0.22,0.22,0.54,21.7,79.0,400.0,474.0,0.22837299,7,17,1,0,,,,0.43466666,0.0,0.0,0.0,385.27917
0.54,0.22,0.22,0.54,21.1,81.0,218.0,289.0,0.22573857,7,18,1,0,,,,0.43118334,0.0,0.0,0.0,205.42084
0.54,0.22,0.22,0.54,20.6,84.0,26.0,130.0,0.22255282,7,19,1,0,,,,1.6049666,0.0,0.0,0.0,25.570833
0.54,0.22,0.22,0.54,21.1,81.0,0.0,0.0,0.21609376,7,20,1,0,,,,0.8031333,0.0,0.0,0.0,0.0
0.22,0.22,0.22,0.22,21.7,79.0,0.0,0.0,0.21550086,7,21,1,0,,,,2.1946332,0.0,0.0,0.0,0.0
0.22,0.22,0.22,0.22,21.3,76.0,0.0,0.0,0.20231467,7,22,1,0,,,,1.4563333,0.0,0.0,0.0,0.0
0.22,0.22,0.22,0.22,20.9,76.0,0.0,0.0,0.18330996,7,23,1,0,,,,3.31095,0.0,0.0,0.0,0.0
